{"timestamp": "2026-05-09T21:01:14.259600", "event": "message_added", "data": {"project_id": "3e69cbeb-be2d-49ce-9ba2-592c3c3cc013", "conversation_id": "b39a7732-577f-4cfd-8a3e-95969a3ad120", "message_id": "f25eece5-9b24-428f-8035-d0563ae0c42b", "role": "user", "content": "Hello, world!", "metadata": {}}}
{"timestamp": "2026-05-09T21:01:14.266681", "event": "message_added", "data": {"project_id": "364241d0-3b9e-47cd-9107-806e6104a0b8", "conversation_id": "48147db9-5c37-42b1-9bd3-2f1557eda7e9", "message_id": "7ef6c76f-d916-474c-a937-02e97029b3c3", "role": "user", "content": "Message 1", "metadata": {}}}
{"timestamp": "2026-05-09T21:01:14.268047", "event": "message_added", "data": {"project_id": "364241d0-3b9e-47cd-9107-806e6104a0b8", "conversation_id": "48147db9-5c37-42b1-9bd3-2f1557eda7e9", "message_id": "415e8d19-c543-4bec-9d90-3f373b4b61df", "role": "assistant", "content": "Response 1", "metadata": {}}}
{"timestamp": "2026-05-09T21:01:14.275737", "event": "message_added", "data": {"project_id": "e34d1fcc-26cf-4766-8482-7c41b968e4f2", "conversation_id": "da6a723e-1eb5-4aaa-8c4c-3921424bd846", "message_id": "01553998-23d9-4002-b0e5-5578248ab711", "role": "user", "content": "这是一个重要的消息，记住目标", "metadata": {}}}
{"timestamp": "2026-05-09T21:01:14.291222", "event": "message_added", "data": {"project_id": "099c51f1-db63-4634-bbe2-2dfaf5bf6b19", "conversation_id": "904450f6-b959-43fa-9bd6-6690814aa815", "message_id": "e78cfa2b-9c5e-40cd-9c56-9ca708349612", "role": "user", "content": "Hello", "metadata": {}}}
{"timestamp": "2026-05-09T21:01:14.292901", "event": "context_built", "data": {"project": "上下文测试"}}
{"timestamp": "2026-05-09T21:01:47.079870", "event": "message_added", "data": {"project_id": "8c8b9544-59e8-4d58-b4ab-64f994d89879", "conversation_id": "a6fe6282-df6d-47e6-93f5-e0ac5fabaeec", "message_id": "86f422ed-612a-4671-9bd2-c3daa1ed60e8", "role": "user", "content": "Hello, world!", "metadata": {}}}
{"timestamp": "2026-05-09T21:01:47.087020", "event": "message_added", "data": {"project_id": "88d69b4b-2e8b-42d1-ad86-78c996838f83", "conversation_id": "62cad366-ec8e-4aac-8a38-534e77df7f02", "message_id": "e620f477-24d6-46d4-987b-16df0db38c83", "role": "user", "content": "Message 1", "metadata": {}}}
{"timestamp": "2026-05-09T21:01:47.089552", "event": "message_added", "data": {"project_id": "88d69b4b-2e8b-42d1-ad86-78c996838f83", "conversation_id": "62cad366-ec8e-4aac-8a38-534e77df7f02", "message_id": "327ec4f6-b76e-4a5f-a6c6-a2de65459593", "role": "assistant", "content": "Response 1", "metadata": {}}}
{"timestamp": "2026-05-09T21:01:47.098029", "event": "message_added", "data": {"project_id": "2fa17a16-81d0-4ac2-a5e0-d8503166b217", "conversation_id": "b2c991e2-aebe-4a1d-bd6c-df31ba935506", "message_id": "7e594e76-9403-4084-bf55-27284ea3cfec", "role": "user", "content": "这是一个重要的消息，记住目标", "metadata": {}}}
{"timestamp": "2026-05-09T21:01:47.118588", "event": "message_added", "data": {"project_id": "8de7d3df-154c-4f05-8804-c12eb74df73f", "conversation_id": "410e1e28-0c1a-451f-ad3b-22848c543202", "message_id": "575aa8fc-2bf7-4095-b479-352a83ffdac2", "role": "user", "content": "Hello", "metadata": {}}}
{"timestamp": "2026-05-09T21:01:47.120888", "event": "context_built", "data": {"project": "上下文测试"}}
{"timestamp": "2026-05-09T21:03:14.413072", "event": "message_added", "data": {"project_id": "67cde6de-981c-4fe6-93ee-c7f649aa1edf", "conversation_id": "3586e2b8-0a79-4561-92f8-6712e59a4e23", "message_id": "72b29e2f-ed99-4599-a35c-a5f80b6f4951", "role": "user", "content": "Hello, world!", "metadata": {}}}
{"timestamp": "2026-05-09T21:03:14.423314", "event": "message_added", "data": {"project_id": "3eaec727-4659-4f8d-85ba-fe8d3e83e865", "conversation_id": "b74395e4-5456-4682-bf16-00a910f2ad73", "message_id": "bf6c80bb-e451-4419-98cf-04bbfc29dc12", "role": "user", "content": "Message 1", "metadata": {}}}
{"timestamp": "2026-05-09T21:03:14.424864", "event": "message_added", "data": {"project_id": "3eaec727-4659-4f8d-85ba-fe8d3e83e865", "conversation_id": "b74395e4-5456-4682-bf16-00a910f2ad73", "message_id": "77e136f9-4e64-4e56-8293-9b2dd92d6da4", "role": "assistant", "content": "Response 1", "metadata": {}}}
{"timestamp": "2026-05-09T21:03:14.438787", "event": "message_added", "data": {"project_id": "9bfe09a0-6a5e-45fe-a76d-48b1df75ea55", "conversation_id": "3acfa22d-1b4f-4b32-a7f3-03858ec00ea8", "message_id": "19adb03c-a1c8-482f-a9e4-271e8aebf857", "role": "user", "content": "这是一个重要的消息，记住目标", "metadata": {}}}
{"timestamp": "2026-05-09T21:03:14.466183", "event": "message_added", "data": {"project_id": "262c3dda-282d-44ac-bcd1-8a3adb82a22c", "conversation_id": "9603f473-9653-4e9c-ad6b-af58780897f8", "message_id": "b541b16d-d219-43b6-830e-f14bf6ac2437", "role": "user", "content": "Hello", "metadata": {}}}
{"timestamp": "2026-05-09T21:03:14.469278", "event": "context_built", "data": {"project": "上下文测试"}}
{"timestamp": "2026-05-09T21:03:55.372537", "event": "message_added", "data": {"project_id": "5464502b-815c-4fc8-8fa7-fc0fd2572aa1", "conversation_id": "6b22f588-bafb-4e29-992a-da278d5e77b9", "message_id": "3df5e8fe-6d5f-487a-9bfd-a6cfaecd2801", "role": "user", "content": "Hello, world!", "metadata": {}}}
{"timestamp": "2026-05-09T21:03:55.380734", "event": "message_added", "data": {"project_id": "670805da-cfde-4b12-997f-56505d955947", "conversation_id": "cb95415c-13b6-4244-b311-ef382c57627c", "message_id": "71fc305d-0c6e-450d-8748-1407ca88693a", "role": "user", "content": "Message 1", "metadata": {}}}
{"timestamp": "2026-05-09T21:03:55.381933", "event": "message_added", "data": {"project_id": "670805da-cfde-4b12-997f-56505d955947", "conversation_id": "cb95415c-13b6-4244-b311-ef382c57627c", "message_id": "41fb57b7-e49a-4cab-a5e2-ab72427a9db5", "role": "assistant", "content": "Response 1", "metadata": {}}}
{"timestamp": "2026-05-09T21:03:55.392338", "event": "message_added", "data": {"project_id": "f3ace738-2d4b-4e87-b558-3fda764be9a2", "conversation_id": "ae4077e0-47df-4981-beb1-427945252158", "message_id": "4dcf41e8-3d8c-470d-81b0-0e4b46c49124", "role": "user", "content": "这是一个重要的消息，记住目标", "metadata": {}}}
{"timestamp": "2026-05-09T21:03:55.417115", "event": "message_added", "data": {"project_id": "e994d713-969c-4ba7-b540-36e2b8e007b0", "conversation_id": "436deb37-3bfd-4373-b723-b0871409cf4b", "message_id": "d85817f6-6d14-4fe4-91ea-8e93eeb6747f", "role": "user", "content": "Hello", "metadata": {}}}
{"timestamp": "2026-05-09T21:03:55.419692", "event": "context_built", "data": {"project": "上下文测试"}}
{"timestamp": "2026-05-09T21:19:20.217473", "event": "message_added", "data": {"project_id": "1f16effa-bb00-47bd-aff1-11daaa972bdb", "conversation_id": "64392f8b-0b2d-44e3-9fea-e6cbb4640d68", "message_id": "d50ae238-0e59-4ab5-bbed-082f219358b8", "role": "user", "content": "Hello, world!", "metadata": {}}}
{"timestamp": "2026-05-09T21:19:20.229515", "event": "message_added", "data": {"project_id": "6cca6e7d-774e-438f-ae86-213f5c948653", "conversation_id": "ea826f34-7169-46de-b422-30176556e663", "message_id": "1261719f-55d9-4cf6-9ea6-a50e7f1510d4", "role": "user", "content": "Message 1", "metadata": {}}}
{"timestamp": "2026-05-09T21:19:20.231989", "event": "message_added", "data": {"project_id": "6cca6e7d-774e-438f-ae86-213f5c948653", "conversation_id": "ea826f34-7169-46de-b422-30176556e663", "message_id": "9119a296-e422-4dea-b01e-0f32acaecc23", "role": "assistant", "content": "Response 1", "metadata": {}}}
{"timestamp": "2026-05-09T21:19:20.253260", "event": "message_added", "data": {"project_id": "ca024404-a246-4fe9-9290-d71157c97bbf", "conversation_id": "5d32805e-9127-43b2-a072-d6b2f6956eae", "message_id": "777e468a-e667-4a5a-85c2-0e1bd925c28a", "role": "user", "content": "这是一个重要的消息，记住目标", "metadata": {}}}
{"timestamp": "2026-05-09T21:19:20.285506", "event": "message_added", "data": {"project_id": "38da2471-a149-419a-8e5b-0b62518d83ce", "conversation_id": "e3c51c62-ee6d-408d-81f8-75e02452905f", "message_id": "8c7ce0d4-94bf-48ca-94f8-6f68e76b76e8", "role": "user", "content": "Hello", "metadata": {}}}
{"timestamp": "2026-05-09T21:19:20.288632", "event": "context_built", "data": {"project": "上下文测试"}}
{"timestamp": "2026-05-09T21:55:45.946209", "event": "message_added", "data": {"project_id": "17d3e767-93db-4a03-832c-361e163251bd", "conversation_id": "8e1ca422-721e-477c-a733-8862645b6f3c", "message_id": "08fa5e20-5e0a-430c-818b-864f557be9ce", "role": "user", "content": "Hello, world!", "metadata": {}}}
{"timestamp": "2026-05-09T21:55:45.958826", "event": "message_added", "data": {"project_id": "edf0df2d-b4b5-45f7-9e99-8eb104698cf2", "conversation_id": "42d420c0-576c-4a17-b231-b19e09aead93", "message_id": "2bdf3f14-8f47-4e2a-9a24-3856a51e53b6", "role": "user", "content": "Message 1", "metadata": {}}}
{"timestamp": "2026-05-09T21:55:45.961641", "event": "message_added", "data": {"project_id": "edf0df2d-b4b5-45f7-9e99-8eb104698cf2", "conversation_id": "42d420c0-576c-4a17-b231-b19e09aead93", "message_id": "a854e694-716c-4803-8c9a-02a311f061cd", "role": "assistant", "content": "Response 1", "metadata": {}}}
{"timestamp": "2026-05-09T21:55:45.983426", "event": "message_added", "data": {"project_id": "30545873-de45-4002-a332-2648b1065b66", "conversation_id": "b9480c08-366c-42a6-88be-266ba8476c4b", "message_id": "54c696d6-137e-47c5-916e-c7b9b72ed986", "role": "user", "content": "这是一个重要的消息，记住目标", "metadata": {}}}
{"timestamp": "2026-05-09T21:55:46.015799", "event": "message_added", "data": {"project_id": "3f7c80d4-87a9-43d5-9595-5352d7b56443", "conversation_id": "17cd5622-fdeb-46c5-941b-bf031144cabe", "message_id": "a846b55b-e392-45fb-afa9-cb071d5fdc9f", "role": "user", "content": "Hello", "metadata": {}}}
{"timestamp": "2026-05-09T21:55:46.018992", "event": "context_built", "data": {"project": "上下文测试"}}
{"timestamp": "2026-05-09T22:53:31.507106", "event": "message_added", "data": {"project_id": "8155e0fd-21c8-4e57-a283-7369df3ab270", "conversation_id": "9b77d5ff-2d0f-4d64-9761-38fa2ed33eec", "message_id": "93f45f38-2193-40b2-bdc6-570300f53005", "role": "user", "content": "Hello, world!", "metadata": {}}}
{"timestamp": "2026-05-09T22:53:31.524994", "event": "message_added", "data": {"project_id": "65e73b5c-f79d-4e02-a294-bd5ab49625a8", "conversation_id": "450077e4-1d35-447d-ac27-f3254a3ff341", "message_id": "ddae3d22-c557-4063-a5d7-671b727feb22", "role": "user", "content": "Message 1", "metadata": {}}}
{"timestamp": "2026-05-09T22:53:31.527458", "event": "message_added", "data": {"project_id": "65e73b5c-f79d-4e02-a294-bd5ab49625a8", "conversation_id": "450077e4-1d35-447d-ac27-f3254a3ff341", "message_id": "4840f28a-16d7-48b6-8eff-c93b563d0d80", "role": "assistant", "content": "Response 1", "metadata": {}}}
{"timestamp": "2026-05-09T22:53:31.551208", "event": "message_added", "data": {"project_id": "c8defeb7-068c-46b8-8cb4-0589b093df8f", "conversation_id": "e5c54341-f4f2-425f-9826-9861d760c79b", "message_id": "699e2ad7-1e5c-4f59-a7b6-fbe8eed17128", "role": "user", "content": "这是一个重要的消息，记住目标", "metadata": {}}}
{"timestamp": "2026-05-09T22:53:31.585984", "event": "message_added", "data": {"project_id": "bd5649ab-7a3c-4189-91d2-3d48644bfdc9", "conversation_id": "3e65157a-d7c5-404a-a0a5-93890c18fd9c", "message_id": "5b49c7b7-7ec3-49b1-8188-60a1b38572e6", "role": "user", "content": "Hello", "metadata": {}}}
{"timestamp": "2026-05-09T22:53:31.589937", "event": "context_built", "data": {"project": "上下文测试"}}
{"timestamp": "2026-05-10T01:00:05.132023", "event": "message_added", "data": {"project_id": "a0e27170-7ac1-498d-ad83-ca65551db5cc", "conversation_id": "b1955c1c-267e-40c7-9f1e-c9b67fa55a87", "message_id": "b1199216-096a-4a91-bdf9-6909efc1cc12", "role": "user", "content": "Hello, world!", "metadata": {}}}
{"timestamp": "2026-05-10T01:00:05.148643", "event": "message_added", "data": {"project_id": "805c2620-c2a8-45d3-877a-f53c80a266a2", "conversation_id": "3804093a-5e10-4253-bd09-adfb111a8e37", "message_id": "183e42fa-0a5e-48f5-9025-e234bf0bdcdd", "role": "user", "content": "Message 1", "metadata": {}}}
{"timestamp": "2026-05-10T01:00:05.151156", "event": "message_added", "data": {"project_id": "805c2620-c2a8-45d3-877a-f53c80a266a2", "conversation_id": "3804093a-5e10-4253-bd09-adfb111a8e37", "message_id": "3372c337-b52a-4e04-aa07-28c6157076ea", "role": "assistant", "content": "Response 1", "metadata": {}}}
{"timestamp": "2026-05-10T01:00:05.189637", "event": "message_added", "data": {"project_id": "8c1fd25c-c51a-4bc7-bc31-d593f6098146", "conversation_id": "c177cca4-cd56-4821-bb9d-2978dbbc3e3b", "message_id": "1e265b54-c10a-47a1-8fc8-ea5e200f9d89", "role": "user", "content": "这是一个重要的消息，记住目标", "metadata": {}}}
{"timestamp": "2026-05-10T01:00:05.227841", "event": "message_added", "data": {"project_id": "aba7bbc7-79d5-41cd-9371-780731e00568", "conversation_id": "f7a4a6da-470f-4dad-8be5-d8f480170387", "message_id": "9d9ea2e0-2660-4a3a-9b06-26fb8e805506", "role": "user", "content": "Hello", "metadata": {}}}
{"timestamp": "2026-05-10T01:00:05.231853", "event": "context_built", "data": {"project": "上下文测试"}}
{"timestamp": "2026-05-10T08:14:07.217420", "event": "message_added", "data": {"project_id": "755f20fa-aaff-4475-bfb9-a75ce97e4614", "conversation_id": "f85def64-038a-43a1-bfb7-dc8e9e242f17", "message_id": "c3b07db9-9d26-4da1-9f10-deeac158ccf9", "role": "user", "content": "Hello, world!", "metadata": {}}}
{"timestamp": "2026-05-10T08:14:07.234904", "event": "message_added", "data": {"project_id": "c67c5b9c-cbb3-4e5c-af0d-c6e05118c982", "conversation_id": "6d714b90-95cb-4406-b6d7-83171742bdd7", "message_id": "ff9223be-cb23-4a13-8948-0e99f7959308", "role": "user", "content": "Message 1", "metadata": {}}}
{"timestamp": "2026-05-10T08:14:07.236828", "event": "message_added", "data": {"project_id": "c67c5b9c-cbb3-4e5c-af0d-c6e05118c982", "conversation_id": "6d714b90-95cb-4406-b6d7-83171742bdd7", "message_id": "5c98c851-de70-4775-b1c9-1330edf230c2", "role": "assistant", "content": "Response 1", "metadata": {}}}
{"timestamp": "2026-05-10T08:14:07.273060", "event": "message_added", "data": {"project_id": "43f1799d-4b08-4f1f-af46-ea887ed61dd3", "conversation_id": "d79ef2e3-f600-4acf-9629-f572ba2ea84c", "message_id": "489977ef-f8cf-4183-b837-b7f07315c348", "role": "user", "content": "这是一个重要的消息，记住目标", "metadata": {}}}
{"timestamp": "2026-05-10T08:14:07.326964", "event": "message_added", "data": {"project_id": "b489be26-5f40-40f8-95a8-ac5599c03b66", "conversation_id": "3e9ac237-41c0-403e-a723-e8e4b6b4c8e8", "message_id": "a3877532-f43a-420b-88ef-d94e5f065aa5", "role": "user", "content": "Hello", "metadata": {}}}
{"timestamp": "2026-05-10T08:14:07.333206", "event": "context_built", "data": {"project": "上下文测试"}}
{"timestamp": "2026-05-10T18:32:23.858739", "event": "message_added", "data": {"project_id": "7295e241-6a4d-4d16-bfe0-e341ab56e8ed", "conversation_id": "e88fe55a-686b-472b-a0f4-41b792b8e7d2", "message_id": "7c8dcc57-28ee-4854-9f6f-3c6de6600b3f", "role": "user", "content": "Hello, world!", "metadata": {}}}
{"timestamp": "2026-05-10T18:32:23.899023", "event": "message_added", "data": {"project_id": "806f9af0-dd5c-4df2-89fb-40ab07d95330", "conversation_id": "61e45c9c-efcb-488c-ad5f-633d75597b2b", "message_id": "bda136f3-3b24-4053-b0d4-93b522ba5f83", "role": "user", "content": "Message 1", "metadata": {}}}
{"timestamp": "2026-05-10T18:32:23.904573", "event": "message_added", "data": {"project_id": "806f9af0-dd5c-4df2-89fb-40ab07d95330", "conversation_id": "61e45c9c-efcb-488c-ad5f-633d75597b2b", "message_id": "735a3a8d-90cc-4caa-940d-b896b04127f9", "role": "assistant", "content": "Response 1", "metadata": {}}}
{"timestamp": "2026-05-10T18:32:24.033961", "event": "message_added", "data": {"project_id": "cfb696a5-d0ca-4ac9-a776-b59629de3ecc", "conversation_id": "250660d8-1cb7-45ab-9479-140c743b9322", "message_id": "d831e032-546e-474e-83a6-b391d175368e", "role": "user", "content": "这是一个重要的消息，记住目标", "metadata": {}}}
{"timestamp": "2026-05-10T18:32:24.094503", "event": "message_added", "data": {"project_id": "f5896698-9b75-4099-9f70-49ee229b37d6", "conversation_id": "aec361f5-fb93-4b52-b2aa-a7701765665c", "message_id": "99aad812-a4ef-4896-bd28-43383de945aa", "role": "user", "content": "Hello", "metadata": {}}}
{"timestamp": "2026-05-10T18:32:24.100995", "event": "context_built", "data": {"project": "上下文测试"}}
{"timestamp": "2026-05-10T23:04:59.475413", "event": "message_added", "data": {"project_id": "467d6889-f7b4-4e37-b90a-bc9f4fcd99cc", "conversation_id": "00e6cf7e-0806-4822-9dd4-83c7e511419f", "message_id": "b9583d88-fe39-4d56-aeee-500226450b65", "role": "user", "content": "Hello, world!", "metadata": {}}}
{"timestamp": "2026-05-10T23:04:59.480810", "event": "message_added", "data": {"project_id": "642cb3aa-bd6e-4919-91c2-8702cbcc10de", "conversation_id": "efb18e5f-46fb-4e01-b374-4da2db346548", "message_id": "5c409a7b-2971-44a1-9bcb-547c355296f3", "role": "user", "content": "Message 1", "metadata": {}}}
{"timestamp": "2026-05-10T23:04:59.483081", "event": "message_added", "data": {"project_id": "642cb3aa-bd6e-4919-91c2-8702cbcc10de", "conversation_id": "efb18e5f-46fb-4e01-b374-4da2db346548", "message_id": "ed5466c4-1e21-49c8-9e83-aeb6d77b6864", "role": "assistant", "content": "Response 1", "metadata": {}}}
{"timestamp": "2026-05-10T23:04:59.488551", "event": "message_added", "data": {"project_id": "0c0470ef-7376-4479-8c76-b254bc56b269", "conversation_id": "7ea65fa7-3d74-4a6d-8583-155167e8f451", "message_id": "652f8076-ae32-4227-8f9d-f279bf910ac8", "role": "user", "content": "这是一个重要的消息，记住目标", "metadata": {}}}
{"timestamp": "2026-05-10T23:04:59.501541", "event": "message_added", "data": {"project_id": "84eeb440-9e1c-4ab6-a53d-0afe8ef819bd", "conversation_id": "1573ae6c-3d79-45e5-bd42-7d8751253266", "message_id": "d05c281c-841d-400e-a75e-0b2d0fa59d11", "role": "user", "content": "Hello", "metadata": {}}}
{"timestamp": "2026-05-10T23:04:59.502641", "event": "context_built", "data": {"project": "上下文测试"}}
{"timestamp": "2026-05-10T23:31:14.901083", "event": "message_added", "data": {"project_id": "6c8ce01b-8bac-489b-af47-d95ee5559491", "conversation_id": "15654207-8049-4ea2-b4a5-decf88963d8e", "message_id": "93eee166-01b7-44a6-be36-a87fc351df72", "role": "user", "content": "Hello, world!", "metadata": {}}}
{"timestamp": "2026-05-10T23:31:14.907341", "event": "message_added", "data": {"project_id": "9a757471-4c4d-4ec7-8c23-b902d054366b", "conversation_id": "3c4f5a30-fd77-47e6-960c-80a7ddd087e5", "message_id": "b299a3d1-233c-40e4-b5bc-c012a21cecd3", "role": "user", "content": "Message 1", "metadata": {}}}
{"timestamp": "2026-05-10T23:31:14.923874", "event": "message_added", "data": {"project_id": "9a757471-4c4d-4ec7-8c23-b902d054366b", "conversation_id": "3c4f5a30-fd77-47e6-960c-80a7ddd087e5", "message_id": "c4f14ec1-0731-45ba-bcb1-39920af92e50", "role": "assistant", "content": "Response 1", "metadata": {}}}
{"timestamp": "2026-05-10T23:31:14.931016", "event": "message_added", "data": {"project_id": "97e26252-b643-4d85-836d-ddd5d6a0a06a", "conversation_id": "949aff83-4842-478b-856e-dc80adaacfc2", "message_id": "588453b2-40bc-4380-88ea-c3a764868b5e", "role": "user", "content": "这是一个重要的消息，记住目标", "metadata": {}}}
{"timestamp": "2026-05-10T23:31:14.949450", "event": "message_added", "data": {"project_id": "694e50d0-f268-43e9-ba86-de4d3b2858a9", "conversation_id": "03bd169b-5b56-4bc8-9564-7bd5cdbe3f2c", "message_id": "0b072553-3ad1-4fb9-b585-9ae52c46f0c4", "role": "user", "content": "Hello", "metadata": {}}}
{"timestamp": "2026-05-10T23:31:14.951047", "event": "context_built", "data": {"project": "上下文测试"}}
{"timestamp": "2026-05-10T23:34:27.447103", "event": "message_added", "data": {"project_id": "5e166821-7272-4396-88ce-7c9daa61044b", "conversation_id": "e1488fde-b8a5-4f78-9115-421ac288cc5c", "message_id": "3ceeb145-b5ab-4394-bf3d-734d30206527", "role": "user", "content": "Hello, world!", "metadata": {}}}
{"timestamp": "2026-05-10T23:34:27.454724", "event": "message_added", "data": {"project_id": "bbd664c2-7397-4053-b563-d0a3a9171164", "conversation_id": "4b7031a3-bdee-407d-a6ec-6003cec35ea7", "message_id": "af68a33b-ca8a-4440-8dcf-7db9502dee66", "role": "user", "content": "Message 1", "metadata": {}}}
{"timestamp": "2026-05-10T23:34:27.458125", "event": "message_added", "data": {"project_id": "bbd664c2-7397-4053-b563-d0a3a9171164", "conversation_id": "4b7031a3-bdee-407d-a6ec-6003cec35ea7", "message_id": "6f36113c-a821-4c3b-b6e4-383d7734f8b5", "role": "assistant", "content": "Response 1", "metadata": {}}}
{"timestamp": "2026-05-10T23:34:27.467690", "event": "message_added", "data": {"project_id": "aa50c342-9e48-40be-ba1f-f3acd4b60359", "conversation_id": "b70ff09d-c42a-496e-9260-8ece3d2b151f", "message_id": "000b4da2-3998-422a-bdf6-aceae6c1d9ad", "role": "user", "content": "这是一个重要的消息，记住目标", "metadata": {}}}
{"timestamp": "2026-05-10T23:34:27.490258", "event": "message_added", "data": {"project_id": "62f28cb0-da7d-4262-875c-b0b572ef23da", "conversation_id": "3d85b976-ea25-498e-a1fd-4eb96e60f2c8", "message_id": "becd919b-44a7-4b2a-b0b3-6eb32e69a106", "role": "user", "content": "Hello", "metadata": {}}}
{"timestamp": "2026-05-10T23:34:27.492644", "event": "context_built", "data": {"project": "上下文测试"}}
{"timestamp": "2026-05-11T07:51:17.698716", "event": "message_added", "data": {"project_id": "b13a5a68-b731-4983-b27d-8c798b867313", "conversation_id": "3c671428-4c9b-4b6c-8c0e-d2f930ce02a8", "message_id": "66eff107-1d4a-4bb4-8d8c-4868ead5c0c8", "role": "user", "content": "Hello, world!", "metadata": {}}}
{"timestamp": "2026-05-11T07:51:17.707364", "event": "message_added", "data": {"project_id": "6b27670d-54e2-46d2-aba4-f02751d95cda", "conversation_id": "c97a7462-b282-431b-aaf2-b6c61c641856", "message_id": "36da0486-6ba4-4e66-8c18-acfb682878d6", "role": "user", "content": "Message 1", "metadata": {}}}
{"timestamp": "2026-05-11T07:51:17.710355", "event": "message_added", "data": {"project_id": "6b27670d-54e2-46d2-aba4-f02751d95cda", "conversation_id": "c97a7462-b282-431b-aaf2-b6c61c641856", "message_id": "6684eafc-7d76-4d1e-a28f-08ebab43b508", "role": "assistant", "content": "Response 1", "metadata": {}}}
{"timestamp": "2026-05-11T07:51:17.722647", "event": "message_added", "data": {"project_id": "01747e1d-c92e-43c0-8ea7-73a1cdead530", "conversation_id": "5453dcbc-81e3-48f3-b847-e9739313ea10", "message_id": "7bb9fcbe-7a20-4e9d-94aa-74190c5299d7", "role": "user", "content": "这是一个重要的消息，记住目标", "metadata": {}}}
{"timestamp": "2026-05-11T07:51:17.748241", "event": "message_added", "data": {"project_id": "f9881ede-5a26-4049-945e-c30e15c1a049", "conversation_id": "85f8adc1-1ec7-40ba-b2ef-9d406ed144ce", "message_id": "9f17d51d-e3d0-471f-baa5-edb5e71e793d", "role": "user", "content": "Hello", "metadata": {}}}
{"timestamp": "2026-05-11T07:51:17.750797", "event": "context_built", "data": {"project": "上下文测试"}}
{"timestamp": "2026-05-11T13:36:56.159790", "event": "message_added", "data": {"project_id": "0ac056f4-b6d0-44e5-986e-a02c7a4ca006", "conversation_id": "116497b8-4a7a-4225-a309-8e73e152e7ae", "message_id": "8324cd76-2d73-43eb-af73-0ad94f78363d", "role": "user", "content": "Hello, world!", "metadata": {}}}
{"timestamp": "2026-05-11T13:36:56.179827", "event": "message_added", "data": {"project_id": "35123638-69b5-4b3d-869c-5a7ae8e8a839", "conversation_id": "63023f54-d5df-4d7e-be85-6d78e474e674", "message_id": "4b2142c3-4b93-4770-aaae-3fa08f769ad1", "role": "user", "content": "Message 1", "metadata": {}}}
{"timestamp": "2026-05-11T13:36:56.182389", "event": "message_added", "data": {"project_id": "35123638-69b5-4b3d-869c-5a7ae8e8a839", "conversation_id": "63023f54-d5df-4d7e-be85-6d78e474e674", "message_id": "dd3d2fca-36fa-497f-8b0a-571c52d62cd1", "role": "assistant", "content": "Response 1", "metadata": {}}}
{"timestamp": "2026-05-11T13:36:56.230640", "event": "message_added", "data": {"project_id": "559c37b3-1c21-442e-8a58-0c65de10674f", "conversation_id": "080f24b3-c8bb-4d46-826f-94d54b0823c3", "message_id": "16c5f3de-5fc5-4242-bd39-abfd157702a5", "role": "user", "content": "这是一个重要的消息，记住目标", "metadata": {}}}
{"timestamp": "2026-05-11T13:36:56.294777", "event": "message_added", "data": {"project_id": "635232a4-d881-46ca-9257-953f06342771", "conversation_id": "bd177d9e-1d00-4136-8349-16dce85fdd15", "message_id": "2f9cc5f6-9e45-4835-9571-f382aa3d74aa", "role": "user", "content": "Hello", "metadata": {}}}
{"timestamp": "2026-05-11T13:36:56.301201", "event": "context_built", "data": {"project": "上下文测试"}}
{"timestamp": "2026-05-11T17:59:50.562791", "event": "message_added", "data": {"project_id": "dd336400-07f9-4315-8793-0b349fe0341c", "conversation_id": "fdd235c7-4185-4382-a39f-a4006352c9f3", "message_id": "b84539e0-9455-4136-90e6-8e6d3a110f02", "role": "user", "content": "Hello, world!", "metadata": {}}}
{"timestamp": "2026-05-11T17:59:50.583249", "event": "message_added", "data": {"project_id": "5cea383e-7a2f-4925-ae7a-60d696e11213", "conversation_id": "d7e47069-fcf2-466b-8d28-bbed04ee6dc8", "message_id": "b6dc58e2-0e8d-4d67-9b9c-3163c9d6a035", "role": "user", "content": "Message 1", "metadata": {}}}
{"timestamp": "2026-05-11T17:59:50.585449", "event": "message_added", "data": {"project_id": "5cea383e-7a2f-4925-ae7a-60d696e11213", "conversation_id": "d7e47069-fcf2-466b-8d28-bbed04ee6dc8", "message_id": "d0e11cc0-8d9d-481d-aee9-5fb2e6b87b26", "role": "assistant", "content": "Response 1", "metadata": {}}}
{"timestamp": "2026-05-11T17:59:50.615208", "event": "message_added", "data": {"project_id": "1f8ea2c0-68ca-4090-a158-6c55dba65a60", "conversation_id": "da26c3b9-46dc-46fa-b4c5-d156a4933eab", "message_id": "c4f2d315-6443-4b01-9235-9a1ba4490929", "role": "user", "content": "这是一个重要的消息，记住目标", "metadata": {}}}
{"timestamp": "2026-05-11T17:59:50.675741", "event": "message_added", "data": {"project_id": "7f52dc8e-06f4-4dbf-81aa-fc27c8f6cf0c", "conversation_id": "0155bb20-443f-434d-bafd-e2bee5ec7d61", "message_id": "6e70dc54-09bd-45e5-a0d0-e5ecfc6e498b", "role": "user", "content": "Hello", "metadata": {}}}
{"timestamp": "2026-05-11T17:59:50.683090", "event": "context_built", "data": {"project": "上下文测试"}}
{"timestamp": "2026-05-11T18:04:55.749914", "event": "message_added", "data": {"project_id": "282542cb-0534-4063-9c61-110941067e03", "conversation_id": "1d8ff7b7-72ab-4077-9d74-1bb085c5988d", "message_id": "6d2ecb27-fadd-44d1-a827-0b0a537f5c5f", "role": "user", "content": "Hello, world!", "metadata": {}}}
{"timestamp": "2026-05-11T18:04:55.770697", "event": "message_added", "data": {"project_id": "9f8ce7c2-51eb-495e-bc1d-ee2fc44c542a", "conversation_id": "a98ae7d4-3aa5-4510-bb60-c8a6588dcb35", "message_id": "567fcb1b-b35d-4b0a-bdf5-4fe26e521635", "role": "user", "content": "Message 1", "metadata": {}}}
{"timestamp": "2026-05-11T18:04:55.772171", "event": "message_added", "data": {"project_id": "9f8ce7c2-51eb-495e-bc1d-ee2fc44c542a", "conversation_id": "a98ae7d4-3aa5-4510-bb60-c8a6588dcb35", "message_id": "2972240e-c932-48ad-99e0-685e1c9c7bb0", "role": "assistant", "content": "Response 1", "metadata": {}}}
{"timestamp": "2026-05-11T18:04:55.798592", "event": "message_added", "data": {"project_id": "34698c98-1b78-4862-856e-5eeadff604d9", "conversation_id": "ced95eb9-6b58-44de-a1ca-206cc0397f77", "message_id": "ea3773fa-2c1d-44b8-a209-c7db11b16995", "role": "user", "content": "这是一个重要的消息，记住目标", "metadata": {}}}
{"timestamp": "2026-05-11T18:04:55.865091", "event": "message_added", "data": {"project_id": "aeff7b0a-7aa2-40af-852b-96ed1e7c2ac4", "conversation_id": "fa3def5a-8be3-4495-b981-9bd87d05ed34", "message_id": "0fb12796-7392-46fa-8b57-76a2b5e7e1ac", "role": "user", "content": "Hello", "metadata": {}}}
{"timestamp": "2026-05-11T18:04:55.872202", "event": "context_built", "data": {"project": "上下文测试"}}
{"timestamp": "2026-05-11T18:47:42.060094", "event": "message_added", "data": {"project_id": "8923c53b-1e6e-4349-ac7a-8c89adf4edab", "conversation_id": "a94f9516-d89d-4b67-8331-eac6b11977e4", "message_id": "705dd698-3f4d-411b-a41b-e2596157370c", "role": "user", "content": "Hello, world!", "metadata": {}}}
{"timestamp": "2026-05-11T18:47:42.070302", "event": "message_added", "data": {"project_id": "16096f5f-ba3e-4641-b57a-2ebf9fd604f9", "conversation_id": "29002d3d-6986-40f6-b9c1-0a5d2a88c715", "message_id": "08e45364-6d43-41ea-9123-9bb26867d5c5", "role": "user", "content": "Message 1", "metadata": {}}}
{"timestamp": "2026-05-11T18:47:42.072076", "event": "message_added", "data": {"project_id": "16096f5f-ba3e-4641-b57a-2ebf9fd604f9", "conversation_id": "29002d3d-6986-40f6-b9c1-0a5d2a88c715", "message_id": "f1e4c2ef-0fcc-40fd-85cf-061a2b9b84c9", "role": "assistant", "content": "Response 1", "metadata": {}}}
{"timestamp": "2026-05-11T18:47:42.084691", "event": "message_added", "data": {"project_id": "d337b7bd-1f1e-45b9-b5d8-8d7cad82d3d6", "conversation_id": "27c468c1-52f9-4d3e-a89b-57168746e03b", "message_id": "491fec1c-85b5-411b-b10c-0dfc123e1319", "role": "user", "content": "这是一个重要的消息，记住目标", "metadata": {}}}
{"timestamp": "2026-05-11T18:47:42.118164", "event": "message_added", "data": {"project_id": "48e4eeb1-9257-418f-afa9-f7c91829d697", "conversation_id": "cd3f2936-26c7-4870-bb4c-45df0484c7fd", "message_id": "4955c2e5-871c-495d-9c14-37295cf1fb1b", "role": "user", "content": "Hello", "metadata": {}}}
{"timestamp": "2026-05-11T18:47:42.121420", "event": "context_built", "data": {"project": "上下文测试"}}
{"timestamp": "2026-05-11T18:52:07.837497", "event": "message_added", "data": {"project_id": "652406fb-d7e1-499a-9607-7505691be341", "conversation_id": "9ecf887c-0526-47d9-b57c-d48fb3301be2", "message_id": "2d781b72-849c-412b-ab1c-0de8ac3a6a22", "role": "user", "content": "Hello, world!", "metadata": {}}}
{"timestamp": "2026-05-11T18:52:07.848412", "event": "message_added", "data": {"project_id": "39f79f68-5eef-444f-97e9-2fbca5533310", "conversation_id": "63f3fcac-de3a-4996-a9e1-7146b9c61a20", "message_id": "f329b317-d902-40d3-8c36-c291b023fe85", "role": "user", "content": "Message 1", "metadata": {}}}
{"timestamp": "2026-05-11T18:52:07.850232", "event": "message_added", "data": {"project_id": "39f79f68-5eef-444f-97e9-2fbca5533310", "conversation_id": "63f3fcac-de3a-4996-a9e1-7146b9c61a20", "message_id": "32038520-00d8-4567-bf1b-ae19e0e8d5e9", "role": "assistant", "content": "Response 1", "metadata": {}}}
{"timestamp": "2026-05-11T18:52:07.866483", "event": "message_added", "data": {"project_id": "e483ca55-c286-459e-b41d-b6f21e2d4adf", "conversation_id": "aa2bdb1f-f3d7-4112-9854-589730bd323a", "message_id": "ff757134-941b-42c0-aa61-3ac1077b2243", "role": "user", "content": "这是一个重要的消息，记住目标", "metadata": {}}}
{"timestamp": "2026-05-11T18:52:07.904077", "event": "message_added", "data": {"project_id": "a1eb1abd-ef99-4801-aba0-86902a2e9e71", "conversation_id": "823cbd9a-5cbe-4206-9321-fa2cd9b89fd8", "message_id": "2eb04136-6a82-49f4-af1d-be3bf392dd98", "role": "user", "content": "Hello", "metadata": {}}}
{"timestamp": "2026-05-11T18:52:07.908221", "event": "context_built", "data": {"project": "上下文测试"}}
{"timestamp": "2026-05-11T18:52:35.824194", "event": "message_added", "data": {"project_id": "e260c16b-be82-4100-843f-d1939bbbae96", "conversation_id": "c87dbda6-89b8-4a3c-81d9-5f2c3190e234", "message_id": "d66da63e-546c-4145-9143-5b8355ab5a72", "role": "user", "content": "Hello, world!", "metadata": {}}}
{"timestamp": "2026-05-11T18:52:35.837192", "event": "message_added", "data": {"project_id": "4129fe61-af13-4af0-ab36-aba7a746861f", "conversation_id": "c908e691-9391-4256-a940-e86e741a9f82", "message_id": "073bff1c-22bc-4bd0-9236-65f4f9ae8be2", "role": "user", "content": "Message 1", "metadata": {}}}
{"timestamp": "2026-05-11T18:52:35.839565", "event": "message_added", "data": {"project_id": "4129fe61-af13-4af0-ab36-aba7a746861f", "conversation_id": "c908e691-9391-4256-a940-e86e741a9f82", "message_id": "0b0091da-4386-4e3e-831d-c069f1e64909", "role": "assistant", "content": "Response 1", "metadata": {}}}
{"timestamp": "2026-05-11T18:52:35.856653", "event": "message_added", "data": {"project_id": "f8c775b9-9052-4d59-b51f-11749edb2e9b", "conversation_id": "88a959c9-300a-4edf-ac39-c8dbe0893cf7", "message_id": "afee566c-8f01-489b-9a0b-22c822cc751b", "role": "user", "content": "这是一个重要的消息，记住目标", "metadata": {}}}
{"timestamp": "2026-05-11T18:52:35.899870", "event": "message_added", "data": {"project_id": "8e9e1175-5a55-4b43-a97b-533c53fd3127", "conversation_id": "14387602-648a-4f17-afbb-c5a4716af5c2", "message_id": "508eae68-b479-4746-8893-b885c73460c4", "role": "user", "content": "Hello", "metadata": {}}}
{"timestamp": "2026-05-11T18:52:35.904415", "event": "context_built", "data": {"project": "上下文测试"}}
{"timestamp": "2026-05-11T21:34:51.937091", "event": "message_added", "data": {"project_id": "baf45b06-efdc-47ee-9f6f-d1c0bcfed3b8", "conversation_id": "f8b35586-fd4f-4c52-8d4c-7eaa4b05f922", "message_id": "3a8f2976-cd25-479f-a9b5-6b26801c7fc9", "role": "user", "content": "Hello, world!", "metadata": {}}}
{"timestamp": "2026-05-11T21:34:51.951758", "event": "message_added", "data": {"project_id": "3072c8af-f572-4884-ba23-5241b8e6311b", "conversation_id": "982db91e-5ede-4054-8439-d095dbf3a132", "message_id": "25e23edc-4f27-4bf3-9b0f-281656aaeeb7", "role": "user", "content": "Message 1", "metadata": {}}}
{"timestamp": "2026-05-11T21:34:51.953027", "event": "message_added", "data": {"project_id": "3072c8af-f572-4884-ba23-5241b8e6311b", "conversation_id": "982db91e-5ede-4054-8439-d095dbf3a132", "message_id": "5c92f3f4-213c-4927-8b6b-4708acefd032", "role": "assistant", "content": "Response 1", "metadata": {}}}
{"timestamp": "2026-05-11T21:34:51.974985", "event": "message_added", "data": {"project_id": "cd9d3bcf-50f7-4a73-848c-62f3a30a7061", "conversation_id": "0eb5c095-bb01-46e8-858f-e66cb37564ad", "message_id": "8171d80a-f92f-4280-a837-c4d478246e41", "role": "user", "content": "这是一个重要的消息，记住目标", "metadata": {}}}
{"timestamp": "2026-05-11T21:34:52.019094", "event": "message_added", "data": {"project_id": "e459a32f-d839-4528-b5f6-145c9df237ee", "conversation_id": "b0bf3602-9705-47f7-a0dc-1e3c2e266e7b", "message_id": "f3ceb047-0c86-4382-b50a-1e13adab02dd", "role": "user", "content": "Hello", "metadata": {}}}
{"timestamp": "2026-05-11T21:34:52.023745", "event": "context_built", "data": {"project": "上下文测试"}}
{"timestamp": "2026-05-11T21:38:36.759045", "event": "message_added", "data": {"project_id": "866d9da4-0228-4845-9dc4-02f5bb8ddf4c", "conversation_id": "3735032e-192b-475f-bfc2-497a3cae741b", "message_id": "80588ebf-f489-45b1-8ffe-55c7e21ee95f", "role": "user", "content": "Hello, world!", "metadata": {}}}
{"timestamp": "2026-05-11T21:38:36.778749", "event": "message_added", "data": {"project_id": "3e76c61e-9a18-484a-85d7-9b7230ab0c87", "conversation_id": "05ae5884-9c8d-4e77-bc99-6ff48489e05f", "message_id": "f947bf44-3567-41a2-b621-432ea6d5e3eb", "role": "user", "content": "Message 1", "metadata": {}}}
{"timestamp": "2026-05-11T21:38:36.780169", "event": "message_added", "data": {"project_id": "3e76c61e-9a18-484a-85d7-9b7230ab0c87", "conversation_id": "05ae5884-9c8d-4e77-bc99-6ff48489e05f", "message_id": "2332d11c-d8bf-4fcd-a78c-d8ea0ef545eb", "role": "assistant", "content": "Response 1", "metadata": {}}}
{"timestamp": "2026-05-11T21:38:36.802593", "event": "message_added", "data": {"project_id": "12e04f58-fe1f-45f4-b672-2b65340af8e1", "conversation_id": "6cd4ce09-a584-4df3-bfd3-21203e2c2568", "message_id": "4088a28f-3cd9-43f6-89fa-31961566f456", "role": "user", "content": "这是一个重要的消息，记住目标", "metadata": {}}}
{"timestamp": "2026-05-11T21:38:36.855822", "event": "message_added", "data": {"project_id": "968c00c7-3c60-483f-9e76-8aaf6728fa26", "conversation_id": "1a189576-e3cc-423f-8f3d-a9e8253d27fd", "message_id": "66d4df68-e5b6-4037-99bb-db9fbf409249", "role": "user", "content": "Hello", "metadata": {}}}
{"timestamp": "2026-05-11T21:38:36.861784", "event": "context_built", "data": {"project": "上下文测试"}}
{"timestamp": "2026-05-11T21:40:52.912434", "event": "message_added", "data": {"project_id": "a3c5d904-3407-46fb-9863-f624295b3802", "conversation_id": "90039340-c6f2-478b-869a-2f53c035bb93", "message_id": "e7f679e2-b2d2-42c0-a105-5a04edd36406", "role": "user", "content": "Hello, world!", "metadata": {}}}
{"timestamp": "2026-05-11T21:40:52.929516", "event": "message_added", "data": {"project_id": "748df6f8-54dc-46f2-a34e-b8e76162e011", "conversation_id": "361de2c8-52ac-4a93-96cf-a48fffa348e6", "message_id": "2133bb00-e424-44b7-ab21-003e3e74bd92", "role": "user", "content": "Message 1", "metadata": {}}}
{"timestamp": "2026-05-11T21:40:52.930856", "event": "message_added", "data": {"project_id": "748df6f8-54dc-46f2-a34e-b8e76162e011", "conversation_id": "361de2c8-52ac-4a93-96cf-a48fffa348e6", "message_id": "3d792467-0aa4-4b49-97de-2e5de220fbce", "role": "assistant", "content": "Response 1", "metadata": {}}}
{"timestamp": "2026-05-11T21:40:52.951190", "event": "message_added", "data": {"project_id": "a192db3d-f154-4df4-a7c8-0371f5c025df", "conversation_id": "d1a2886f-52a1-4304-8f99-2c6dd062bd13", "message_id": "d3c63fe2-1103-4a36-8b9b-261e570c2861", "role": "user", "content": "这是一个重要的消息，记住目标", "metadata": {}}}
{"timestamp": "2026-05-11T21:40:53.003874", "event": "message_added", "data": {"project_id": "393800ee-476b-4d74-b94d-0f8d5329553b", "conversation_id": "fd71deb6-52aa-48db-893d-69e3bb6cdee2", "message_id": "b7f51f53-8c68-4f59-8490-11fcf9f3b0e1", "role": "user", "content": "Hello", "metadata": {}}}
{"timestamp": "2026-05-11T21:40:53.009072", "event": "context_built", "data": {"project": "上下文测试"}}
{"timestamp": "2026-05-11T23:56:14.398342", "event": "message_added", "data": {"project_id": "10540292-fd01-45c7-911f-8050ae999d2a", "conversation_id": "88ba483d-d0df-4515-90a1-d69d4fd03988", "message_id": "11adc348-7c17-4c51-aedb-bfb48630414d", "role": "user", "content": "Hello, world!", "metadata": {}}}
{"timestamp": "2026-05-11T23:56:14.422800", "event": "message_added", "data": {"project_id": "d06a702d-9d0d-49df-a873-6de488a83311", "conversation_id": "cdd252d1-89dd-4cab-9698-a2ecd5bb0423", "message_id": "23a1d70c-4137-40a0-be94-bda2c3e54f69", "role": "user", "content": "Message 1", "metadata": {}}}
{"timestamp": "2026-05-11T23:56:14.424055", "event": "message_added", "data": {"project_id": "d06a702d-9d0d-49df-a873-6de488a83311", "conversation_id": "cdd252d1-89dd-4cab-9698-a2ecd5bb0423", "message_id": "05c171a1-be88-44de-94b8-096e50c39ecd", "role": "assistant", "content": "Response 1", "metadata": {}}}
{"timestamp": "2026-05-11T23:56:14.457191", "event": "message_added", "data": {"project_id": "06aad56d-c420-4d9a-88c6-ba6555e9d905", "conversation_id": "ce90acc9-e8e7-4e7d-9014-f0f571732f4a", "message_id": "17fc0e2a-f8ed-4d7c-ac28-50780d04b848", "role": "user", "content": "这是一个重要的消息，记住目标", "metadata": {}}}
{"timestamp": "2026-05-11T23:56:14.524938", "event": "message_added", "data": {"project_id": "5dafa76d-cbe6-4a9a-9942-71e8f3b00dbd", "conversation_id": "61568dc7-e9cf-4345-8daa-9a5b996f5f5e", "message_id": "a6ff4f30-ae79-4834-bacb-87ba0a71c750", "role": "user", "content": "Hello", "metadata": {}}}
{"timestamp": "2026-05-11T23:56:14.539341", "event": "context_built", "data": {"project": "上下文测试"}}
{"timestamp": "2026-05-12T00:18:35.920252", "event": "message_added", "data": {"project_id": "e97fa8e7-6c8e-4483-a0d0-b22829576681", "conversation_id": "996bbd53-f2f9-47f3-8461-afd84aa72aa2", "message_id": "4b82c06a-7051-48e0-9c04-683751cdf4e6", "role": "user", "content": "Hello, world!", "metadata": {}}}
{"timestamp": "2026-05-12T00:18:35.942541", "event": "message_added", "data": {"project_id": "33dda74e-d86b-471f-b8bb-af35536fe9e2", "conversation_id": "5c0d3895-8ffa-4f7d-bc57-8fb5e91d2b75", "message_id": "debabd8e-59be-4d5a-9dfc-bd30c34313b6", "role": "user", "content": "Message 1", "metadata": {}}}
{"timestamp": "2026-05-12T00:18:35.944109", "event": "message_added", "data": {"project_id": "33dda74e-d86b-471f-b8bb-af35536fe9e2", "conversation_id": "5c0d3895-8ffa-4f7d-bc57-8fb5e91d2b75", "message_id": "161a97bf-2042-4191-b91b-ca17e1a0c8f4", "role": "assistant", "content": "Response 1", "metadata": {}}}
{"timestamp": "2026-05-12T00:18:35.973161", "event": "message_added", "data": {"project_id": "287c24f0-1a7d-4208-b591-c2e1de7d13b6", "conversation_id": "88b33ae3-bea6-46d4-becc-29636bae51cf", "message_id": "4eb04ebf-7e37-4c7d-a661-974913522874", "role": "user", "content": "这是一个重要的消息，记住目标", "metadata": {}}}
{"timestamp": "2026-05-12T00:18:36.044138", "event": "message_added", "data": {"project_id": "2ed2cc4a-e384-4e47-a5ff-45a8087c9801", "conversation_id": "343ab7bf-9aad-40f4-8de5-db26e0ae0384", "message_id": "10f387c2-1361-44b9-9ea0-548b52757e4b", "role": "user", "content": "Hello", "metadata": {}}}
{"timestamp": "2026-05-12T00:18:36.050562", "event": "context_built", "data": {"project": "上下文测试"}}
{"timestamp": "2026-05-12T00:27:09.637778", "event": "message_added", "data": {"project_id": "6d54d036-5c31-4275-94b8-29fb23ec85f7", "conversation_id": "75839d58-ed9b-4846-b1a2-0ae54128ccf6", "message_id": "284e858f-0c56-4c3f-aafb-e4660a12ae38", "role": "user", "content": "Hello, world!", "metadata": {}}}
{"timestamp": "2026-05-12T00:27:09.663293", "event": "message_added", "data": {"project_id": "3ca2ca3e-ee0c-4980-a5aa-cf38409aaacd", "conversation_id": "b72c97d7-3325-4f0b-91e0-ac0e46c62fa2", "message_id": "48cc0d88-04d1-4d7d-8efb-fa1124b8ef8b", "role": "user", "content": "Message 1", "metadata": {}}}
{"timestamp": "2026-05-12T00:27:09.665022", "event": "message_added", "data": {"project_id": "3ca2ca3e-ee0c-4980-a5aa-cf38409aaacd", "conversation_id": "b72c97d7-3325-4f0b-91e0-ac0e46c62fa2", "message_id": "47b97768-f454-476f-a0d7-86a1d08e18c2", "role": "assistant", "content": "Response 1", "metadata": {}}}
{"timestamp": "2026-05-12T00:27:09.698594", "event": "message_added", "data": {"project_id": "0f141fab-0d3d-4b05-a463-bc040fbf61cd", "conversation_id": "caca3d19-614f-4552-a17b-e3b981fc2080", "message_id": "4e45892a-b00e-48e6-be41-f8d160655fa6", "role": "user", "content": "这是一个重要的消息，记住目标", "metadata": {}}}
{"timestamp": "2026-05-12T00:27:09.775507", "event": "message_added", "data": {"project_id": "d20ca847-1f3b-414d-a027-e055778b05d4", "conversation_id": "0fbbc630-9dd3-4fd5-a00c-1a4c6fc2437f", "message_id": "35c35d0c-9f96-4e70-8aae-e724c8fa3da7", "role": "user", "content": "Hello", "metadata": {}}}
{"timestamp": "2026-05-12T00:27:09.784452", "event": "context_built", "data": {"project": "上下文测试"}}
{"timestamp": "2026-05-12T00:32:05.484886", "event": "message_added", "data": {"project_id": "2959e531-0387-450b-b182-3726b747c9be", "conversation_id": "426aeb6b-1614-43b0-8722-9f5c098a388b", "message_id": "ed301cfb-a26e-41c3-847b-10071c796de7", "role": "user", "content": "Hello, world!", "metadata": {}}}
{"timestamp": "2026-05-12T00:32:05.509974", "event": "message_added", "data": {"project_id": "e7517e26-6f95-4f19-9c01-670815da7a07", "conversation_id": "b11c581b-7ce0-4704-a97b-ff0405430ce4", "message_id": "a4267b47-f322-4e4e-a277-db1f9c8d7671", "role": "user", "content": "Message 1", "metadata": {}}}
{"timestamp": "2026-05-12T00:32:05.511947", "event": "message_added", "data": {"project_id": "e7517e26-6f95-4f19-9c01-670815da7a07", "conversation_id": "b11c581b-7ce0-4704-a97b-ff0405430ce4", "message_id": "2f8bfb5a-ba80-49fc-92d2-57276cb0fd6c", "role": "assistant", "content": "Response 1", "metadata": {}}}
{"timestamp": "2026-05-12T00:32:05.540644", "event": "message_added", "data": {"project_id": "fd604e04-53e1-43f0-97e8-313086323524", "conversation_id": "ab81f20a-759e-41ab-8d2f-c87aa9c6649d", "message_id": "4024c704-1edb-45aa-a197-41a115fd8c16", "role": "user", "content": "这是一个重要的消息，记住目标", "metadata": {}}}
{"timestamp": "2026-05-12T00:32:05.628435", "event": "message_added", "data": {"project_id": "d7f91c65-a9fe-4055-ae88-a92a36a6b017", "conversation_id": "5cc13514-e976-4b29-97f0-6953fea1b9ad", "message_id": "47884c03-6a62-4b62-a268-12e2eac1b17b", "role": "user", "content": "Hello", "metadata": {}}}
{"timestamp": "2026-05-12T00:32:05.638346", "event": "context_built", "data": {"project": "上下文测试"}}
{"timestamp": "2026-05-12T00:41:17.166903", "event": "message_added", "data": {"project_id": "fc26f476-e030-454a-9400-7424a64bff4e", "conversation_id": "b4e7d215-a679-48ad-be43-5ab1131beedb", "message_id": "4171ccfa-913c-416e-becd-2eb3ea9c0ba9", "role": "user", "content": "Hello, world!", "metadata": {}}}
{"timestamp": "2026-05-12T00:41:17.205845", "event": "message_added", "data": {"project_id": "a5977d04-f0dc-483e-a46a-b39b057404a0", "conversation_id": "d512b089-59a9-4973-b8d9-5019f21709f3", "message_id": "c716705a-4d71-4644-92a8-132d3a00740d", "role": "user", "content": "Message 1", "metadata": {}}}
{"timestamp": "2026-05-12T00:41:17.206840", "event": "message_added", "data": {"project_id": "a5977d04-f0dc-483e-a46a-b39b057404a0", "conversation_id": "d512b089-59a9-4973-b8d9-5019f21709f3", "message_id": "1a310a42-66e1-46fd-80da-b20d7a901c04", "role": "assistant", "content": "Response 1", "metadata": {}}}
{"timestamp": "2026-05-12T00:41:17.257786", "event": "message_added", "data": {"project_id": "8b0f7d29-8172-465b-a134-8a7eeb9b7a5d", "conversation_id": "d42450a1-24b3-4206-b4f3-6e76313b573d", "message_id": "7ef139d5-a8bd-475f-bf10-35101aa81154", "role": "user", "content": "这是一个重要的消息，记住目标", "metadata": {}}}
{"timestamp": "2026-05-12T00:41:17.381002", "event": "message_added", "data": {"project_id": "697e4212-d92f-4eff-bb91-5c646799b4ab", "conversation_id": "0fc29abd-d7da-4c31-9c6b-b16351e618d0", "message_id": "4580b2b9-4cf4-44f0-bcfe-dbe7014dc3cf", "role": "user", "content": "Hello", "metadata": {}}}
{"timestamp": "2026-05-12T00:41:17.390986", "event": "context_built", "data": {"project": "上下文测试"}}
{"timestamp": "2026-05-12T00:45:14.576438", "event": "message_added", "data": {"project_id": "cefa05a6-9b12-4d1d-bd08-98356542ffff", "conversation_id": "2a678a2b-7471-49c6-bd26-ffc02b103d4f", "message_id": "b3fe8b6c-72c0-4dc0-b082-0011a06358a9", "role": "user", "content": "Hello, world!", "metadata": {}}}
{"timestamp": "2026-05-12T00:45:14.609461", "event": "message_added", "data": {"project_id": "ac74e372-5366-4403-9dd5-102d725a237d", "conversation_id": "bc97c710-7df4-44e2-8297-d638b5e16180", "message_id": "d09cc94d-b33e-492f-a1f9-45470b6dbd38", "role": "user", "content": "Message 1", "metadata": {}}}
{"timestamp": "2026-05-12T00:45:14.611926", "event": "message_added", "data": {"project_id": "ac74e372-5366-4403-9dd5-102d725a237d", "conversation_id": "bc97c710-7df4-44e2-8297-d638b5e16180", "message_id": "170b0863-d25b-4ae4-98e5-6fd11181dd86", "role": "assistant", "content": "Response 1", "metadata": {}}}
{"timestamp": "2026-05-12T00:45:14.652654", "event": "message_added", "data": {"project_id": "d1e435bf-6770-4a9a-bc78-d55a8dcb0b91", "conversation_id": "ac2b658f-eb83-4038-b657-f1e71f2d521c", "message_id": "b9acf03c-1b06-480c-ab40-e10ecd98b280", "role": "user", "content": "这是一个重要的消息，记住目标", "metadata": {}}}
{"timestamp": "2026-05-12T00:45:14.735394", "event": "message_added", "data": {"project_id": "4f5266b6-6923-4d7f-bca5-94734dd91b0d", "conversation_id": "cd2fefc8-599b-4c2e-9f20-36add4e44675", "message_id": "e4505ae6-246e-4048-9b9f-6b80864581dd", "role": "user", "content": "Hello", "metadata": {}}}
{"timestamp": "2026-05-12T00:45:14.743910", "event": "context_built", "data": {"project": "上下文测试"}}
{"timestamp": "2026-05-12T08:39:12.514878", "event": "message_added", "data": {"project_id": "94c9817f-64ef-4ecb-86f4-f92be265a561", "conversation_id": "b8b7961e-2c95-46f8-8ee7-3c2a056f377f", "message_id": "faa93616-afba-49f7-b071-36e71981f6ae", "role": "user", "content": "Hello, world!", "metadata": {}}}
{"timestamp": "2026-05-12T08:39:12.552900", "event": "message_added", "data": {"project_id": "22aa2b15-b3c5-4de9-9f33-4e74a5c7c315", "conversation_id": "d265e02c-e0d7-4e7c-ac40-5e5f54aad9a3", "message_id": "a4149d7a-0d25-4512-91e6-bb104b5427aa", "role": "user", "content": "Message 1", "metadata": {}}}
{"timestamp": "2026-05-12T08:39:12.555279", "event": "message_added", "data": {"project_id": "22aa2b15-b3c5-4de9-9f33-4e74a5c7c315", "conversation_id": "d265e02c-e0d7-4e7c-ac40-5e5f54aad9a3", "message_id": "458bd5da-32c3-48dd-b714-866ef993ea05", "role": "assistant", "content": "Response 1", "metadata": {}}}
{"timestamp": "2026-05-12T08:39:12.612792", "event": "message_added", "data": {"project_id": "320b0b77-56fd-4760-8add-65cd7dd3a54b", "conversation_id": "14be116d-d87b-4b6c-8980-a449d4380058", "message_id": "a940e1c0-367d-48de-a2ef-6379dd555a09", "role": "user", "content": "这是一个重要的消息，记住目标", "metadata": {}}}
{"timestamp": "2026-05-12T08:39:12.756370", "event": "message_added", "data": {"project_id": "3d83dc09-b5d9-42c8-b889-4b6397d164df", "conversation_id": "2701dac3-51f9-40e0-8da8-c46a84cb219b", "message_id": "22a01111-0f75-4369-9bc4-57808c50ed45", "role": "user", "content": "Hello", "metadata": {}}}
{"timestamp": "2026-05-12T08:39:12.768560", "event": "context_built", "data": {"project": "上下文测试"}}
{"timestamp": "2026-05-12T09:22:43.571959", "event": "message_added", "data": {"project_id": "378d1efe-68c6-4b33-9541-46aada84b894", "conversation_id": "a5c49e32-dbf7-492a-912c-5741d3cb63ac", "message_id": "30a73207-705f-4220-b8ca-8985ba5fb161", "role": "user", "content": "Hello, world!", "metadata": {}}}
{"timestamp": "2026-05-12T09:22:43.613924", "event": "message_added", "data": {"project_id": "c755f6b8-42c7-47a6-80ff-1c5382a3dd5c", "conversation_id": "29e1fef1-2851-445f-85c3-9a5f23237ad6", "message_id": "6e224d87-e2a3-4e2b-a09f-a8a61dda5e32", "role": "user", "content": "Message 1", "metadata": {}}}
{"timestamp": "2026-05-12T09:22:43.615690", "event": "message_added", "data": {"project_id": "c755f6b8-42c7-47a6-80ff-1c5382a3dd5c", "conversation_id": "29e1fef1-2851-445f-85c3-9a5f23237ad6", "message_id": "3737c46f-67b0-4944-911f-1ba9a5909f48", "role": "assistant", "content": "Response 1", "metadata": {}}}
{"timestamp": "2026-05-12T09:22:43.678111", "event": "message_added", "data": {"project_id": "d3748187-439c-4529-886e-351bf33f7a4d", "conversation_id": "d8079e22-8bf7-438d-a415-91256fa958f2", "message_id": "c91852f3-db4d-4023-9221-7cab8be316ed", "role": "user", "content": "这是一个重要的消息，记住目标", "metadata": {}}}
{"timestamp": "2026-05-12T09:22:43.804587", "event": "message_added", "data": {"project_id": "a3ee8d99-fdcf-4328-989d-c949eef34df7", "conversation_id": "f6ef3fa3-5a46-438b-94f2-80152dae6d1e", "message_id": "4e9c103d-3014-470b-8be0-776c750ab6e0", "role": "user", "content": "Hello", "metadata": {}}}
{"timestamp": "2026-05-12T09:22:43.818191", "event": "context_built", "data": {"project": "上下文测试"}}
{"timestamp": "2026-05-12T09:23:00.229406", "event": "message_added", "data": {"project_id": "b5efbcea-fe80-411f-8acd-18a4efb4b260", "conversation_id": "e524f7ae-5570-43ac-b5b9-d259602957b9", "message_id": "d23de2e4-9d05-4ed7-a83a-01c8b34625fa", "role": "user", "content": "Hello, world!", "metadata": {}}}
{"timestamp": "2026-05-12T09:23:00.263612", "event": "message_added", "data": {"project_id": "84d55f63-29b7-42c5-99c0-184f58768244", "conversation_id": "357c053e-5fd3-4342-9e1c-5a63f1ca999e", "message_id": "839ef643-d4e3-456e-a5b8-0d2b8dc00a92", "role": "user", "content": "Message 1", "metadata": {}}}
{"timestamp": "2026-05-12T09:23:00.264993", "event": "message_added", "data": {"project_id": "84d55f63-29b7-42c5-99c0-184f58768244", "conversation_id": "357c053e-5fd3-4342-9e1c-5a63f1ca999e", "message_id": "7b67215f-351a-43fc-81f9-a2f6029ecf75", "role": "assistant", "content": "Response 1", "metadata": {}}}
{"timestamp": "2026-05-12T09:23:00.315307", "event": "message_added", "data": {"project_id": "aa79f425-8bd4-4956-9e98-4fca394c17bd", "conversation_id": "882d9ad3-d4cb-4d6e-b4de-11fafc545d12", "message_id": "8db7b1fd-c4b8-40f1-abb5-e2c4274176c2", "role": "user", "content": "这是一个重要的消息，记住目标", "metadata": {}}}
{"timestamp": "2026-05-12T09:23:00.461966", "event": "message_added", "data": {"project_id": "f1d34beb-bac0-4431-9764-9b86530256f3", "conversation_id": "3ee6a435-1741-4133-87b7-0c0ff4b44d9a", "message_id": "42eacc9e-eeb7-48e6-82ef-4317634c350f", "role": "user", "content": "Hello", "metadata": {}}}
{"timestamp": "2026-05-12T09:23:00.477907", "event": "context_built", "data": {"project": "上下文测试"}}
{"timestamp": "2026-05-12T09:27:45.240361", "event": "message_added", "data": {"project_id": "c067b8a9-02eb-4bda-9767-28d187cbb3a9", "conversation_id": "a32aaac0-bb8e-4815-ae2c-7bdb1c04a1df", "message_id": "a69172a9-7294-4006-be27-f5e6d990d467", "role": "user", "content": "Hello, world!", "metadata": {}}}
{"timestamp": "2026-05-12T09:27:45.315173", "event": "message_added", "data": {"project_id": "6c25bf00-2e7f-4c6b-b993-b7a00ee2e4da", "conversation_id": "467302ce-20f8-46fc-9ede-f854b09b2e8a", "message_id": "963aa910-1b55-4334-b4b3-faf57f3f3c04", "role": "user", "content": "Message 1", "metadata": {}}}
{"timestamp": "2026-05-12T09:27:45.316173", "event": "message_added", "data": {"project_id": "6c25bf00-2e7f-4c6b-b993-b7a00ee2e4da", "conversation_id": "467302ce-20f8-46fc-9ede-f854b09b2e8a", "message_id": "6db86443-dd0f-48e4-88a5-202202d24a41", "role": "assistant", "content": "Response 1", "metadata": {}}}
{"timestamp": "2026-05-12T09:27:45.384888", "event": "message_added", "data": {"project_id": "f1f369f9-9bc7-43a1-b2ad-0816c27a5417", "conversation_id": "f57d5f71-fbed-44e7-9277-30e68a089e32", "message_id": "96d72f18-fcb3-49aa-b102-7f7b385e7e37", "role": "user", "content": "这是一个重要的消息，记住目标", "metadata": {}}}
{"timestamp": "2026-05-12T09:27:45.522235", "event": "message_added", "data": {"project_id": "fd13a278-1baa-4a0f-b2d0-369f652ae90a", "conversation_id": "4440d09a-e5d5-447a-bb8f-6287e1267400", "message_id": "bcc86be6-ffbc-4c18-9e02-684f49b96ee7", "role": "user", "content": "Hello", "metadata": {}}}
{"timestamp": "2026-05-12T09:27:45.538870", "event": "context_built", "data": {"project": "上下文测试"}}
{"timestamp": "2026-05-12T09:29:57.451598", "event": "message_added", "data": {"project_id": "e52cba40-1e09-4c57-b285-c334c39a8236", "conversation_id": "a48341c3-b90c-4945-94d6-26d576904bab", "message_id": "bee40c7e-c5f5-4831-b1f0-28a05c165e6a", "role": "user", "content": "Hello, world!", "metadata": {}}}
{"timestamp": "2026-05-12T09:29:57.499322", "event": "message_added", "data": {"project_id": "c13216f7-aa30-4a22-8fd6-80a100c81dfc", "conversation_id": "ff4ac103-35f2-4dcc-ace0-fb447e90974d", "message_id": "f259a9ff-f899-4cfa-ad92-76cfa59972e9", "role": "user", "content": "Message 1", "metadata": {}}}
{"timestamp": "2026-05-12T09:29:57.502889", "event": "message_added", "data": {"project_id": "c13216f7-aa30-4a22-8fd6-80a100c81dfc", "conversation_id": "ff4ac103-35f2-4dcc-ace0-fb447e90974d", "message_id": "4209ecc2-1ffa-4bf3-915e-98662f0c483d", "role": "assistant", "content": "Response 1", "metadata": {}}}
{"timestamp": "2026-05-12T09:29:55.072489", "event": "message_added", "data": {"project_id": "5bed8fb9-a210-4b02-a4af-7a4b1862d5ad", "conversation_id": "1ccc4fdc-2580-46cd-bdf4-c20d7c4dd3eb", "message_id": "8927a989-bf20-4b5f-a943-a53770fe5927", "role": "user", "content": "这是一个重要的消息，记住目标", "metadata": {}}}
{"timestamp": "2026-05-12T09:29:55.222305", "event": "message_added", "data": {"project_id": "5a37cf81-ccbe-4644-9221-91fc02497b71", "conversation_id": "103e6438-2a45-4f66-83dd-d5e520c756d4", "message_id": "f9ea1482-3290-4bdf-811f-3a0a94989439", "role": "user", "content": "Hello", "metadata": {}}}
{"timestamp": "2026-05-12T09:29:55.234896", "event": "context_built", "data": {"project": "上下文测试"}}
{"timestamp": "2026-05-12T09:31:15.611814", "event": "message_added", "data": {"project_id": "8eaf47c6-b398-4bc9-907c-d9821effd8e1", "conversation_id": "91109fa5-5f49-4366-867f-38e65f0bf80a", "message_id": "2ac8c195-ecb6-4f19-8759-91ec945dcc26", "role": "user", "content": "Hello, world!", "metadata": {}}}
{"timestamp": "2026-05-12T09:31:15.673450", "event": "message_added", "data": {"project_id": "5332fe5f-ce65-430c-a660-4dd3fa9e5e7b", "conversation_id": "d0d1c6a1-9e67-4f5b-91cb-4a36b24caf97", "message_id": "20ff84cb-456c-45a2-80a3-dff75dee8f8d", "role": "user", "content": "Message 1", "metadata": {}}}
{"timestamp": "2026-05-12T09:31:15.674810", "event": "message_added", "data": {"project_id": "5332fe5f-ce65-430c-a660-4dd3fa9e5e7b", "conversation_id": "d0d1c6a1-9e67-4f5b-91cb-4a36b24caf97", "message_id": "b3690d05-8987-48b5-b794-a4cfb1c190e9", "role": "assistant", "content": "Response 1", "metadata": {}}}
{"timestamp": "2026-05-12T09:31:15.740721", "event": "message_added", "data": {"project_id": "b66f68ae-3c71-4ebb-950c-77c9ee55f019", "conversation_id": "f51cecfd-d89d-449f-a576-1ec89868a1f8", "message_id": "aa60fc4e-7fa4-4cab-843e-09df3ae5aa82", "role": "user", "content": "这是一个重要的消息，记住目标", "metadata": {}}}
{"timestamp": "2026-05-12T09:31:15.907627", "event": "message_added", "data": {"project_id": "a2f9a706-413b-4d25-a208-2a78e031d134", "conversation_id": "0433bed2-9df5-4930-8c2b-f65e610b2777", "message_id": "84dd0497-2b0f-4c3c-a3ee-9e8895a8b58a", "role": "user", "content": "Hello", "metadata": {}}}
{"timestamp": "2026-05-12T09:31:15.923787", "event": "context_built", "data": {"project": "上下文测试"}}
{"timestamp": "2026-05-12T10:06:14.017428", "event": "message_added", "data": {"project_id": "d7f8b799-80bc-41de-8bac-3f72aa50007b", "conversation_id": "5bdbe601-eaa4-49bf-8c9c-ec63050792da", "message_id": "4961e1f9-2a4d-43a7-b7a2-5d36ad4cc662", "role": "user", "content": "Hello, world!", "metadata": {}}}
{"timestamp": "2026-05-12T10:06:14.107206", "event": "message_added", "data": {"project_id": "c5121e1e-0e3a-4b00-bc12-8da0c213cf53", "conversation_id": "1267cd4b-461a-4092-b0ca-9670617e4de6", "message_id": "9a9fb986-e756-433d-ae9c-b2de340749ba", "role": "user", "content": "Message 1", "metadata": {}}}
{"timestamp": "2026-05-12T10:06:14.109116", "event": "message_added", "data": {"project_id": "c5121e1e-0e3a-4b00-bc12-8da0c213cf53", "conversation_id": "1267cd4b-461a-4092-b0ca-9670617e4de6", "message_id": "a2aee42d-e5f3-49b1-a7e4-8baff542ac96", "role": "assistant", "content": "Response 1", "metadata": {}}}
{"timestamp": "2026-05-12T10:06:14.204310", "event": "message_added", "data": {"project_id": "306d673a-7d7a-4da4-aae3-1b6bc3151c13", "conversation_id": "725a0b07-3e01-4c40-aceb-2ff3e98838a7", "message_id": "2736dfe7-ea48-46fa-b9d5-97e22d6cec5c", "role": "user", "content": "这是一个重要的消息，记住目标", "metadata": {}}}
{"timestamp": "2026-05-12T10:06:14.557642", "event": "message_added", "data": {"project_id": "1703aadf-551d-4e11-9435-34ed8db5491c", "conversation_id": "f3c957b7-01f3-4289-8a9d-ce9dfc724b93", "message_id": "0e576476-f9b1-41ae-b384-45201cbe177f", "role": "user", "content": "Hello", "metadata": {}}}
{"timestamp": "2026-05-12T10:06:14.605287", "event": "context_built", "data": {"project": "上下文测试"}}
{"timestamp": "2026-05-12T10:21:04.885855", "event": "message_added", "data": {"project_id": "701c5d11-2ef1-41de-8890-5497a04db9d6", "conversation_id": "6a745e43-bfa8-410b-968c-b16e8117a26a", "message_id": "0cb76366-1564-4b02-a531-e28f6072544f", "role": "user", "content": "Hello, world!", "metadata": {}}}
{"timestamp": "2026-05-12T10:21:04.992711", "event": "message_added", "data": {"project_id": "0724da7c-0619-4fed-99c8-082499da294b", "conversation_id": "440bed8e-3b47-48e2-9c30-5a81d13aa641", "message_id": "2a34d795-c8e8-42be-8d1f-cc79847c0ca4", "role": "user", "content": "Message 1", "metadata": {}}}
{"timestamp": "2026-05-12T10:21:04.997841", "event": "message_added", "data": {"project_id": "0724da7c-0619-4fed-99c8-082499da294b", "conversation_id": "440bed8e-3b47-48e2-9c30-5a81d13aa641", "message_id": "e8cac4a8-a28e-47fb-8bfe-d0be34343ecd", "role": "assistant", "content": "Response 1", "metadata": {}}}
{"timestamp": "2026-05-12T10:21:05.150202", "event": "message_added", "data": {"project_id": "46f48bed-1b14-428c-bf4e-027610df3ca4", "conversation_id": "1cbbfe2b-7096-4c38-ab82-6fe8835a0d7a", "message_id": "fb3e123f-dcb3-4e70-afcd-bee79508cac7", "role": "user", "content": "这是一个重要的消息，记住目标", "metadata": {}}}
{"timestamp": "2026-05-12T10:21:05.436116", "event": "message_added", "data": {"project_id": "b400ddb2-3e64-41d1-9b06-dbf6e2053220", "conversation_id": "ce9eb19c-a845-45e9-9658-c840a3a74151", "message_id": "0605baaf-de2d-4325-b4a4-9a813cb0cd59", "role": "user", "content": "Hello", "metadata": {}}}
{"timestamp": "2026-05-12T10:21:05.495885", "event": "context_built", "data": {"project": "上下文测试"}}
{"timestamp": "2026-05-12T10:21:29.782513", "event": "message_added", "data": {"project_id": "3ff38b86-9062-4b36-b8e2-ccd5d48a2292", "conversation_id": "8819d219-5317-450a-bb0f-6805fe6c1204", "message_id": "a5ed546c-8020-4c04-9c87-be9289388d46", "role": "user", "content": "Hello, world!", "metadata": {}}}
{"timestamp": "2026-05-12T10:21:29.848410", "event": "message_added", "data": {"project_id": "60d7ede3-07dd-4937-af50-bb5928a9d1bc", "conversation_id": "3911caed-cd67-4110-b339-ec908087e848", "message_id": "f3aa741a-d52f-4551-beb2-c6fe9fefc3cc", "role": "user", "content": "Message 1", "metadata": {}}}
{"timestamp": "2026-05-12T10:21:29.852675", "event": "message_added", "data": {"project_id": "60d7ede3-07dd-4937-af50-bb5928a9d1bc", "conversation_id": "3911caed-cd67-4110-b339-ec908087e848", "message_id": "aa240f80-37a6-47d1-9b5e-01086f158a2c", "role": "assistant", "content": "Response 1", "metadata": {}}}
{"timestamp": "2026-05-12T10:21:29.930495", "event": "message_added", "data": {"project_id": "1ac158ef-2194-42f7-b212-56681c33daf3", "conversation_id": "68e737e2-4080-4431-b6d4-70ca465b69b7", "message_id": "c2c820fc-8496-4405-8245-0d19c3f10120", "role": "user", "content": "这是一个重要的消息，记住目标", "metadata": {}}}
{"timestamp": "2026-05-12T10:21:30.124335", "event": "message_added", "data": {"project_id": "f4468f90-22ec-4052-8d33-22d6f48c0547", "conversation_id": "3fea9f88-19f7-456b-93f1-5ca8a6b1d72f", "message_id": "1332e56b-66e9-4356-b03b-e135d01af8e2", "role": "user", "content": "Hello", "metadata": {}}}
{"timestamp": "2026-05-12T10:21:30.146305", "event": "context_built", "data": {"project": "上下文测试"}}
{"timestamp": "2026-05-12T19:22:25.584068", "event": "message_added", "data": {"project_id": "a0650419-b938-41e1-939a-b5dabb659052", "conversation_id": "048c5ef8-67d6-47f8-bded-a3d725e65ada", "message_id": "7e809e22-b8f5-41a2-ba86-7cfdd392a16e", "role": "user", "content": "Hello, world!", "metadata": {}}}
{"timestamp": "2026-05-12T19:22:25.634307", "event": "message_added", "data": {"project_id": "79e1273d-cbf9-4bf2-b471-07656c4fa491", "conversation_id": "6c6f5e6d-c364-4a8e-91bd-b8f27a87656b", "message_id": "73a628ac-5607-4456-a88f-abb1f3f28873", "role": "user", "content": "Message 1", "metadata": {}}}
{"timestamp": "2026-05-12T19:22:25.641582", "event": "message_added", "data": {"project_id": "79e1273d-cbf9-4bf2-b471-07656c4fa491", "conversation_id": "6c6f5e6d-c364-4a8e-91bd-b8f27a87656b", "message_id": "f4665d2f-54fe-4d28-b3e5-d9d51fb6f9d5", "role": "assistant", "content": "Response 1", "metadata": {}}}
{"timestamp": "2026-05-12T19:22:25.761582", "event": "message_added", "data": {"project_id": "015479cf-7c67-46fe-a4b5-c75f34f34d55", "conversation_id": "85f7f17c-95a8-4c01-8efd-1290ebed6fe6", "message_id": "e7271843-bb6a-4a35-abff-aa5717e5957d", "role": "user", "content": "这是一个重要的消息，记住目标", "metadata": {}}}
{"timestamp": "2026-05-12T19:22:25.910907", "event": "message_added", "data": {"project_id": "34a6d4ba-5574-4b4e-b84b-f8530097a9ed", "conversation_id": "87d7930f-fee6-4513-ab25-eafeab5227be", "message_id": "d325b62a-9f1a-46d1-ae2c-85c3f242ffd4", "role": "user", "content": "Hello", "metadata": {}}}
{"timestamp": "2026-05-12T19:22:25.937409", "event": "context_built", "data": {"project": "上下文测试"}}
{"timestamp": "2026-05-12T19:47:34.299440", "event": "message_added", "data": {"project_id": "22a0fa30-98ca-424d-9acb-b4a6b5bcea6b", "conversation_id": "7c1dae77-6598-4bfd-9e84-99f54864f6c6", "message_id": "98a86406-024e-4ed1-b64d-29fce38783ed", "role": "user", "content": "Hello, world!", "metadata": {}}}
{"timestamp": "2026-05-12T19:47:34.449945", "event": "message_added", "data": {"project_id": "674cfd46-9718-4b59-9c1b-4fa21f8fffc9", "conversation_id": "86424ca8-c7e4-47a4-aa4a-a7dc3308d65b", "message_id": "66715852-7336-4307-aa78-42e5bac02ad0", "role": "user", "content": "Message 1", "metadata": {}}}
{"timestamp": "2026-05-12T19:47:34.454959", "event": "message_added", "data": {"project_id": "674cfd46-9718-4b59-9c1b-4fa21f8fffc9", "conversation_id": "86424ca8-c7e4-47a4-aa4a-a7dc3308d65b", "message_id": "f5c2ddde-ee60-4438-b755-76ebea0b3d25", "role": "assistant", "content": "Response 1", "metadata": {}}}
{"timestamp": "2026-05-12T19:47:28.097530", "event": "message_added", "data": {"project_id": "13d9f435-bc40-41ea-b270-17920172eff1", "conversation_id": "79d62f68-ed42-417d-9794-357a10a8397c", "message_id": "d9019f50-c84b-431b-b58a-97abeef66d56", "role": "user", "content": "这是一个重要的消息，记住目标", "metadata": {}}}
{"timestamp": "2026-05-12T19:47:28.375353", "event": "message_added", "data": {"project_id": "91389fb7-ee40-4d27-91d8-5aa098c6dc23", "conversation_id": "ae970a60-89ff-42d6-a979-4652a10047df", "message_id": "543d9a71-9449-4320-a893-010481f17e71", "role": "user", "content": "Hello", "metadata": {}}}
{"timestamp": "2026-05-12T19:47:28.389631", "event": "context_built", "data": {"project": "上下文测试"}}
{"timestamp": "2026-05-12T20:09:47.137642", "event": "message_added", "data": {"project_id": "204c30ae-be45-427c-9624-701bfa5bcdf5", "conversation_id": "1c748044-8fbe-4a6b-b2d1-5427a8edd3f9", "message_id": "d230426f-6b2e-4b5c-8615-f2077eac8009", "role": "user", "content": "Hello, world!", "metadata": {}}}
{"timestamp": "2026-05-12T20:09:47.236035", "event": "message_added", "data": {"project_id": "cad3d76c-817d-4d5d-afb0-87e33f484630", "conversation_id": "60f735fa-40ab-4c2f-8891-8cc65e6f894b", "message_id": "fa95ceeb-8344-4b26-af10-05fe32b4a201", "role": "user", "content": "Message 1", "metadata": {}}}
{"timestamp": "2026-05-12T20:09:47.241357", "event": "message_added", "data": {"project_id": "cad3d76c-817d-4d5d-afb0-87e33f484630", "conversation_id": "60f735fa-40ab-4c2f-8891-8cc65e6f894b", "message_id": "8a9e0885-3897-4d8a-9f4e-225e50b2de42", "role": "assistant", "content": "Response 1", "metadata": {}}}
{"timestamp": "2026-05-12T20:09:47.442853", "event": "message_added", "data": {"project_id": "3b24aa7c-148e-4672-87b6-39c65b584bf5", "conversation_id": "d3d4f3a7-753f-410a-9dde-dd47d0b28810", "message_id": "4d68f587-7eb9-4802-afc2-4b3d6d4b161a", "role": "user", "content": "这是一个重要的消息，记住目标", "metadata": {}}}
{"timestamp": "2026-05-12T20:09:47.681652", "event": "message_added", "data": {"project_id": "af6ab501-0324-49e8-8ea8-4c01e9b3f9cf", "conversation_id": "e20f1b52-a8a2-411e-a993-62dedb0588cb", "message_id": "aad65540-5d02-4ba5-a730-c81eadf6f40c", "role": "user", "content": "Hello", "metadata": {}}}
{"timestamp": "2026-05-12T20:09:47.751821", "event": "context_built", "data": {"project": "上下文测试"}}
{"timestamp": "2026-05-12T20:33:08.284224", "event": "message_added", "data": {"project_id": "9cb38a63-7172-4a85-af9d-3fc255bdc25a", "conversation_id": "048d6075-ec35-469f-896a-fe6a89dac1f2", "message_id": "ac0b7a02-8bae-4a5f-9a6b-73a44bae6772", "role": "user", "content": "Hello, world!", "metadata": {}}}
{"timestamp": "2026-05-12T20:33:08.365710", "event": "message_added", "data": {"project_id": "eea0b182-8728-45bb-bb17-3b4f3b425f61", "conversation_id": "c280c06f-0db8-484a-bae4-ad438fc80eb5", "message_id": "79736791-24d1-4c5e-84c0-f1da68f609a0", "role": "user", "content": "Message 1", "metadata": {}}}
{"timestamp": "2026-05-12T20:33:08.368187", "event": "message_added", "data": {"project_id": "eea0b182-8728-45bb-bb17-3b4f3b425f61", "conversation_id": "c280c06f-0db8-484a-bae4-ad438fc80eb5", "message_id": "8a804cde-a88d-4e4e-bb19-b03a5a22457d", "role": "assistant", "content": "Response 1", "metadata": {}}}
{"timestamp": "2026-05-12T20:33:08.459720", "event": "message_added", "data": {"project_id": "852b8fcf-7035-4caa-bc51-d3871ad149e7", "conversation_id": "5b02d09d-0364-48e5-a8c3-6c2b575e3f84", "message_id": "2e96e24f-740b-4e1d-834a-b7b60b88abeb", "role": "user", "content": "这是一个重要的消息，记住目标", "metadata": {}}}
{"timestamp": "2026-05-12T20:33:08.679302", "event": "message_added", "data": {"project_id": "a9055c46-1c5c-4a7e-8681-a5a79b1dc92e", "conversation_id": "d4a77cff-6080-4f93-84c5-b02d2b924189", "message_id": "239c55eb-28fb-4272-aec5-e22a2206b979", "role": "user", "content": "Hello", "metadata": {}}}
{"timestamp": "2026-05-12T20:33:08.699414", "event": "context_built", "data": {"project": "上下文测试"}}
{"timestamp": "2026-05-12T21:06:25.453403", "event": "message_added", "data": {"project_id": "0079f856-650d-43e9-a044-a3202bd5be5a", "conversation_id": "0fcedd0a-fe99-4ea7-8034-fe3c677f37a4", "message_id": "045b6ba6-c6c5-481c-bad8-147188f12240", "role": "user", "content": "Hello, world!", "metadata": {}}}
{"timestamp": "2026-05-12T21:06:25.514779", "event": "message_added", "data": {"project_id": "c4cc723c-ff27-4818-adef-5af49bf33ccb", "conversation_id": "5a2f0224-581d-4e0e-b893-4a74c4aacd58", "message_id": "4b145bc5-5d79-45d6-91e5-7c70e2424b0c", "role": "user", "content": "Message 1", "metadata": {}}}
{"timestamp": "2026-05-12T21:06:25.521048", "event": "message_added", "data": {"project_id": "c4cc723c-ff27-4818-adef-5af49bf33ccb", "conversation_id": "5a2f0224-581d-4e0e-b893-4a74c4aacd58", "message_id": "af200a4f-2b32-426c-9c45-591b263eb6e5", "role": "assistant", "content": "Response 1", "metadata": {}}}
{"timestamp": "2026-05-12T21:06:25.813222", "event": "message_added", "data": {"project_id": "9d7a9220-dd1f-4e78-8288-f57ad0123889", "conversation_id": "b0ac2776-b71b-46c6-ac9d-d9cf833672d9", "message_id": "d1fffa78-1cad-4454-969e-19cbe8ee6d86", "role": "user", "content": "这是一个重要的消息，记住目标", "metadata": {}}}
{"timestamp": "2026-05-12T21:06:26.246116", "event": "message_added", "data": {"project_id": "be9d724b-772c-4281-ab37-eee482c0afad", "conversation_id": "be5349b3-7ab0-40b4-87ae-2799cd6e2d28", "message_id": "1312e0fe-8a98-4dc4-acf4-9df6c45325db", "role": "user", "content": "Hello", "metadata": {}}}
{"timestamp": "2026-05-12T21:06:26.271567", "event": "context_built", "data": {"project": "上下文测试"}}
{"timestamp": "2026-05-12T22:49:04.324336", "event": "message_added", "data": {"project_id": "4827a759-a329-4dcb-bfc6-ec7599d01540", "conversation_id": "777ae4d4-10b3-47b4-82e6-95110a75519a", "message_id": "a7a12008-6448-4b56-b0ed-c79470656dd8", "role": "user", "content": "Hello, world!", "metadata": {}}}
{"timestamp": "2026-05-12T22:49:04.455140", "event": "message_added", "data": {"project_id": "bf6969ad-3fed-4be2-b9a2-67e5bc1030cc", "conversation_id": "4286e5b9-446e-4065-be4e-87d0d162523a", "message_id": "484d06d4-1b13-4fa3-8e1f-b90b40c24cc8", "role": "user", "content": "Message 1", "metadata": {}}}
{"timestamp": "2026-05-12T22:49:04.459726", "event": "message_added", "data": {"project_id": "bf6969ad-3fed-4be2-b9a2-67e5bc1030cc", "conversation_id": "4286e5b9-446e-4065-be4e-87d0d162523a", "message_id": "f9715acf-08ea-48ae-8025-430dfdf729e7", "role": "assistant", "content": "Response 1", "metadata": {}}}
{"timestamp": "2026-05-12T22:49:04.697800", "event": "message_added", "data": {"project_id": "db604e64-ee15-4a0e-a480-f5e609aa3346", "conversation_id": "22bd960c-f4f5-4653-868b-6c1b4f7a7fff", "message_id": "06fb9915-32f1-46ae-aac6-0edb7cfcedc4", "role": "user", "content": "这是一个重要的消息，记住目标", "metadata": {}}}
{"timestamp": "2026-05-12T22:49:11.306499", "event": "message_added", "data": {"project_id": "c4e4bf07-64a7-4746-8abd-1dc3e03505f9", "conversation_id": "6ef7f914-26a9-4955-8b67-b58f98f1fdb0", "message_id": "2d4a8a0c-01a8-4531-8c6c-1191023a8df7", "role": "user", "content": "Hello", "metadata": {}}}
{"timestamp": "2026-05-12T22:49:11.360627", "event": "context_built", "data": {"project": "上下文测试"}}
{"timestamp": "2026-05-12T22:51:55.552438", "event": "message_added", "data": {"project_id": "9d9016e5-c5d9-4219-93ec-a899fabfe0af", "conversation_id": "3d1240ba-6cf8-4e1a-adc2-2a2aecc573a6", "message_id": "db9f91ff-f6b6-4ad5-910e-87f0cb72b826", "role": "user", "content": "Hello, world!", "metadata": {}}}
{"timestamp": "2026-05-12T22:51:55.635047", "event": "message_added", "data": {"project_id": "f01470f1-bf66-4a2d-b522-0ba5f492bc80", "conversation_id": "0ea103d0-5617-4656-9aa2-16e1531148bc", "message_id": "df2341e3-caa2-4874-9b10-30640a73e2a1", "role": "user", "content": "Message 1", "metadata": {}}}
{"timestamp": "2026-05-12T22:51:55.636430", "event": "message_added", "data": {"project_id": "f01470f1-bf66-4a2d-b522-0ba5f492bc80", "conversation_id": "0ea103d0-5617-4656-9aa2-16e1531148bc", "message_id": "55bc74d8-351b-4b19-b25a-0297db22acc9", "role": "assistant", "content": "Response 1", "metadata": {}}}
{"timestamp": "2026-05-12T22:51:55.735377", "event": "message_added", "data": {"project_id": "d85aa3d3-3701-46d1-8d0e-e05c306482df", "conversation_id": "3cf34db5-e843-4ab2-aafb-ba2bdf7826d0", "message_id": "765a1076-3661-48cb-a1a1-e0368ed0d116", "role": "user", "content": "这是一个重要的消息，记住目标", "metadata": {}}}
{"timestamp": "2026-05-12T22:51:55.921422", "event": "message_added", "data": {"project_id": "01777b0b-9ba8-4a07-bf68-bc94169a3cb4", "conversation_id": "3d565346-9be1-473a-9e35-f005c284c11c", "message_id": "87974cc4-e030-4a47-b281-c08abeff32ef", "role": "user", "content": "Hello", "metadata": {}}}
{"timestamp": "2026-05-12T22:51:55.943480", "event": "context_built", "data": {"project": "上下文测试"}}
{"timestamp": "2026-05-12T22:53:22.077733", "event": "message_added", "data": {"project_id": "37d28534-72c8-4d5e-8774-bc0080a28799", "conversation_id": "98882f21-2394-4022-9be9-94a962324c64", "message_id": "28c49c35-d949-46e9-bda1-b2337e05bd64", "role": "user", "content": "Hello, world!", "metadata": {}}}
{"timestamp": "2026-05-12T22:53:22.152753", "event": "message_added", "data": {"project_id": "7fe19cca-0f83-409e-ba02-d22d8d559acf", "conversation_id": "662ae57d-5700-47f0-a92b-5482532ec48a", "message_id": "85b6d78e-9e29-45b2-98ae-abee3e0ec608", "role": "user", "content": "Message 1", "metadata": {}}}
{"timestamp": "2026-05-12T22:53:22.154743", "event": "message_added", "data": {"project_id": "7fe19cca-0f83-409e-ba02-d22d8d559acf", "conversation_id": "662ae57d-5700-47f0-a92b-5482532ec48a", "message_id": "bda80b5d-d022-4747-af8d-18a96ff6242e", "role": "assistant", "content": "Response 1", "metadata": {}}}
{"timestamp": "2026-05-12T22:53:22.281969", "event": "message_added", "data": {"project_id": "111e2de3-6210-4ec5-af96-e27f533a9aed", "conversation_id": "1e680269-a7e3-42fb-9291-79065c85e106", "message_id": "ec12cda4-4939-4734-87f7-9bb818a0b36c", "role": "user", "content": "这是一个重要的消息，记住目标", "metadata": {}}}
{"timestamp": "2026-05-12T22:53:15.687494", "event": "message_added", "data": {"project_id": "252348ca-1585-42a2-b374-c77e6a983564", "conversation_id": "b707c23f-3e25-4bd4-a34f-310a66fc60be", "message_id": "3ea9fae0-a438-496e-90d0-a61ecb34d94f", "role": "user", "content": "Hello", "metadata": {}}}
{"timestamp": "2026-05-12T22:53:15.709459", "event": "context_built", "data": {"project": "上下文测试"}}
{"timestamp": "2026-05-12T22:55:22.271601", "event": "message_added", "data": {"project_id": "42047eaf-6b6c-48cb-b270-3cc0f7919f3c", "conversation_id": "45334495-9391-4ed7-8953-4f120cd851a3", "message_id": "6485407b-e21c-4eda-964d-0f1676d5dc0e", "role": "user", "content": "Hello, world!", "metadata": {}}}
{"timestamp": "2026-05-12T22:55:22.374335", "event": "message_added", "data": {"project_id": "dfb52ee1-17a3-41b2-b704-0a023798977a", "conversation_id": "ce95e40f-16e6-48d7-80e5-47605ad643f4", "message_id": "3b709f41-0f43-4c04-8ee5-46524cad8933", "role": "user", "content": "Message 1", "metadata": {}}}
{"timestamp": "2026-05-12T22:55:22.376847", "event": "message_added", "data": {"project_id": "dfb52ee1-17a3-41b2-b704-0a023798977a", "conversation_id": "ce95e40f-16e6-48d7-80e5-47605ad643f4", "message_id": "7db463b8-d8d7-40fc-9111-36e91dfb30ec", "role": "assistant", "content": "Response 1", "metadata": {}}}
{"timestamp": "2026-05-12T22:55:22.539521", "event": "message_added", "data": {"project_id": "72694cff-46a8-475e-8076-9c51bac5bd75", "conversation_id": "c9181a04-0c32-4ec2-99a6-60750df745f5", "message_id": "2b4561ab-eda5-4ebe-af4f-b5a48f917082", "role": "user", "content": "这是一个重要的消息，记住目标", "metadata": {}}}
{"timestamp": "2026-05-12T22:55:22.769929", "event": "message_added", "data": {"project_id": "aad8ac7f-9496-41a9-9a14-82027d975e39", "conversation_id": "8cc0b930-e3fc-4edb-8b9c-5bc5187777ff", "message_id": "82654d3d-5790-4b96-9162-8f0b63443e8e", "role": "user", "content": "Hello", "metadata": {}}}
{"timestamp": "2026-05-12T22:55:22.794089", "event": "context_built", "data": {"project": "上下文测试"}}
{"timestamp": "2026-05-12T23:09:01.213812", "event": "message_added", "data": {"project_id": "a0842821-0105-4af1-9648-4d62ebcf1fed", "conversation_id": "b88dbd33-d54b-4ff3-acde-8c675da1a011", "message_id": "fed6f75b-4d7a-45e5-bcab-9133f2840f08", "role": "user", "content": "Hello, world!", "metadata": {}}}
{"timestamp": "2026-05-12T23:09:01.274614", "event": "message_added", "data": {"project_id": "b647cac1-7ccc-41c3-bdd9-7d64cc238be8", "conversation_id": "ed9b0a13-9e7e-4bda-8b93-04ea4370cc28", "message_id": "c75128a3-a0d6-4d12-8f06-b1d093360fb6", "role": "user", "content": "Message 1", "metadata": {}}}
{"timestamp": "2026-05-12T23:09:01.276569", "event": "message_added", "data": {"project_id": "b647cac1-7ccc-41c3-bdd9-7d64cc238be8", "conversation_id": "ed9b0a13-9e7e-4bda-8b93-04ea4370cc28", "message_id": "7c3af7c3-fb2d-4304-8052-0b6ff3f50fae", "role": "assistant", "content": "Response 1", "metadata": {}}}
{"timestamp": "2026-05-12T23:09:01.358957", "event": "message_added", "data": {"project_id": "2ff5a627-052f-4c00-b82e-11e780f4f3a6", "conversation_id": "a294d3b3-e273-4ee3-a071-30f70e3b5573", "message_id": "98e4838a-d059-4aef-8fbf-ebc3f5f91cf5", "role": "user", "content": "这是一个重要的消息，记住目标", "metadata": {}}}
{"timestamp": "2026-05-12T23:09:01.597265", "event": "message_added", "data": {"project_id": "cf737aee-1138-45e3-aa61-ffd7daf061a4", "conversation_id": "8dda34b6-91f4-4785-ae08-3ec917578f4d", "message_id": "809aa193-1201-445a-9bac-23d9cc906b9b", "role": "user", "content": "Hello", "metadata": {}}}
{"timestamp": "2026-05-12T23:09:01.616782", "event": "context_built", "data": {"project": "上下文测试"}}
{"timestamp": "2026-05-12T23:10:45.656063", "event": "message_added", "data": {"project_id": "5fd5e246-3b4f-49d2-a151-114eb5e7507a", "conversation_id": "2e3679c9-52c2-4364-920c-c542d37c305a", "message_id": "c2602f7e-03d7-409e-9953-cb063d95ca86", "role": "user", "content": "Hello, world!", "metadata": {}}}
{"timestamp": "2026-05-12T23:10:45.737258", "event": "message_added", "data": {"project_id": "f0d23e2d-f1aa-4913-af08-78f05eaf5736", "conversation_id": "fdcf2b52-7b2e-487c-b1ba-aacbccae95b7", "message_id": "9be9057f-4137-4806-bcfa-d011c894b0d6", "role": "user", "content": "Message 1", "metadata": {}}}
{"timestamp": "2026-05-12T23:10:45.744454", "event": "message_added", "data": {"project_id": "f0d23e2d-f1aa-4913-af08-78f05eaf5736", "conversation_id": "fdcf2b52-7b2e-487c-b1ba-aacbccae95b7", "message_id": "b5fdea42-c387-4cf5-8618-ed066eee0613", "role": "assistant", "content": "Response 1", "metadata": {}}}
{"timestamp": "2026-05-12T23:10:45.859721", "event": "message_added", "data": {"project_id": "03c33a5b-cbf6-49f9-a355-2ecd274e25bb", "conversation_id": "2804493d-5f35-4e48-9a47-6be7fd6097b6", "message_id": "edddf737-02f7-43d4-a3cf-158fd2588df9", "role": "user", "content": "这是一个重要的消息，记住目标", "metadata": {}}}
{"timestamp": "2026-05-12T23:10:46.113138", "event": "message_added", "data": {"project_id": "fc6e5d3f-0a42-4cd8-bac4-aea90fbaa435", "conversation_id": "5f212b31-3608-409d-886d-0d4b08d9aa76", "message_id": "bad68acf-2401-4b11-b9e0-8224bbf85a55", "role": "user", "content": "Hello", "metadata": {}}}
{"timestamp": "2026-05-12T23:10:46.157365", "event": "context_built", "data": {"project": "上下文测试"}}
{"timestamp": "2026-05-12T23:11:44.355745", "event": "message_added", "data": {"project_id": "3ed4d048-7e36-4c19-ad77-c420bcc244f0", "conversation_id": "3cefd388-3418-4aa0-b3bc-d8710fa91dc7", "message_id": "8c4ab1cc-1fbc-42f0-b0c8-7464a7b37348", "role": "user", "content": "Hello, world!", "metadata": {}}}
{"timestamp": "2026-05-12T23:11:44.424416", "event": "message_added", "data": {"project_id": "2e56983f-0f5e-48d0-83f1-895dc2580011", "conversation_id": "2eb5c79f-f16b-4efe-b8e5-d67448b7f23a", "message_id": "4e14ee7a-a7a4-487c-9a8d-ca0f188a14ed", "role": "user", "content": "Message 1", "metadata": {}}}
{"timestamp": "2026-05-12T23:11:44.427077", "event": "message_added", "data": {"project_id": "2e56983f-0f5e-48d0-83f1-895dc2580011", "conversation_id": "2eb5c79f-f16b-4efe-b8e5-d67448b7f23a", "message_id": "5e76c8bf-0aeb-429f-b58e-780eb740c2a5", "role": "assistant", "content": "Response 1", "metadata": {}}}
{"timestamp": "2026-05-12T23:11:44.518417", "event": "message_added", "data": {"project_id": "caf064b0-6299-401c-a1bb-d1545667bbc8", "conversation_id": "73e335e2-e55f-4d8b-a572-11674676d189", "message_id": "9b2f48ff-6ee1-4825-a849-50ff33babf15", "role": "user", "content": "这是一个重要的消息，记住目标", "metadata": {}}}
{"timestamp": "2026-05-12T23:11:44.732808", "event": "message_added", "data": {"project_id": "f0047430-8dce-4366-a699-f4d529cdad6a", "conversation_id": "921d5976-2475-4e2f-9be6-4c3ff475ddbb", "message_id": "94c06fcc-0caf-4d2d-8a54-4dd028aecfd6", "role": "user", "content": "Hello", "metadata": {}}}
{"timestamp": "2026-05-12T23:11:44.781925", "event": "context_built", "data": {"project": "上下文测试"}}
{"timestamp": "2026-05-13T02:52:28.966485", "event": "message_added", "data": {"project_id": "22fa4719-196c-4d83-9a7d-46d285947379", "conversation_id": "d1bf1054-aba1-442e-a4bc-0d62924c7eaf", "message_id": "51d24c60-b001-4096-b617-d5e3af9a261e", "role": "user", "content": "Hello, world!", "metadata": {}}}
{"timestamp": "2026-05-13T02:52:29.061806", "event": "message_added", "data": {"project_id": "254f25ef-55a7-4402-9a20-f5887428faa7", "conversation_id": "86334162-d71e-401a-bcfe-427ff9d19f8c", "message_id": "459d1efe-d8d0-48b8-a9ab-d16347d71cc5", "role": "user", "content": "Message 1", "metadata": {}}}
{"timestamp": "2026-05-13T02:52:29.063940", "event": "message_added", "data": {"project_id": "254f25ef-55a7-4402-9a20-f5887428faa7", "conversation_id": "86334162-d71e-401a-bcfe-427ff9d19f8c", "message_id": "3451775e-9715-4bc0-8059-3437c7fd05be", "role": "assistant", "content": "Response 1", "metadata": {}}}
{"timestamp": "2026-05-13T02:52:29.166827", "event": "message_added", "data": {"project_id": "0cebf760-93de-45fb-8525-ea6a0f2fc940", "conversation_id": "4dd9df85-7ec2-4a71-8c8f-20dbc4ce4b28", "message_id": "1da75025-5528-4b1a-9887-61b84d4c15a6", "role": "user", "content": "这是一个重要的消息，记住目标", "metadata": {}}}
{"timestamp": "2026-05-13T02:52:29.470114", "event": "message_added", "data": {"project_id": "a1b45561-ddee-4161-8ca9-b1273781d19a", "conversation_id": "2041c54a-048b-4041-8364-6ebfda3e3fc6", "message_id": "1b54c019-1dad-490b-90eb-8c04af601c82", "role": "user", "content": "Hello", "metadata": {}}}
{"timestamp": "2026-05-13T02:52:29.522425", "event": "context_built", "data": {"project": "上下文测试"}}
{"timestamp": "2026-05-13T05:22:27.666376", "event": "message_added", "data": {"project_id": "71b0d353-6a33-452e-9ca4-6ac2f35a5556", "conversation_id": "c13d5eb6-0a94-471e-b953-80047e678934", "message_id": "88ed3d3a-7c70-4e75-bd1a-567058b2054a", "role": "user", "content": "Hello, world!", "metadata": {}}}
{"timestamp": "2026-05-13T05:22:27.788852", "event": "message_added", "data": {"project_id": "81c4d63a-bdc0-456a-b4a9-e98845f867cc", "conversation_id": "9df58fc1-9c7a-4f9b-b190-e009e743f316", "message_id": "e35b5db1-1539-4fe9-a476-e2616f917a82", "role": "user", "content": "Message 1", "metadata": {}}}
{"timestamp": "2026-05-13T05:22:27.801549", "event": "message_added", "data": {"project_id": "81c4d63a-bdc0-456a-b4a9-e98845f867cc", "conversation_id": "9df58fc1-9c7a-4f9b-b190-e009e743f316", "message_id": "67d25010-6820-459b-97d0-262ffcee4df2", "role": "assistant", "content": "Response 1", "metadata": {}}}
{"timestamp": "2026-05-13T05:22:27.978234", "event": "message_added", "data": {"project_id": "af634cc2-97ee-44fd-b378-a5d2645477be", "conversation_id": "6e2c915c-8b3e-4437-bf77-bea62b7385fd", "message_id": "28a50573-fe32-436d-89e7-55de17bffce9", "role": "user", "content": "这是一个重要的消息，记住目标", "metadata": {}}}
{"timestamp": "2026-05-13T05:22:28.284181", "event": "message_added", "data": {"project_id": "cb972814-c305-4b77-bae5-8c8575f8a7d9", "conversation_id": "69613c03-6ad0-4bf1-b081-195e560a6da6", "message_id": "655600a5-8be3-4ace-908b-43712056ed78", "role": "user", "content": "Hello", "metadata": {}}}
{"timestamp": "2026-05-13T05:22:28.310893", "event": "context_built", "data": {"project": "上下文测试"}}
{"timestamp": "2026-05-13T05:35:03.116340", "event": "message_added", "data": {"project_id": "877ddad6-a0dc-46dc-afdc-804a3e42fd08", "conversation_id": "b2e5fac3-1f0f-417f-a053-8f2c03e6acfa", "message_id": "a8fd078b-1a47-4ad1-9b2c-70ac62203336", "role": "user", "content": "Hello, world!", "metadata": {}}}
{"timestamp": "2026-05-13T05:35:03.208027", "event": "message_added", "data": {"project_id": "a44d3d0b-2b16-4bd8-81c7-589c933a343c", "conversation_id": "7c04d61c-b0ef-4eb4-8bfe-59c30018364f", "message_id": "32e2bfdd-69fc-49e2-b24d-472b1068f3af", "role": "user", "content": "Message 1", "metadata": {}}}
{"timestamp": "2026-05-13T05:35:03.212280", "event": "message_added", "data": {"project_id": "a44d3d0b-2b16-4bd8-81c7-589c933a343c", "conversation_id": "7c04d61c-b0ef-4eb4-8bfe-59c30018364f", "message_id": "459831f0-8c4f-466b-ac78-65c827dc1c98", "role": "assistant", "content": "Response 1", "metadata": {}}}
{"timestamp": "2026-05-13T05:35:03.307953", "event": "message_added", "data": {"project_id": "c43ce897-c8d1-4ed2-b5c4-67ecd744459f", "conversation_id": "15556523-f01e-424b-8fce-5233b5793dc2", "message_id": "5b3d2683-82d7-4985-bef6-a494caa677e0", "role": "user", "content": "这是一个重要的消息，记住目标", "metadata": {}}}
{"timestamp": "2026-05-13T05:35:03.524095", "event": "message_added", "data": {"project_id": "d60ec619-5658-4cb1-aa65-f9fc6f25cdf4", "conversation_id": "a38e1631-37c7-4a92-a982-496a31b4fc75", "message_id": "f2782a03-650f-4f32-af31-b575f81c486b", "role": "user", "content": "Hello", "metadata": {}}}
{"timestamp": "2026-05-13T05:35:03.547635", "event": "context_built", "data": {"project": "上下文测试"}}
{"timestamp": "2026-05-13T05:36:03.682480", "event": "message_added", "data": {"project_id": "9509d564-b286-4c2d-8646-9f2a2ec9fcf9", "conversation_id": "5c22c279-0776-454d-934d-e0e160673471", "message_id": "f5b675ec-751a-49fd-918b-809257409452", "role": "user", "content": "Hello, world!", "metadata": {}}}
{"timestamp": "2026-05-13T05:36:03.770656", "event": "message_added", "data": {"project_id": "6470989f-16a0-461d-a76c-4bc740db751e", "conversation_id": "6007e5d1-893e-49f9-a3ac-39a75cbdc285", "message_id": "ab06068d-0cf6-48cd-a305-5e9510ea6c3f", "role": "user", "content": "Message 1", "metadata": {}}}
{"timestamp": "2026-05-13T05:36:03.772113", "event": "message_added", "data": {"project_id": "6470989f-16a0-461d-a76c-4bc740db751e", "conversation_id": "6007e5d1-893e-49f9-a3ac-39a75cbdc285", "message_id": "13a9dd47-a0e1-4675-a9f8-123c8ff73fdb", "role": "assistant", "content": "Response 1", "metadata": {}}}
{"timestamp": "2026-05-13T05:36:03.891990", "event": "message_added", "data": {"project_id": "ae8957b6-ea6c-477d-bac1-f727c438e222", "conversation_id": "c43b6291-3a7f-4fb4-85c5-56fb3957849e", "message_id": "f38080d1-693e-4746-817f-a421d759a30e", "role": "user", "content": "这是一个重要的消息，记住目标", "metadata": {}}}
{"timestamp": "2026-05-13T05:36:04.179464", "event": "message_added", "data": {"project_id": "0bee22f0-54a4-4070-9411-f56ff7b09f8c", "conversation_id": "f2bc8ce9-e29d-4445-af48-46c18a6b02b9", "message_id": "a69bcffb-89a5-4811-acdc-d46f93fd6636", "role": "user", "content": "Hello", "metadata": {}}}
{"timestamp": "2026-05-13T05:36:04.210458", "event": "context_built", "data": {"project": "上下文测试"}}
{"timestamp": "2026-05-13T07:15:43.666429", "event": "message_added", "data": {"project_id": "2574d640-1b75-4435-b6f7-e473c8dedf1b", "conversation_id": "673c59e3-2fb8-41f4-a64b-28d16e596821", "message_id": "47da0cdf-abd5-401a-b06b-ddcd1edf3e12", "role": "user", "content": "Hello, world!", "metadata": {}}}
{"timestamp": "2026-05-13T07:15:43.785380", "event": "message_added", "data": {"project_id": "213c8444-6769-47d5-9b6c-1adb079f15a9", "conversation_id": "86fb5f20-694c-4f7e-8753-cdbdf211a647", "message_id": "b96fe342-e879-4ac0-9680-03ec686898a6", "role": "user", "content": "Message 1", "metadata": {}}}
{"timestamp": "2026-05-13T07:15:43.789798", "event": "message_added", "data": {"project_id": "213c8444-6769-47d5-9b6c-1adb079f15a9", "conversation_id": "86fb5f20-694c-4f7e-8753-cdbdf211a647", "message_id": "4f7bfffb-1637-46c4-aee9-7ea52bf25734", "role": "assistant", "content": "Response 1", "metadata": {}}}
{"timestamp": "2026-05-13T07:15:43.910467", "event": "message_added", "data": {"project_id": "a9558be2-10c2-4f4d-ae70-b7f3e7e2d77d", "conversation_id": "fd333b96-8f60-44c4-b1b7-f87619bc8e3b", "message_id": "52ea8d9f-46d3-4156-a2b6-e5583728f56f", "role": "user", "content": "这是一个重要的消息，记住目标", "metadata": {}}}
{"timestamp": "2026-05-13T07:15:44.184214", "event": "message_added", "data": {"project_id": "23f8e869-35f3-4cd7-b810-b47cfdb5d316", "conversation_id": "ef42262b-132e-41e0-9234-3294927d9a3a", "message_id": "6ccc179c-145f-4c43-bf79-4c89a485b4a2", "role": "user", "content": "Hello", "metadata": {}}}
{"timestamp": "2026-05-13T07:15:44.225529", "event": "context_built", "data": {"project": "上下文测试"}}
{"timestamp": "2026-05-13T08:01:45.867931", "event": "message_added", "data": {"project_id": "d2380c4f-b046-47e2-b640-772ffbdb185f", "conversation_id": "a7741116-a3f8-42df-b556-d38b3d7f002b", "message_id": "abd43042-fd19-48a7-a2e7-807dd67053f3", "role": "user", "content": "Hello, world!", "metadata": {}}}
{"timestamp": "2026-05-13T08:01:45.980805", "event": "message_added", "data": {"project_id": "171fbfa3-f439-47b2-a8f3-e896eaefed6e", "conversation_id": "e792aefe-20e1-4e6e-9c50-f78cc9d57345", "message_id": "f0fd867c-2366-4ed9-8c21-a3cf8fc1f99c", "role": "user", "content": "Message 1", "metadata": {}}}
{"timestamp": "2026-05-13T08:01:45.984635", "event": "message_added", "data": {"project_id": "171fbfa3-f439-47b2-a8f3-e896eaefed6e", "conversation_id": "e792aefe-20e1-4e6e-9c50-f78cc9d57345", "message_id": "5b51dc87-ff1e-46fb-a5bf-8f76616108ac", "role": "assistant", "content": "Response 1", "metadata": {}}}
{"timestamp": "2026-05-13T08:01:46.222776", "event": "message_added", "data": {"project_id": "95cbce26-c4bf-43ab-b185-60ecaaa9361b", "conversation_id": "6f52ebeb-83b2-4532-863d-83f062acddca", "message_id": "abfb74fe-57ac-4214-9a39-efa07c8df088", "role": "user", "content": "这是一个重要的消息，记住目标", "metadata": {}}}
{"timestamp": "2026-05-13T08:01:46.629574", "event": "message_added", "data": {"project_id": "5dd7d135-21d2-4f43-ac61-9d4a5bee00f8", "conversation_id": "ceb61630-ea7e-408d-a6a0-1a5286e4b7b8", "message_id": "c8e7a465-9c65-4fc8-b1e3-b32fb2feb5ea", "role": "user", "content": "Hello", "metadata": {}}}
{"timestamp": "2026-05-13T08:01:46.659087", "event": "context_built", "data": {"project": "上下文测试"}}
{"timestamp": "2026-05-13T08:36:57.129161", "event": "message_added", "data": {"project_id": "4c00c18e-3e30-4e0f-80ed-423bbc00b560", "conversation_id": "04910d7c-dcd1-4a50-aa33-f1b28e7c15e4", "message_id": "438ca4cc-f20b-4507-969d-3f550f4a3986", "role": "user", "content": "Hello, world!", "metadata": {}}}
{"timestamp": "2026-05-13T08:36:57.246089", "event": "message_added", "data": {"project_id": "1d780f5a-52e0-415d-918f-e168fa61933e", "conversation_id": "d618d8ec-af34-4a80-a018-7eb02fdb2fa6", "message_id": "b218f37b-1578-4483-ac40-76247a284d18", "role": "user", "content": "Message 1", "metadata": {}}}
{"timestamp": "2026-05-13T08:36:57.247703", "event": "message_added", "data": {"project_id": "1d780f5a-52e0-415d-918f-e168fa61933e", "conversation_id": "d618d8ec-af34-4a80-a018-7eb02fdb2fa6", "message_id": "1f7bc1c1-20da-4bf8-84be-72367609cd44", "role": "assistant", "content": "Response 1", "metadata": {}}}
{"timestamp": "2026-05-13T08:36:57.362504", "event": "message_added", "data": {"project_id": "af2ec5ff-c2f2-433e-acbc-ad25a1a1f3a3", "conversation_id": "42bf22a2-35d1-4da3-b45b-595c29bfdfc4", "message_id": "481e84a3-052e-4ad6-8978-ddfbb647bfb1", "role": "user", "content": "这是一个重要的消息，记住目标", "metadata": {}}}
{"timestamp": "2026-05-13T08:37:05.811286", "event": "message_added", "data": {"project_id": "0575a608-a74d-4776-913f-445bb2329025", "conversation_id": "1ad22478-b6ce-42df-8384-c45ac96748d5", "message_id": "020c06a4-d774-4cc8-83f4-f38e0989c3be", "role": "user", "content": "Hello", "metadata": {}}}
{"timestamp": "2026-05-13T08:37:05.841770", "event": "context_built", "data": {"project": "上下文测试"}}
{"timestamp": "2026-05-13T08:41:44.393118", "event": "message_added", "data": {"project_id": "020214d3-5849-4024-9357-2e0f43f514f0", "conversation_id": "71fbdb22-9c37-4594-9722-aae0b01ecfe9", "message_id": "ac708206-53a7-4eba-977c-5b0febb0324e", "role": "user", "content": "Hello, world!", "metadata": {}}}
{"timestamp": "2026-05-13T08:41:44.538334", "event": "message_added", "data": {"project_id": "1d6e1f7f-21cc-42d4-be33-c0208a303ea0", "conversation_id": "b420371d-ebd2-47b4-956a-8669ef5245ad", "message_id": "b66d402d-7bbc-42ae-a2ec-81f2d44f4829", "role": "user", "content": "Message 1", "metadata": {}}}
{"timestamp": "2026-05-13T08:41:44.542065", "event": "message_added", "data": {"project_id": "1d6e1f7f-21cc-42d4-be33-c0208a303ea0", "conversation_id": "b420371d-ebd2-47b4-956a-8669ef5245ad", "message_id": "cbb11bbc-4d60-409e-a538-867d953ea9cc", "role": "assistant", "content": "Response 1", "metadata": {}}}
{"timestamp": "2026-05-13T08:41:44.684601", "event": "message_added", "data": {"project_id": "4cc45e06-c717-4683-bd46-354b57d88237", "conversation_id": "974387ef-f972-4bf9-9942-92638746f5aa", "message_id": "6612e8d5-db4d-443d-be6c-3e5a5b4b2014", "role": "user", "content": "这是一个重要的消息，记住目标", "metadata": {}}}
{"timestamp": "2026-05-13T08:41:45.039773", "event": "message_added", "data": {"project_id": "fea214fc-2424-4a9e-95a3-9d8f21fe6b16", "conversation_id": "7c2fcc16-0cfc-490d-b689-6ea20a8d280c", "message_id": "103d77d7-08f9-4888-91e5-39d5e1e848a5", "role": "user", "content": "Hello", "metadata": {}}}
{"timestamp": "2026-05-13T08:41:45.065187", "event": "context_built", "data": {"project": "上下文测试"}}
{"timestamp": "2026-05-13T08:44:38.102008", "event": "message_added", "data": {"project_id": "13660e3c-cd48-4816-9cc7-fc9b8ccc528a", "conversation_id": "cdaf1311-324a-455f-8542-03a716af151a", "message_id": "d07e0155-bfdc-4c80-acaf-3258852a8e5c", "role": "user", "content": "Hello, world!", "metadata": {}}}
{"timestamp": "2026-05-13T08:44:38.211955", "event": "message_added", "data": {"project_id": "4e4038c7-8f57-45d2-bbfd-3bd853b123e0", "conversation_id": "eed39831-75bc-4008-a60f-d7a9cc195999", "message_id": "38eaec10-f7cf-4d36-8c45-9cf4e70adabe", "role": "user", "content": "Message 1", "metadata": {}}}
{"timestamp": "2026-05-13T08:44:38.216865", "event": "message_added", "data": {"project_id": "4e4038c7-8f57-45d2-bbfd-3bd853b123e0", "conversation_id": "eed39831-75bc-4008-a60f-d7a9cc195999", "message_id": "01db6ffc-71e9-46c9-80e6-4359a343d43f", "role": "assistant", "content": "Response 1", "metadata": {}}}
{"timestamp": "2026-05-13T08:44:46.516599", "event": "message_added", "data": {"project_id": "2a4d28fb-b946-455a-83d1-db69813e8da9", "conversation_id": "ab3fe50a-d6df-4e1c-ae3d-41eb17c49ffa", "message_id": "ce71b924-bc74-47f0-bdd9-9d9ad117d7e2", "role": "user", "content": "这是一个重要的消息，记住目标", "metadata": {}}}
{"timestamp": "2026-05-13T08:44:46.838751", "event": "message_added", "data": {"project_id": "51e6e361-43b8-44a4-8f7c-e0131c5c762b", "conversation_id": "05b44700-9d93-4509-a362-9263a965dff5", "message_id": "37413c41-ac23-48c2-892f-c97b21ef2d4c", "role": "user", "content": "Hello", "metadata": {}}}
{"timestamp": "2026-05-13T08:44:46.865580", "event": "context_built", "data": {"project": "上下文测试"}}
{"timestamp": "2026-05-13T08:50:33.568899", "event": "message_added", "data": {"project_id": "49c88dbf-151b-4ea4-a2e3-47010aea619e", "conversation_id": "19394cc4-37a9-45c7-a781-6f00f927eec3", "message_id": "efcb291c-a40e-4a5f-995c-1fb42773314a", "role": "user", "content": "Hello, world!", "metadata": {}}}
{"timestamp": "2026-05-13T08:50:33.643966", "event": "message_added", "data": {"project_id": "08b37c2a-c0cb-4156-8b8d-b0707dac8652", "conversation_id": "a7400fb0-f629-4fd4-8d02-1fe179b87100", "message_id": "b9e6b286-b7f1-456b-839f-1bf2dd27f625", "role": "user", "content": "Message 1", "metadata": {}}}
{"timestamp": "2026-05-13T08:50:33.646738", "event": "message_added", "data": {"project_id": "08b37c2a-c0cb-4156-8b8d-b0707dac8652", "conversation_id": "a7400fb0-f629-4fd4-8d02-1fe179b87100", "message_id": "c1ea892d-9caa-4367-aa7b-f51969f0f9b0", "role": "assistant", "content": "Response 1", "metadata": {}}}
{"timestamp": "2026-05-13T08:50:41.975750", "event": "message_added", "data": {"project_id": "e2c176a6-28da-4257-8a5f-3599ee6a2a06", "conversation_id": "d429a89b-7142-4272-afc4-76a70a16c453", "message_id": "f3b85e21-d778-4c6c-9943-0947b40b6bba", "role": "user", "content": "这是一个重要的消息，记住目标", "metadata": {}}}
{"timestamp": "2026-05-13T08:50:42.282866", "event": "message_added", "data": {"project_id": "39d1fb93-eb4d-4a4f-b645-2670f43b168e", "conversation_id": "93010723-db6f-4f38-a080-fa90cd9ba0ee", "message_id": "00cc422f-ea7c-4e59-9766-25007cd2d82e", "role": "user", "content": "Hello", "metadata": {}}}
{"timestamp": "2026-05-13T08:50:42.314945", "event": "context_built", "data": {"project": "上下文测试"}}
{"timestamp": "2026-05-13T08:54:37.880399", "event": "message_added", "data": {"project_id": "cc201ec1-dd00-4d69-9a18-67c10447fc05", "conversation_id": "a102b22f-8f71-4e25-93cf-41890a299fc6", "message_id": "0c1e4ee6-8d05-46bd-a5b3-0bb34da74b38", "role": "user", "content": "Hello, world!", "metadata": {}}}
{"timestamp": "2026-05-13T08:54:37.984248", "event": "message_added", "data": {"project_id": "6a031b13-863c-4607-b064-3f20d6729a1a", "conversation_id": "7c0d95a1-7fc5-4a8b-87c9-c181dfe37ea1", "message_id": "cb1069a3-8b19-48e2-bd28-a7b10cfd30c9", "role": "user", "content": "Message 1", "metadata": {}}}
{"timestamp": "2026-05-13T08:54:37.989248", "event": "message_added", "data": {"project_id": "6a031b13-863c-4607-b064-3f20d6729a1a", "conversation_id": "7c0d95a1-7fc5-4a8b-87c9-c181dfe37ea1", "message_id": "7039a6cc-62a9-469e-a502-9bdfba94ea71", "role": "assistant", "content": "Response 1", "metadata": {}}}
{"timestamp": "2026-05-13T08:54:38.209907", "event": "message_added", "data": {"project_id": "1f9574ed-f14f-4385-b8e2-84068d6a1c02", "conversation_id": "2aa359bd-8727-46da-b320-61f85573f86d", "message_id": "be784130-e456-43c1-a1aa-206f01e7a550", "role": "user", "content": "这是一个重要的消息，记住目标", "metadata": {}}}
{"timestamp": "2026-05-13T08:54:30.388892", "event": "message_added", "data": {"project_id": "5c9be0c0-7314-44b7-ac94-4b57a83fff1f", "conversation_id": "3acda321-8a3c-4ef6-91ac-1d33bf9660f0", "message_id": "38e2891c-f7de-4b30-af3b-ba22bafacb3a", "role": "user", "content": "Hello", "metadata": {}}}
{"timestamp": "2026-05-13T08:54:30.434152", "event": "context_built", "data": {"project": "上下文测试"}}
{"timestamp": "2026-05-13T08:55:33.120186", "event": "message_added", "data": {"project_id": "68c302ec-96c2-4602-95c6-9ab5a8668888", "conversation_id": "78a851da-1da3-42fe-8e9b-d45c64eb7298", "message_id": "e9ad6960-57a0-424f-814c-419b8c3ddc4a", "role": "user", "content": "Hello, world!", "metadata": {}}}
{"timestamp": "2026-05-13T08:55:33.208558", "event": "message_added", "data": {"project_id": "4ba5cf30-5a46-4cfc-8e21-3c6db14f1e92", "conversation_id": "3376b93b-0cfb-47db-b60b-ef177521b0b8", "message_id": "90e177bd-bb36-484f-ad81-2d67343e7730", "role": "user", "content": "Message 1", "metadata": {}}}
{"timestamp": "2026-05-13T08:55:33.210222", "event": "message_added", "data": {"project_id": "4ba5cf30-5a46-4cfc-8e21-3c6db14f1e92", "conversation_id": "3376b93b-0cfb-47db-b60b-ef177521b0b8", "message_id": "1d5d80ed-3860-432d-a530-a14ae7051771", "role": "assistant", "content": "Response 1", "metadata": {}}}
{"timestamp": "2026-05-13T08:55:25.197258", "event": "message_added", "data": {"project_id": "c011f693-c700-4876-91a4-6d1b91f2cf8c", "conversation_id": "6f1c6a55-c3e5-423d-939a-dbc4ad8d4f96", "message_id": "dc5115f9-4ea7-433d-b495-7e72df671580", "role": "user", "content": "这是一个重要的消息，记住目标", "metadata": {}}}
{"timestamp": "2026-05-13T08:55:25.519577", "event": "message_added", "data": {"project_id": "05787baf-8d4b-419d-b8e6-f7fcee35690d", "conversation_id": "3e64a99b-eb11-47df-8d32-2ca9fe79662b", "message_id": "0e1d76fb-290d-4cf0-8e2c-8ad01b87a2c6", "role": "user", "content": "Hello", "metadata": {}}}
{"timestamp": "2026-05-13T08:55:25.560346", "event": "context_built", "data": {"project": "上下文测试"}}
{"timestamp": "2026-05-13T09:00:42.499069", "event": "message_added", "data": {"project_id": "b51f1f24-e3bb-4778-93c1-a211167e95f2", "conversation_id": "c3c564b1-ca6a-41ab-98df-cf2bfcfc97fa", "message_id": "df0778e2-27b3-4deb-872b-593be975ae71", "role": "user", "content": "Hello, world!", "metadata": {}}}
{"timestamp": "2026-05-13T09:00:42.575094", "event": "message_added", "data": {"project_id": "0f762fe4-3a90-451d-aa98-e9e75e320c52", "conversation_id": "f9dea48d-8b42-4bc9-9768-6aeaa4127efa", "message_id": "f1e0e570-2e5a-4af0-81a8-06b2b2d5ea9b", "role": "user", "content": "Message 1", "metadata": {}}}
{"timestamp": "2026-05-13T09:00:42.576849", "event": "message_added", "data": {"project_id": "0f762fe4-3a90-451d-aa98-e9e75e320c52", "conversation_id": "f9dea48d-8b42-4bc9-9768-6aeaa4127efa", "message_id": "6de888d1-47ef-4661-80b8-a06f130cb3dc", "role": "assistant", "content": "Response 1", "metadata": {}}}
{"timestamp": "2026-05-13T09:00:42.692108", "event": "message_added", "data": {"project_id": "4386811c-3f0d-4dbc-8ad8-6bd8a48fb1bf", "conversation_id": "3b2f0d1a-4716-4235-a9ba-42a94bb021e7", "message_id": "ada2e2aa-214e-4812-835d-09f3ac5b56e9", "role": "user", "content": "这是一个重要的消息，记住目标", "metadata": {}}}
{"timestamp": "2026-05-13T09:00:43.018582", "event": "message_added", "data": {"project_id": "75940acd-baac-4206-845a-56cb9249d0a3", "conversation_id": "4fae7200-1ac5-4884-bcfd-226bf40c6a2e", "message_id": "a469f38c-1493-4d4b-aea9-0ad10ab33488", "role": "user", "content": "Hello", "metadata": {}}}
{"timestamp": "2026-05-13T09:00:43.051252", "event": "context_built", "data": {"project": "上下文测试"}}
{"timestamp": "2026-05-13T09:02:23.375811", "event": "message_added", "data": {"project_id": "556de567-f91f-4bfb-bd33-c9de4dca6042", "conversation_id": "3a153433-0de0-4525-8049-bc1862bbd83a", "message_id": "e4e44863-d1f8-409d-ae4a-54f67ac2d8ac", "role": "user", "content": "Hello, world!", "metadata": {}}}
{"timestamp": "2026-05-13T09:02:23.471725", "event": "message_added", "data": {"project_id": "2bc09c37-ee33-4d06-ab65-749adb093711", "conversation_id": "3ee51d5f-293e-4a37-807c-61e71cd05abe", "message_id": "4eaeda02-2110-4661-9f6e-9408ec6eb822", "role": "user", "content": "Message 1", "metadata": {}}}
{"timestamp": "2026-05-13T09:02:23.473214", "event": "message_added", "data": {"project_id": "2bc09c37-ee33-4d06-ab65-749adb093711", "conversation_id": "3ee51d5f-293e-4a37-807c-61e71cd05abe", "message_id": "d37d7039-97ec-4b2d-93e7-137590e87d99", "role": "assistant", "content": "Response 1", "metadata": {}}}
{"timestamp": "2026-05-13T09:02:23.580897", "event": "message_added", "data": {"project_id": "c8472d98-ee99-4b71-8d22-fd6bcd312723", "conversation_id": "599cd78e-68bc-4c7d-bbc3-613dea88d517", "message_id": "b1ad68c0-461a-466b-ad4a-15cc57098676", "role": "user", "content": "这是一个重要的消息，记住目标", "metadata": {}}}
{"timestamp": "2026-05-13T09:02:23.842038", "event": "message_added", "data": {"project_id": "afa355f4-fe47-4b40-b7f3-6f77aaef00eb", "conversation_id": "49e0692c-921b-42a5-b454-24736e4eb5af", "message_id": "5ea8fa47-e090-4dc9-aa2d-061f13ab5986", "role": "user", "content": "Hello", "metadata": {}}}
{"timestamp": "2026-05-13T09:02:23.874182", "event": "context_built", "data": {"project": "上下文测试"}}
{"timestamp": "2026-05-13T09:07:18.649637", "event": "message_added", "data": {"project_id": "eeb1e41d-a47d-44d1-ba37-f66f2e14d1c4", "conversation_id": "1e66250c-f6dc-4316-a38c-101d714fee4f", "message_id": "65ff8057-1f89-4f98-97f6-ef450b8c6e67", "role": "user", "content": "Hello, world!", "metadata": {}}}
{"timestamp": "2026-05-13T09:07:18.740317", "event": "message_added", "data": {"project_id": "e658ddb9-ac9d-4079-997c-e3ec5ab7efae", "conversation_id": "c7703544-3f87-4501-aa20-78a357838cef", "message_id": "b1abcfd1-1cc7-4ad7-ad25-1385b33bfd30", "role": "user", "content": "Message 1", "metadata": {}}}
{"timestamp": "2026-05-13T09:07:18.742477", "event": "message_added", "data": {"project_id": "e658ddb9-ac9d-4079-997c-e3ec5ab7efae", "conversation_id": "c7703544-3f87-4501-aa20-78a357838cef", "message_id": "56996967-f967-479d-842b-502f4ee74bdd", "role": "assistant", "content": "Response 1", "metadata": {}}}
{"timestamp": "2026-05-13T09:07:18.908523", "event": "message_added", "data": {"project_id": "4d21846d-af45-43cb-94f8-3b4fa0af8c55", "conversation_id": "2b84a9a4-c94b-4cda-be36-5aa0226f156a", "message_id": "521c520d-1f74-4eb2-a9e4-d251c81ef5f7", "role": "user", "content": "这是一个重要的消息，记住目标", "metadata": {}}}
{"timestamp": "2026-05-13T09:07:19.204957", "event": "message_added", "data": {"project_id": "92d8cfdc-444e-4d27-bd2b-958da09dad3f", "conversation_id": "192ed38d-33db-4d37-ac58-b1fa708b4847", "message_id": "800cfc49-9898-4a9b-9097-3b57da4f9527", "role": "user", "content": "Hello", "metadata": {}}}
{"timestamp": "2026-05-13T09:07:19.254057", "event": "context_built", "data": {"project": "上下文测试"}}
{"timestamp": "2026-05-13T09:12:54.393529", "event": "message_added", "data": {"project_id": "44d6b49a-338d-4ed8-8f36-6685367029d1", "conversation_id": "4bef0f77-11e1-4f6a-b10f-62737465c603", "message_id": "33ce34bd-e676-4b0b-955b-a7a5fd331f43", "role": "user", "content": "Hello, world!", "metadata": {}}}
{"timestamp": "2026-05-13T09:12:54.521772", "event": "message_added", "data": {"project_id": "2c041117-cf43-45a1-bdff-086f971fb555", "conversation_id": "61d70e25-eff0-476c-80e7-1328db9c64fb", "message_id": "ee4928ad-6b98-48e4-922a-cd9e743ce620", "role": "user", "content": "Message 1", "metadata": {}}}
{"timestamp": "2026-05-13T09:12:54.524027", "event": "message_added", "data": {"project_id": "2c041117-cf43-45a1-bdff-086f971fb555", "conversation_id": "61d70e25-eff0-476c-80e7-1328db9c64fb", "message_id": "3b154b87-c838-4d33-9e70-8030b0228fe8", "role": "assistant", "content": "Response 1", "metadata": {}}}
{"timestamp": "2026-05-13T09:12:54.632194", "event": "message_added", "data": {"project_id": "6c5b22b4-68e6-4e07-96c4-dcfbef9ed6a0", "conversation_id": "4fe95288-a728-4c18-beff-bf4bdf8fd6e1", "message_id": "68fec544-9575-4a3f-9120-16908841bb69", "role": "user", "content": "这是一个重要的消息，记住目标", "metadata": {}}}
{"timestamp": "2026-05-13T09:12:54.969235", "event": "message_added", "data": {"project_id": "6e0ff408-037b-4665-bb2d-cb1b88940ef1", "conversation_id": "340bd8d9-cc75-4fcc-9ca9-72cea4fc4cc5", "message_id": "2fa0d957-7d4e-457b-b841-483b303d0356", "role": "user", "content": "Hello", "metadata": {}}}
{"timestamp": "2026-05-13T09:12:55.001097", "event": "context_built", "data": {"project": "上下文测试"}}
{"timestamp": "2026-05-13T09:14:40.323219", "event": "message_added", "data": {"project_id": "48471cbf-ac18-47b4-9e9a-a3389cb2df74", "conversation_id": "87a9fa70-b835-49df-bb6a-725c52711298", "message_id": "15447f00-bc20-4164-999a-9e00e8a0df4e", "role": "user", "content": "Hello, world!", "metadata": {}}}
{"timestamp": "2026-05-13T09:14:40.426927", "event": "message_added", "data": {"project_id": "e79b1c02-541a-4f5f-912b-d83897bf1125", "conversation_id": "e2a13d9f-cee3-4a33-9e0a-f1616cad497a", "message_id": "820cd763-218b-44ea-94e1-2978b7e2e2ec", "role": "user", "content": "Message 1", "metadata": {}}}
{"timestamp": "2026-05-13T09:14:40.428908", "event": "message_added", "data": {"project_id": "e79b1c02-541a-4f5f-912b-d83897bf1125", "conversation_id": "e2a13d9f-cee3-4a33-9e0a-f1616cad497a", "message_id": "2ba04c28-57cf-4973-b2cd-849856d172f0", "role": "assistant", "content": "Response 1", "metadata": {}}}
{"timestamp": "2026-05-13T09:14:40.562256", "event": "message_added", "data": {"project_id": "9a2756e3-ed0c-453c-a435-c282c4de4d2b", "conversation_id": "2a9f714e-f3c7-4a1d-81da-68f3d481ce1c", "message_id": "2f782d8f-163b-4b94-b878-2a4942fb1c5e", "role": "user", "content": "这是一个重要的消息，记住目标", "metadata": {}}}
{"timestamp": "2026-05-13T09:14:49.125030", "event": "message_added", "data": {"project_id": "a053012c-949a-458d-a414-9bd6301f830c", "conversation_id": "b12274cb-4dc2-4a66-b229-eab1a27ec161", "message_id": "01bfb5a7-201d-42f5-8c9d-3e57be0eb070", "role": "user", "content": "Hello", "metadata": {}}}
{"timestamp": "2026-05-13T09:14:49.172298", "event": "context_built", "data": {"project": "上下文测试"}}
{"timestamp": "2026-05-13T09:21:27.989694", "event": "message_added", "data": {"project_id": "806f431c-164c-49cc-a476-0e7444d88bf3", "conversation_id": "be7b8023-f639-48bf-a3ee-c50035fa15d4", "message_id": "d8874a66-cb8e-4cf2-b554-e00a28735417", "role": "user", "content": "Hello, world!", "metadata": {}}}
{"timestamp": "2026-05-13T09:21:28.093435", "event": "message_added", "data": {"project_id": "bbbe80e2-a32a-44ee-b160-d4b8740f7ba0", "conversation_id": "00c5be0b-aee4-4d2a-8d15-02fecd8cb2ca", "message_id": "e108dcab-9f54-4969-9c19-7fc62ea1364e", "role": "user", "content": "Message 1", "metadata": {}}}
{"timestamp": "2026-05-13T09:21:28.111041", "event": "message_added", "data": {"project_id": "bbbe80e2-a32a-44ee-b160-d4b8740f7ba0", "conversation_id": "00c5be0b-aee4-4d2a-8d15-02fecd8cb2ca", "message_id": "0e934a3f-0b28-4798-b47a-00637704b54d", "role": "assistant", "content": "Response 1", "metadata": {}}}
{"timestamp": "2026-05-13T09:21:28.265053", "event": "message_added", "data": {"project_id": "d195bb2f-cb5d-4b13-a41b-fff56d9a1d44", "conversation_id": "f81fc715-24e2-41ad-8bb8-7c37d1549eb9", "message_id": "261b222f-65dc-4832-ae1c-b0d03987761b", "role": "user", "content": "这是一个重要的消息，记住目标", "metadata": {}}}
{"timestamp": "2026-05-13T09:21:28.527047", "event": "message_added", "data": {"project_id": "fa4e1489-838f-4130-90d9-4995c508e1b0", "conversation_id": "be98f845-f655-4722-b642-ba62f03c8b7f", "message_id": "933df516-8303-420a-80aa-f696c8d98965", "role": "user", "content": "Hello", "metadata": {}}}
{"timestamp": "2026-05-13T09:21:28.554973", "event": "context_built", "data": {"project": "上下文测试"}}
{"timestamp": "2026-05-13T09:23:30.412192", "event": "message_added", "data": {"project_id": "19cf11eb-76af-426c-a8ca-0896f07ba916", "conversation_id": "7d338d56-0272-4282-8312-a255eafbb14f", "message_id": "d8f79b0d-67c2-4dd9-bdb7-90b00844df65", "role": "user", "content": "Hello, world!", "metadata": {}}}
{"timestamp": "2026-05-13T09:23:30.499435", "event": "message_added", "data": {"project_id": "2c362313-c767-490b-b2c7-9524fd094610", "conversation_id": "e726d0c1-0322-453a-9419-12394996a3b1", "message_id": "5b5c5a5c-5538-4a54-b914-fc4a943c4887", "role": "user", "content": "Message 1", "metadata": {}}}
{"timestamp": "2026-05-13T09:23:30.505085", "event": "message_added", "data": {"project_id": "2c362313-c767-490b-b2c7-9524fd094610", "conversation_id": "e726d0c1-0322-453a-9419-12394996a3b1", "message_id": "c4d86c94-7a71-4183-b783-330740b9d84e", "role": "assistant", "content": "Response 1", "metadata": {}}}
{"timestamp": "2026-05-13T09:23:30.707302", "event": "message_added", "data": {"project_id": "a83a3bd7-20ff-4a53-9eac-42fc1963482c", "conversation_id": "c1d3054b-7f42-45db-81d0-363970d81ba8", "message_id": "da415c51-684f-4318-9d9b-1ec5d5d50e62", "role": "user", "content": "这是一个重要的消息，记住目标", "metadata": {}}}
{"timestamp": "2026-05-13T09:23:31.089985", "event": "message_added", "data": {"project_id": "2049f692-f59b-4884-ac72-5c2cc243cf41", "conversation_id": "fc3f7721-670d-4a67-a79a-9c011624e9b4", "message_id": "c7a84258-a951-4900-849b-1d17185de609", "role": "user", "content": "Hello", "metadata": {}}}
{"timestamp": "2026-05-13T09:23:31.139948", "event": "context_built", "data": {"project": "上下文测试"}}
{"timestamp": "2026-05-13T09:27:30.620554", "event": "message_added", "data": {"project_id": "3e7b97d0-72fe-4826-ae86-6b8711f07fae", "conversation_id": "f9c873b8-967a-4abd-84ec-b97688ca8419", "message_id": "82a7fbba-2898-4975-ab46-84b782a1e336", "role": "user", "content": "Hello, world!", "metadata": {}}}
{"timestamp": "2026-05-13T09:27:30.717135", "event": "message_added", "data": {"project_id": "fa2ec34a-ebe7-44ee-a189-1a2dd52208a3", "conversation_id": "5170dc58-116d-4ba9-b583-a495804604cc", "message_id": "13fcbe74-ffef-459a-ab90-7e765f2b8c15", "role": "user", "content": "Message 1", "metadata": {}}}
{"timestamp": "2026-05-13T09:27:30.730575", "event": "message_added", "data": {"project_id": "fa2ec34a-ebe7-44ee-a189-1a2dd52208a3", "conversation_id": "5170dc58-116d-4ba9-b583-a495804604cc", "message_id": "47828a67-90a0-4816-8632-f99276b41a82", "role": "assistant", "content": "Response 1", "metadata": {}}}
{"timestamp": "2026-05-13T09:27:30.851834", "event": "message_added", "data": {"project_id": "928df68c-abdb-444a-89ca-8640b185b57c", "conversation_id": "590fc43f-1826-41af-a493-8cfa4def465c", "message_id": "14f8b3ca-76c0-400d-866a-7770552384f6", "role": "user", "content": "这是一个重要的消息，记住目标", "metadata": {}}}
{"timestamp": "2026-05-13T09:27:31.207938", "event": "message_added", "data": {"project_id": "46b90e25-2d25-4b3c-9e5d-f9d8832cf53a", "conversation_id": "64f8c029-d103-4565-b842-f8b620cb877a", "message_id": "80b4c580-fd10-4a34-a288-bc73bb1d2dd3", "role": "user", "content": "Hello", "metadata": {}}}
{"timestamp": "2026-05-13T09:27:23.020803", "event": "context_built", "data": {"project": "上下文测试"}}
{"timestamp": "2026-05-13T09:32:05.879944", "event": "message_added", "data": {"project_id": "31644395-f4e1-48e3-896d-16011f41dcfb", "conversation_id": "1df3eb1a-1063-4f9c-a835-c8fa55633dd4", "message_id": "bbe1e34a-31b4-4428-86ef-b027c7dde3db", "role": "user", "content": "Hello, world!", "metadata": {}}}
{"timestamp": "2026-05-13T09:32:05.982064", "event": "message_added", "data": {"project_id": "bde69d05-cfb0-495b-bce9-5fc01d72486d", "conversation_id": "6e70aa1c-14e6-4dd5-9deb-d8c79608a01d", "message_id": "380a6a6d-843e-4a0f-966c-b64a146c84c0", "role": "user", "content": "Message 1", "metadata": {}}}
{"timestamp": "2026-05-13T09:32:05.984304", "event": "message_added", "data": {"project_id": "bde69d05-cfb0-495b-bce9-5fc01d72486d", "conversation_id": "6e70aa1c-14e6-4dd5-9deb-d8c79608a01d", "message_id": "881ab52e-03ad-4a84-a6eb-4310821e445a", "role": "assistant", "content": "Response 1", "metadata": {}}}
{"timestamp": "2026-05-13T09:32:06.175079", "event": "message_added", "data": {"project_id": "0a3266d3-178a-4965-9ee8-c56e4f98c4dd", "conversation_id": "895c6b87-1520-43af-a179-9f9830b91c6f", "message_id": "fd66150b-80ef-442d-aa4c-ce104a7f53e3", "role": "user", "content": "这是一个重要的消息，记住目标", "metadata": {}}}
{"timestamp": "2026-05-13T09:32:06.589022", "event": "message_added", "data": {"project_id": "9ff3ad30-284f-4c05-943f-8a607d3a3462", "conversation_id": "6308f3ca-7d09-4789-a9e5-2fc8c4289eca", "message_id": "62190d4d-f0ad-4725-9648-f1a0061fc0a3", "role": "user", "content": "Hello", "metadata": {}}}
{"timestamp": "2026-05-13T09:32:06.632801", "event": "context_built", "data": {"project": "上下文测试"}}
{"timestamp": "2026-05-13T09:34:00.643350", "event": "message_added", "data": {"project_id": "fa33f50d-041c-44af-aabb-76907953cb60", "conversation_id": "94a4b59a-2d69-4a2f-984c-b1604ec88f58", "message_id": "1f14cc30-571f-44d0-b1f6-42a45e238cb2", "role": "user", "content": "Hello, world!", "metadata": {}}}
{"timestamp": "2026-05-13T09:34:00.777556", "event": "message_added", "data": {"project_id": "96d1ad91-26ac-4895-a8c6-425675405c59", "conversation_id": "8f6485dd-c218-4a33-94e5-a2e50e5ab322", "message_id": "7906340d-fd1d-40d4-8808-58fd98aa985b", "role": "user", "content": "Message 1", "metadata": {}}}
{"timestamp": "2026-05-13T09:34:00.781221", "event": "message_added", "data": {"project_id": "96d1ad91-26ac-4895-a8c6-425675405c59", "conversation_id": "8f6485dd-c218-4a33-94e5-a2e50e5ab322", "message_id": "5a83484c-e0f4-406a-9980-15e42c8b2f47", "role": "assistant", "content": "Response 1", "metadata": {}}}
{"timestamp": "2026-05-13T09:34:00.967096", "event": "message_added", "data": {"project_id": "c2fe2d9f-16f9-4079-8d3b-85730ce6b227", "conversation_id": "16e73dd2-3bb8-4ee2-86f4-f7bb5a498704", "message_id": "210c5d25-e514-42f0-a4de-71bc0571121b", "role": "user", "content": "这是一个重要的消息，记住目标", "metadata": {}}}
{"timestamp": "2026-05-13T09:34:01.449374", "event": "message_added", "data": {"project_id": "eb4cb12c-52ec-4834-834f-60b0945918ed", "conversation_id": "289f3078-26c0-44b6-9dc7-9d4e432657e9", "message_id": "814c29dd-c223-477f-b251-772134d712c6", "role": "user", "content": "Hello", "metadata": {}}}
{"timestamp": "2026-05-13T09:34:01.504916", "event": "context_built", "data": {"project": "上下文测试"}}
{"timestamp": "2026-05-13T09:35:24.852522", "event": "message_added", "data": {"project_id": "a38752bc-e837-476c-be29-a7ed5aefb068", "conversation_id": "ae3b6b30-79bc-4df3-b943-0fbecda61a05", "message_id": "6ec069ec-f60c-4fcd-90c8-c85164c4a3e5", "role": "user", "content": "Hello, world!", "metadata": {}}}
{"timestamp": "2026-05-13T09:35:24.966223", "event": "message_added", "data": {"project_id": "9699f65b-ee3a-4f23-a4f4-d73e2862ace5", "conversation_id": "a154c979-127c-4538-8acd-3b459d85d282", "message_id": "a148c611-6860-490b-b16c-bbd906208b8e", "role": "user", "content": "Message 1", "metadata": {}}}
{"timestamp": "2026-05-13T09:35:24.970669", "event": "message_added", "data": {"project_id": "9699f65b-ee3a-4f23-a4f4-d73e2862ace5", "conversation_id": "a154c979-127c-4538-8acd-3b459d85d282", "message_id": "2c0cfbb0-6acc-4048-94e1-c08a33cfd0b2", "role": "assistant", "content": "Response 1", "metadata": {}}}
{"timestamp": "2026-05-13T09:35:25.105124", "event": "message_added", "data": {"project_id": "63c54b7d-41ee-40c7-ad30-35ba60856110", "conversation_id": "3ea4a259-5d18-459a-899e-69492c86541c", "message_id": "13de9e6f-c438-4e9d-be88-9a6efcd66ae5", "role": "user", "content": "这是一个重要的消息，记住目标", "metadata": {}}}
{"timestamp": "2026-05-13T09:35:25.441694", "event": "message_added", "data": {"project_id": "4dfdf773-0803-42cd-9769-c4817bf61960", "conversation_id": "e2949a20-661e-45a7-9969-7c40408e9288", "message_id": "ba59a349-0c90-4711-8cf8-eefef46bed30", "role": "user", "content": "Hello", "metadata": {}}}
{"timestamp": "2026-05-13T09:35:25.477719", "event": "context_built", "data": {"project": "上下文测试"}}
{"timestamp": "2026-05-13T09:49:36.283277", "event": "message_added", "data": {"project_id": "5176c552-7746-48f0-8e04-33d4ccf77413", "conversation_id": "cad58dc2-ea5e-49cd-90a4-740d994122a9", "message_id": "cddb5e03-d84c-48e0-a4b8-733f826c6648", "role": "user", "content": "Hello, world!", "metadata": {}}}
{"timestamp": "2026-05-13T09:49:36.372356", "event": "message_added", "data": {"project_id": "cbe19d10-8b98-459c-ab5e-52b1bfee34fd", "conversation_id": "276a581a-2b19-45ab-9bb2-439f4084afcb", "message_id": "335d9976-5bd2-4bab-b717-439c68d342b5", "role": "user", "content": "Message 1", "metadata": {}}}
{"timestamp": "2026-05-13T09:49:36.375382", "event": "message_added", "data": {"project_id": "cbe19d10-8b98-459c-ab5e-52b1bfee34fd", "conversation_id": "276a581a-2b19-45ab-9bb2-439f4084afcb", "message_id": "9d0c9168-1fdb-44d1-8afa-22550a3f34cb", "role": "assistant", "content": "Response 1", "metadata": {}}}
{"timestamp": "2026-05-13T09:49:36.573262", "event": "message_added", "data": {"project_id": "a973104d-2431-44b4-81de-507a45334516", "conversation_id": "326238e7-8540-4144-b2b8-676d30a9a86b", "message_id": "07d93b5d-5453-4bb8-90e5-fbc67b4a6881", "role": "user", "content": "这是一个重要的消息，记住目标", "metadata": {}}}
{"timestamp": "2026-05-13T09:49:36.947037", "event": "message_added", "data": {"project_id": "a6ebbf51-15f0-472c-adb9-ad96a9426b11", "conversation_id": "98f8d4cb-1505-4721-83da-24b9f0c715fd", "message_id": "0d4a19de-f7ed-4e1e-b819-6fc691b4c382", "role": "user", "content": "Hello", "metadata": {}}}
{"timestamp": "2026-05-13T09:49:36.996121", "event": "context_built", "data": {"project": "上下文测试"}}
{"timestamp": "2026-05-13T09:57:43.764256", "event": "message_added", "data": {"project_id": "03c34c62-a109-472f-bab5-3049b8bc9a41", "conversation_id": "913c4b62-c358-46ab-9fe3-82d1cee914b4", "message_id": "6db2f7ca-4f1e-4b8d-a623-860ec2b5dbf2", "role": "user", "content": "Hello, world!", "metadata": {}}}
{"timestamp": "2026-05-13T09:57:43.866225", "event": "message_added", "data": {"project_id": "66aeec4c-49d5-49b4-b4ea-c50a38edf18d", "conversation_id": "c0771613-408d-45b0-bc54-74699018b7da", "message_id": "a080d68b-e248-449e-8112-8d324a68f652", "role": "user", "content": "Message 1", "metadata": {}}}
{"timestamp": "2026-05-13T09:57:43.868384", "event": "message_added", "data": {"project_id": "66aeec4c-49d5-49b4-b4ea-c50a38edf18d", "conversation_id": "c0771613-408d-45b0-bc54-74699018b7da", "message_id": "4bcd9f2f-996c-4735-ba18-ca5aa1617542", "role": "assistant", "content": "Response 1", "metadata": {}}}
{"timestamp": "2026-05-13T09:57:44.011462", "event": "message_added", "data": {"project_id": "e353cbde-2eb2-448d-8405-8d12761b9556", "conversation_id": "47c220c8-8b0c-4d53-94c7-bc250175162c", "message_id": "e2c8dfe5-3dad-4444-9ed9-71459ec74fa6", "role": "user", "content": "这是一个重要的消息，记住目标", "metadata": {}}}
{"timestamp": "2026-05-13T09:57:44.377806", "event": "message_added", "data": {"project_id": "a12526e7-392c-4237-818b-b035ac918a75", "conversation_id": "4bb806f1-77bd-415c-81ca-3aba1cf3b6bf", "message_id": "389aadc6-d618-495b-8393-ce3de564adbb", "role": "user", "content": "Hello", "metadata": {}}}
{"timestamp": "2026-05-13T09:57:44.412703", "event": "context_built", "data": {"project": "上下文测试"}}
{"timestamp": "2026-05-13T10:04:46.743805", "event": "message_added", "data": {"project_id": "8dbdee3d-54d9-4018-88c4-d53b229828a6", "conversation_id": "14db1bd3-7f74-4309-95d6-4f9b63e034e2", "message_id": "e556d30e-55e5-4da9-90fa-5fd115b4b7c1", "role": "user", "content": "Hello, world!", "metadata": {}}}
{"timestamp": "2026-05-13T10:04:47.077753", "event": "message_added", "data": {"project_id": "fe8a4df3-928d-4aeb-bbae-22bbc42682fc", "conversation_id": "1a7eaf4e-e31f-462a-bc1b-f265fa2794b5", "message_id": "90f935ab-1bbb-49eb-8745-69e2de39d1cb", "role": "user", "content": "Message 1", "metadata": {}}}
{"timestamp": "2026-05-13T10:04:47.083611", "event": "message_added", "data": {"project_id": "fe8a4df3-928d-4aeb-bbae-22bbc42682fc", "conversation_id": "1a7eaf4e-e31f-462a-bc1b-f265fa2794b5", "message_id": "cd224c46-6003-4634-9022-39c207d20759", "role": "assistant", "content": "Response 1", "metadata": {}}}
{"timestamp": "2026-05-13T10:04:47.479237", "event": "message_added", "data": {"project_id": "13024431-9437-4378-8848-e653a1c95848", "conversation_id": "23be4875-659b-46f2-9f3e-fe0fda2cc708", "message_id": "d4e5e1dd-3ce3-4dd8-9525-f052f3cadb1b", "role": "user", "content": "这是一个重要的消息，记住目标", "metadata": {}}}
{"timestamp": "2026-05-13T10:04:48.109157", "event": "message_added", "data": {"project_id": "cc8568a5-0a5b-4301-b473-dc815c2ab552", "conversation_id": "9a3d914b-f6a7-499a-aa88-a53c8a717e9a", "message_id": "106ac58b-ea88-4a79-837a-0d5172c82e8b", "role": "user", "content": "Hello", "metadata": {}}}
{"timestamp": "2026-05-13T10:04:48.202048", "event": "context_built", "data": {"project": "上下文测试"}}
{"timestamp": "2026-05-13T11:15:54.839856", "event": "message_added", "data": {"project_id": "4d0b8397-daab-49da-a07d-e41b09f5d3d9", "conversation_id": "a0cb4241-6824-47fb-ac49-e687cd22d857", "message_id": "6e8289fd-2a05-4074-a14d-7ba241a3041c", "role": "user", "content": "Hello, world!", "metadata": {}}}
{"timestamp": "2026-05-13T11:15:54.970358", "event": "message_added", "data": {"project_id": "65f20033-5c46-4a05-a45b-87dd8fef3e17", "conversation_id": "bfa52b8d-70b3-44e6-bf7f-92ba75bf46b3", "message_id": "3f59442b-d4ee-4ec5-b799-c42b96761ca6", "role": "user", "content": "Message 1", "metadata": {}}}
{"timestamp": "2026-05-13T11:15:54.976377", "event": "message_added", "data": {"project_id": "65f20033-5c46-4a05-a45b-87dd8fef3e17", "conversation_id": "bfa52b8d-70b3-44e6-bf7f-92ba75bf46b3", "message_id": "b71e315b-979d-4671-a6ab-24f0c800aae5", "role": "assistant", "content": "Response 1", "metadata": {}}}
{"timestamp": "2026-05-13T11:15:55.359035", "event": "message_added", "data": {"project_id": "f1e54d9a-6707-4e37-8291-762949b387ef", "conversation_id": "1a7acaee-f3d1-42f9-95fc-734438ca91a4", "message_id": "ac065d50-9927-4f2e-9d51-02dbaeea9f1a", "role": "user", "content": "这是一个重要的消息，记住目标", "metadata": {}}}
{"timestamp": "2026-05-13T11:15:56.116924", "event": "message_added", "data": {"project_id": "07204c58-2e5a-4faa-818f-f73866314481", "conversation_id": "01072307-0dcd-4221-96db-3c18b5de5ae1", "message_id": "983fe919-33fd-423d-aa37-1df8d5e8fc40", "role": "user", "content": "Hello", "metadata": {}}}
{"timestamp": "2026-05-13T11:15:56.194306", "event": "context_built", "data": {"project": "上下文测试"}}
{"timestamp": "2026-05-13T12:09:16.331327", "event": "message_added", "data": {"project_id": "c1fe6248-41ba-4e57-8124-cacea65208b0", "conversation_id": "c00b5821-2983-4777-b597-49f78e6a5b60", "message_id": "a7a4230a-9172-42df-addf-844ab7813550", "role": "user", "content": "Hello, world!", "metadata": {}}}
{"timestamp": "2026-05-13T12:09:16.459515", "event": "message_added", "data": {"project_id": "30210fcd-3cb1-42fd-a18c-43caeeb7ba6f", "conversation_id": "8be07bb8-5b21-4540-a1b8-c71f977135dc", "message_id": "e420c283-f37f-46ae-a94a-dbcc64c841dc", "role": "user", "content": "Message 1", "metadata": {}}}
{"timestamp": "2026-05-13T12:09:16.461367", "event": "message_added", "data": {"project_id": "30210fcd-3cb1-42fd-a18c-43caeeb7ba6f", "conversation_id": "8be07bb8-5b21-4540-a1b8-c71f977135dc", "message_id": "a480c39e-f526-4916-b36f-7796795d7893", "role": "assistant", "content": "Response 1", "metadata": {}}}
{"timestamp": "2026-05-13T12:09:16.683392", "event": "message_added", "data": {"project_id": "b1ce24b7-95fc-4589-9931-023bf5eb6a80", "conversation_id": "2a49223e-17fd-47d8-acfa-8b747dcd91e5", "message_id": "93854113-de93-42e7-b180-ed69d90ad8fd", "role": "user", "content": "这是一个重要的消息，记住目标", "metadata": {}}}
{"timestamp": "2026-05-13T12:09:08.528431", "event": "message_added", "data": {"project_id": "02678522-18c6-4a8d-8c90-8889d67a7b87", "conversation_id": "6e3e8c53-7ea4-4667-8ecd-7a92c7e939e0", "message_id": "26ebdfcb-d1c7-4a81-8246-3dac29d99cce", "role": "user", "content": "Hello", "metadata": {}}}
{"timestamp": "2026-05-13T12:09:08.562268", "event": "context_built", "data": {"project": "上下文测试"}}
{"timestamp": "2026-05-13T13:03:37.010452", "event": "message_added", "data": {"project_id": "75845743-525d-4f21-a4e7-116cc8b4c63b", "conversation_id": "595b73df-1e0a-4574-81a1-4d6b055ff36e", "message_id": "dae89f10-0cb7-47cb-8fd0-21f2d0bb369c", "role": "user", "content": "Hello, world!", "metadata": {}}}
{"timestamp": "2026-05-13T13:03:37.196488", "event": "message_added", "data": {"project_id": "1645accc-1bf3-45e6-bef6-71c84113987b", "conversation_id": "de1d5c9d-db20-4ee0-bd07-3b26d4eb43aa", "message_id": "e96c9f1e-da34-463e-88ae-fc44bd4b313b", "role": "user", "content": "Message 1", "metadata": {}}}
{"timestamp": "2026-05-13T13:03:37.200258", "event": "message_added", "data": {"project_id": "1645accc-1bf3-45e6-bef6-71c84113987b", "conversation_id": "de1d5c9d-db20-4ee0-bd07-3b26d4eb43aa", "message_id": "66dcf6f8-50a6-4be8-810e-d88d1b968d01", "role": "assistant", "content": "Response 1", "metadata": {}}}
{"timestamp": "2026-05-13T13:03:37.386283", "event": "message_added", "data": {"project_id": "b04bb4fd-6b12-45fc-8b2c-3583d0006e20", "conversation_id": "186afd78-b57c-4cc2-bed6-6fa737306fde", "message_id": "f6b375f5-ec01-4fe7-b891-b7eb70061b48", "role": "user", "content": "这是一个重要的消息，记住目标", "metadata": {}}}
{"timestamp": "2026-05-13T13:03:46.129962", "event": "message_added", "data": {"project_id": "f067434f-bddb-4dbb-aa94-1173338b9879", "conversation_id": "2ed19a48-ab2a-4871-90a3-eb52be47dcd8", "message_id": "2e362880-7392-4834-a7b1-2fe8b20022fe", "role": "user", "content": "Hello", "metadata": {}}}
{"timestamp": "2026-05-13T13:03:46.187524", "event": "context_built", "data": {"project": "上下文测试"}}
{"timestamp": "2026-05-13T13:09:34.251600", "event": "message_added", "data": {"project_id": "eb2f78e2-e946-4a8a-b688-e1a235941e23", "conversation_id": "4b1fdf44-79b2-4658-8df1-8a217ec7d29d", "message_id": "322cd616-9ad1-490e-bf97-0f98e1d767c7", "role": "user", "content": "Hello, world!", "metadata": {}}}
{"timestamp": "2026-05-13T13:09:34.416519", "event": "message_added", "data": {"project_id": "8231b808-d77c-4f66-a3fb-bc46d8b05e99", "conversation_id": "2fe298b4-88e5-4cfc-8992-19232aa845bf", "message_id": "7c79582a-586c-45a1-b0f8-2dc7e049f505", "role": "user", "content": "Message 1", "metadata": {}}}
{"timestamp": "2026-05-13T13:09:34.419792", "event": "message_added", "data": {"project_id": "8231b808-d77c-4f66-a3fb-bc46d8b05e99", "conversation_id": "2fe298b4-88e5-4cfc-8992-19232aa845bf", "message_id": "cd301256-cf7c-4327-9ac1-dbb389895400", "role": "assistant", "content": "Response 1", "metadata": {}}}
{"timestamp": "2026-05-13T13:09:34.635776", "event": "message_added", "data": {"project_id": "10aedee5-91b9-4ec0-9c7f-e3fe666fbe4f", "conversation_id": "7315a8c2-a9c7-416b-a314-66c59bb70768", "message_id": "3d41c5b3-d55b-4bc9-b083-7668166fbab4", "role": "user", "content": "这是一个重要的消息，记住目标", "metadata": {}}}
{"timestamp": "2026-05-13T13:09:35.144805", "event": "message_added", "data": {"project_id": "c31a97db-574b-4bfb-9105-4246dbaf4fd3", "conversation_id": "df38139e-7505-49c1-b48f-688f699d37bf", "message_id": "3ea2d7cf-0087-41ca-83b7-ec6acec7a9f2", "role": "user", "content": "Hello", "metadata": {}}}
{"timestamp": "2026-05-13T13:09:35.196069", "event": "context_built", "data": {"project": "上下文测试"}}
{"timestamp": "2026-05-13T13:10:54.203243", "event": "message_added", "data": {"project_id": "ff5440e8-1575-47de-a907-7b01a517460e", "conversation_id": "3f9a8565-bdf5-45cc-a1a9-e1cfd8fafa29", "message_id": "0f6a838b-aa1d-42d4-a27f-e36641b7679e", "role": "user", "content": "Hello, world!", "metadata": {}}}
{"timestamp": "2026-05-13T13:10:54.361129", "event": "message_added", "data": {"project_id": "1431f814-881a-471f-bfec-388afb5e7762", "conversation_id": "7b260a7b-9758-4592-969d-c0a398fb3308", "message_id": "2c501e9e-469f-4f31-abde-bd2fbbc590ce", "role": "user", "content": "Message 1", "metadata": {}}}
{"timestamp": "2026-05-13T13:10:54.364457", "event": "message_added", "data": {"project_id": "1431f814-881a-471f-bfec-388afb5e7762", "conversation_id": "7b260a7b-9758-4592-969d-c0a398fb3308", "message_id": "7a7910a8-953b-4236-811f-198a74d0f833", "role": "assistant", "content": "Response 1", "metadata": {}}}
{"timestamp": "2026-05-13T13:10:54.606445", "event": "message_added", "data": {"project_id": "0938f543-9d92-4efe-acb5-b07d79ddcd44", "conversation_id": "1742fe8c-2189-4c19-b8e3-0e7efd173aed", "message_id": "f463c47d-4da7-4e21-9c09-2a38db1158c4", "role": "user", "content": "这是一个重要的消息，记住目标", "metadata": {}}}
{"timestamp": "2026-05-13T13:10:55.238636", "event": "message_added", "data": {"project_id": "90f2d84a-b0c1-45c7-96e1-2c0190fdc3a8", "conversation_id": "1825c8fa-e912-47b7-b3fc-fe277e0317c1", "message_id": "6d67140f-303e-46c9-aa8e-cfe949b6f633", "role": "user", "content": "Hello", "metadata": {}}}
{"timestamp": "2026-05-13T13:10:55.280153", "event": "context_built", "data": {"project": "上下文测试"}}
{"timestamp": "2026-05-13T13:21:55.945273", "event": "message_added", "data": {"project_id": "491a7dfc-bd42-4da3-93de-81a395f58c84", "conversation_id": "03bae48f-71fb-4c18-9fb3-2c67efa3be4a", "message_id": "84d9ef85-a904-4ee2-8067-59255b2a760a", "role": "user", "content": "Hello, world!", "metadata": {}}}
{"timestamp": "2026-05-13T13:21:56.241372", "event": "message_added", "data": {"project_id": "311eb75e-8199-45d6-a2cc-7bfba1248f86", "conversation_id": "a7e0d2d5-c7f2-4860-a527-b86e0c8178d9", "message_id": "c46fb8e9-1e32-4d82-b019-fd999071ca55", "role": "user", "content": "Message 1", "metadata": {}}}
{"timestamp": "2026-05-13T13:21:56.245929", "event": "message_added", "data": {"project_id": "311eb75e-8199-45d6-a2cc-7bfba1248f86", "conversation_id": "a7e0d2d5-c7f2-4860-a527-b86e0c8178d9", "message_id": "8122f30b-58ad-4d11-94f2-493cd6017633", "role": "assistant", "content": "Response 1", "metadata": {}}}
{"timestamp": "2026-05-13T13:21:56.514348", "event": "message_added", "data": {"project_id": "e2a144f8-5f21-4cc3-953a-82943ca6eaf6", "conversation_id": "72e6436d-4ecd-4e4e-8ef3-f57b6c78df92", "message_id": "7a1b4d9a-a10d-4c4f-9a9e-2f40c8880c6a", "role": "user", "content": "这是一个重要的消息，记住目标", "metadata": {}}}
{"timestamp": "2026-05-13T13:21:57.140009", "event": "message_added", "data": {"project_id": "a30ac69e-4957-43eb-a12a-feb6078240d5", "conversation_id": "c42c078d-b86e-4d02-8209-45215f816279", "message_id": "247c80cd-20ec-4645-944c-c53d249e8961", "role": "user", "content": "Hello", "metadata": {}}}
{"timestamp": "2026-05-13T13:21:57.218410", "event": "context_built", "data": {"project": "上下文测试"}}
{"timestamp": "2026-05-13T13:29:07.454419", "event": "message_added", "data": {"project_id": "45a415cd-9931-4677-a07b-53d8fda145fc", "conversation_id": "5805f68e-ff34-48c3-909c-d22677e916eb", "message_id": "77145340-d7ee-4278-86a7-e94af0bc4dcd", "role": "user", "content": "Hello, world!", "metadata": {}}}
{"timestamp": "2026-05-13T13:29:07.725473", "event": "message_added", "data": {"project_id": "7b3fcdf7-9ca0-4683-ac14-ffb2f0292f48", "conversation_id": "40ae5a76-953b-4835-84de-f60daf2e53fb", "message_id": "55c1ab7b-752e-424a-b4ce-1c8d4b045c5b", "role": "user", "content": "Message 1", "metadata": {}}}
{"timestamp": "2026-05-13T13:29:07.729601", "event": "message_added", "data": {"project_id": "7b3fcdf7-9ca0-4683-ac14-ffb2f0292f48", "conversation_id": "40ae5a76-953b-4835-84de-f60daf2e53fb", "message_id": "ecb191ba-62db-4244-a6e2-27cc9641f2ca", "role": "assistant", "content": "Response 1", "metadata": {}}}
{"timestamp": "2026-05-13T13:29:07.995329", "event": "message_added", "data": {"project_id": "fb5ba968-f809-4d26-a02e-25906d7f7f46", "conversation_id": "82dac763-3918-4928-b0bb-e20cd39a5e1c", "message_id": "a854c528-61af-40e3-a20c-9b7cbccecda2", "role": "user", "content": "这是一个重要的消息，记住目标", "metadata": {}}}
{"timestamp": "2026-05-13T13:29:08.669118", "event": "message_added", "data": {"project_id": "04e25c6d-eaaa-4b49-bb76-a10d4d5a7d3c", "conversation_id": "012a54b7-3026-48f9-b766-9c0b7bf721af", "message_id": "b4017246-a3db-4cd0-835c-20e6a3961522", "role": "user", "content": "Hello", "metadata": {}}}
{"timestamp": "2026-05-13T13:29:08.706885", "event": "context_built", "data": {"project": "上下文测试"}}
{"timestamp": "2026-05-13T13:29:38.439373", "event": "message_added", "data": {"project_id": "6af7bcc9-d97c-4bec-b066-2eab197a571e", "conversation_id": "46244077-aa22-4f5b-90ba-176dcac40e95", "message_id": "a6a2d7b2-7588-4e65-aae0-2b9345638bf0", "role": "user", "content": "Hello, world!", "metadata": {}}}
{"timestamp": "2026-05-13T13:29:38.669745", "event": "message_added", "data": {"project_id": "25d7e0ef-4042-4f63-bfb6-0d5a234490b2", "conversation_id": "e55c46a5-b5c3-4e59-8b4e-0f501f277e73", "message_id": "cc37a0ce-a092-49ba-88a9-b5a7d25a8c46", "role": "user", "content": "Message 1", "metadata": {}}}
{"timestamp": "2026-05-13T13:29:38.672171", "event": "message_added", "data": {"project_id": "25d7e0ef-4042-4f63-bfb6-0d5a234490b2", "conversation_id": "e55c46a5-b5c3-4e59-8b4e-0f501f277e73", "message_id": "a88843d4-9174-427f-a7e6-55473584732f", "role": "assistant", "content": "Response 1", "metadata": {}}}
{"timestamp": "2026-05-13T13:29:38.933890", "event": "message_added", "data": {"project_id": "c9193857-76c1-4fe4-a578-966190115ac6", "conversation_id": "375af574-0a9f-43ff-894d-bc4d78699c1a", "message_id": "34b11c62-466a-429f-98b6-9c6ff6fbd953", "role": "user", "content": "这是一个重要的消息，记住目标", "metadata": {}}}
{"timestamp": "2026-05-13T13:29:39.728824", "event": "message_added", "data": {"project_id": "78721a8c-87dc-4924-a4a5-b10c77ce7136", "conversation_id": "c3642abd-6577-454b-a3c1-52c48c18e982", "message_id": "4ea8d0b3-68dc-434b-b428-ab676f9b6cf2", "role": "user", "content": "Hello", "metadata": {}}}
{"timestamp": "2026-05-13T13:29:48.389543", "event": "context_built", "data": {"project": "上下文测试"}}
{"timestamp": "2026-05-13T13:30:13.829712", "event": "message_added", "data": {"project_id": "9ddb27e2-f79a-436d-8247-b936762794a9", "conversation_id": "e6b69d47-6f83-4d94-b93a-ee3e03be51e2", "message_id": "782baa9d-ca0a-4374-b86e-85a8cba51b7a", "role": "user", "content": "Hello, world!", "metadata": {}}}
{"timestamp": "2026-05-13T13:30:14.189474", "event": "message_added", "data": {"project_id": "a6c298f8-2b05-4e17-a26b-2d2a9bafeeca", "conversation_id": "0e97660c-9e99-4ef4-8acd-94898877f618", "message_id": "4e9e7504-7060-48c4-bc6e-7ca98fbb963a", "role": "user", "content": "Message 1", "metadata": {}}}
{"timestamp": "2026-05-13T13:30:14.191479", "event": "message_added", "data": {"project_id": "a6c298f8-2b05-4e17-a26b-2d2a9bafeeca", "conversation_id": "0e97660c-9e99-4ef4-8acd-94898877f618", "message_id": "8a2328b8-6e28-4732-bc1e-045a573ea1a2", "role": "assistant", "content": "Response 1", "metadata": {}}}
{"timestamp": "2026-05-13T13:30:14.419122", "event": "message_added", "data": {"project_id": "59181635-463e-47b8-802b-9f7010d6c7ef", "conversation_id": "f003ab3a-693f-4071-b9f4-2eba8675673a", "message_id": "6f620b7e-f1da-46e1-8ba9-7437ea1ef087", "role": "user", "content": "这是一个重要的消息，记住目标", "metadata": {}}}
{"timestamp": "2026-05-13T13:30:23.701620", "event": "message_added", "data": {"project_id": "edc0db9a-7f09-447c-b84b-e3db6766497e", "conversation_id": "ff8d1275-dad5-4bd6-a51f-ff7647b8d7e2", "message_id": "1c9d26ea-b767-43ed-9755-c41e624cb961", "role": "user", "content": "Hello", "metadata": {}}}
{"timestamp": "2026-05-13T13:30:23.787455", "event": "context_built", "data": {"project": "上下文测试"}}
{"timestamp": "2026-05-13T13:41:35.431318", "event": "message_added", "data": {"project_id": "b1c85feb-20fd-4c05-a73b-2f4f0d085ea6", "conversation_id": "84368a4a-93c8-4e97-98bb-a5e2d4351449", "message_id": "b255b383-e182-4a2b-920d-834d7129c4aa", "role": "user", "content": "Hello, world!", "metadata": {}}}
{"timestamp": "2026-05-13T13:41:35.535037", "event": "message_added", "data": {"project_id": "1076a7d5-8f03-41f4-b5f0-1def95e3c3d4", "conversation_id": "20bc4cb7-d111-447b-ab0e-be7600e54794", "message_id": "d595d19e-3f71-4df1-a2b0-7cae5f26d93f", "role": "user", "content": "Message 1", "metadata": {}}}
{"timestamp": "2026-05-13T13:41:35.538878", "event": "message_added", "data": {"project_id": "1076a7d5-8f03-41f4-b5f0-1def95e3c3d4", "conversation_id": "20bc4cb7-d111-447b-ab0e-be7600e54794", "message_id": "b1e89e27-c7bc-4905-b1d1-b92e30f1ce4a", "role": "assistant", "content": "Response 1", "metadata": {}}}
{"timestamp": "2026-05-13T13:41:35.724604", "event": "message_added", "data": {"project_id": "3b015010-2755-4cbe-aee6-eb5df42d0dc1", "conversation_id": "03eb25fa-6c46-4502-9d2c-b0417c976133", "message_id": "89094928-e670-4131-8baf-f7a3f41ad43e", "role": "user", "content": "这是一个重要的消息，记住目标", "metadata": {}}}
{"timestamp": "2026-05-13T13:41:44.796335", "event": "message_added", "data": {"project_id": "83569abd-fcb5-4d2c-8276-cea7b367f4af", "conversation_id": "f81ec522-b0f8-4957-8336-3e2a8ce00813", "message_id": "d37fff67-88b2-4963-a9ca-94efc7466f7e", "role": "user", "content": "Hello", "metadata": {}}}
{"timestamp": "2026-05-13T13:41:44.882019", "event": "context_built", "data": {"project": "上下文测试"}}
{"timestamp": "2026-05-13T13:42:04.684226", "event": "message_added", "data": {"project_id": "40bf61cd-50d4-4e2d-8ac6-750aa584dcef", "conversation_id": "4ab8db7e-2d85-4743-ab3f-1d8196f1d6d8", "message_id": "9ecb0ce4-f05a-40c2-ab30-62348bb42b7b", "role": "user", "content": "Hello, world!", "metadata": {}}}
{"timestamp": "2026-05-13T13:42:04.839922", "event": "message_added", "data": {"project_id": "244bcab9-a348-4810-9c7c-cab9217e9775", "conversation_id": "784563f4-8347-4313-910c-3b501fdc95a0", "message_id": "5b007c61-2683-4ed8-8809-697ffb188bed", "role": "user", "content": "Message 1", "metadata": {}}}
{"timestamp": "2026-05-13T13:42:04.845091", "event": "message_added", "data": {"project_id": "244bcab9-a348-4810-9c7c-cab9217e9775", "conversation_id": "784563f4-8347-4313-910c-3b501fdc95a0", "message_id": "fa1da78b-dea1-4642-a331-44134545ca06", "role": "assistant", "content": "Response 1", "metadata": {}}}
{"timestamp": "2026-05-13T13:42:05.132599", "event": "message_added", "data": {"project_id": "4a9cd6e6-a67c-479d-a0c7-6975a0fe4bf7", "conversation_id": "bedb6066-3c17-4586-b304-582f8cb2b366", "message_id": "c0a3328f-717d-442d-841c-35046f571822", "role": "user", "content": "这是一个重要的消息，记住目标", "metadata": {}}}
{"timestamp": "2026-05-13T13:42:14.435508", "event": "message_added", "data": {"project_id": "e53c3abe-2d2d-4cda-b5f7-8b48ce4cbbfe", "conversation_id": "e3712997-a21b-466a-9c53-d27026312730", "message_id": "c879ff55-3c97-487c-97ca-48e3c054497d", "role": "user", "content": "Hello", "metadata": {}}}
{"timestamp": "2026-05-13T13:42:14.544023", "event": "context_built", "data": {"project": "上下文测试"}}
{"timestamp": "2026-05-13T13:46:09.495315", "event": "message_added", "data": {"project_id": "a8ed3275-14de-4f22-9661-7586b9b7d5ac", "conversation_id": "69f39b41-0a61-45be-a28a-e9f6d772ce4d", "message_id": "a53037d5-367c-4721-a583-5a12c1e104f1", "role": "user", "content": "Hello, world!", "metadata": {}}}
{"timestamp": "2026-05-13T13:46:09.668916", "event": "message_added", "data": {"project_id": "19db5037-eb62-49d6-9296-c501e209e1f7", "conversation_id": "3ad5c12f-18a1-4971-a5c7-5472cf65b226", "message_id": "1716a949-c3f9-4e86-a142-732ff9933a4d", "role": "user", "content": "Message 1", "metadata": {}}}
{"timestamp": "2026-05-13T13:46:09.670645", "event": "message_added", "data": {"project_id": "19db5037-eb62-49d6-9296-c501e209e1f7", "conversation_id": "3ad5c12f-18a1-4971-a5c7-5472cf65b226", "message_id": "5512ae85-a601-4508-9ccb-629368476b57", "role": "assistant", "content": "Response 1", "metadata": {}}}
{"timestamp": "2026-05-13T13:46:10.000024", "event": "message_added", "data": {"project_id": "4c32afbd-5700-4052-b95e-286f0d914bdb", "conversation_id": "072a73fd-652e-41ef-8a43-8b8ce6e7fe51", "message_id": "97de5775-d222-4891-9c36-7600a7a92745", "role": "user", "content": "这是一个重要的消息，记住目标", "metadata": {}}}
{"timestamp": "2026-05-13T13:46:10.658444", "event": "message_added", "data": {"project_id": "6469c922-0a66-4da8-ac6f-acce09947668", "conversation_id": "7fc817f1-3f7b-4f0d-9958-f34627a6bb01", "message_id": "50b62ddf-7442-44ed-85df-db0ac8bfba92", "role": "user", "content": "Hello", "metadata": {}}}
{"timestamp": "2026-05-13T13:46:10.721539", "event": "context_built", "data": {"project": "上下文测试"}}
{"timestamp": "2026-05-13T13:51:40.696608", "event": "message_added", "data": {"project_id": "3fc77450-5647-4981-b818-1eb62346280e", "conversation_id": "32a92cde-c025-455d-87b9-a21f01fd67e1", "message_id": "bab1804a-937b-4f94-9918-7389f627113a", "role": "user", "content": "Hello, world!", "metadata": {}}}
{"timestamp": "2026-05-13T13:51:40.913462", "event": "message_added", "data": {"project_id": "2250f328-b0b1-4f19-a426-01e02b18ba8d", "conversation_id": "c6dc2ef0-021e-420e-bcb7-ff17987da12b", "message_id": "c73fd627-38bb-4228-a545-a08abd5b5824", "role": "user", "content": "Message 1", "metadata": {}}}
{"timestamp": "2026-05-13T13:51:40.915240", "event": "message_added", "data": {"project_id": "2250f328-b0b1-4f19-a426-01e02b18ba8d", "conversation_id": "c6dc2ef0-021e-420e-bcb7-ff17987da12b", "message_id": "d52f7503-cc4f-4401-828e-249b03792328", "role": "assistant", "content": "Response 1", "metadata": {}}}
{"timestamp": "2026-05-13T13:51:41.220791", "event": "message_added", "data": {"project_id": "892eea3d-c8db-46e6-8bc0-5a97c6074162", "conversation_id": "2ff1c912-956e-40b2-ac34-c2381536da1f", "message_id": "14c62ad7-d097-43ff-9a29-efb7b9cd3848", "role": "user", "content": "这是一个重要的消息，记住目标", "metadata": {}}}
{"timestamp": "2026-05-13T13:51:32.945099", "event": "message_added", "data": {"project_id": "a1ecf555-8090-4096-9096-a614897e37d2", "conversation_id": "f94490cd-79f8-43ec-8b56-c110d73aec04", "message_id": "62338daa-d1b5-462e-99fd-a389b5dbcc70", "role": "user", "content": "Hello", "metadata": {}}}
{"timestamp": "2026-05-13T13:51:33.010656", "event": "context_built", "data": {"project": "上下文测试"}}
{"timestamp": "2026-05-13T13:52:03.187032", "event": "message_added", "data": {"project_id": "9805befd-ee78-455a-868f-112b629cce44", "conversation_id": "ccfe680a-a315-4756-b37b-9768ddd9261f", "message_id": "8a5377e6-2652-4b4d-a455-dbe63f37c4d5", "role": "user", "content": "Hello, world!", "metadata": {}}}
{"timestamp": "2026-05-13T13:52:03.461052", "event": "message_added", "data": {"project_id": "f8ac0d58-b9c3-44ea-a8f6-8898e3792e0e", "conversation_id": "0f3de465-6aaf-4bfd-8b0a-e93d6fbe73c1", "message_id": "108aa6a0-7435-4530-b393-34f3ef08c2ff", "role": "user", "content": "Message 1", "metadata": {}}}
{"timestamp": "2026-05-13T13:52:03.465590", "event": "message_added", "data": {"project_id": "f8ac0d58-b9c3-44ea-a8f6-8898e3792e0e", "conversation_id": "0f3de465-6aaf-4bfd-8b0a-e93d6fbe73c1", "message_id": "19fe5408-b6c2-4327-ac37-5b2e29e52bff", "role": "assistant", "content": "Response 1", "metadata": {}}}
{"timestamp": "2026-05-13T13:52:03.763577", "event": "message_added", "data": {"project_id": "cd869550-f05d-4baa-a2f7-ec745a5e2620", "conversation_id": "c996f11b-dc8b-49f1-87a1-7e8e10e23e0e", "message_id": "7982a9a8-3663-49a0-8b16-c8c3d88840f9", "role": "user", "content": "这是一个重要的消息，记住目标", "metadata": {}}}
{"timestamp": "2026-05-13T13:52:04.701180", "event": "message_added", "data": {"project_id": "73e41db2-1984-469c-a474-c442cdc71729", "conversation_id": "7a01d9d0-0d25-4530-819f-5591465b3fe3", "message_id": "7c40168a-9c32-4d33-a3c5-0b376f5d7565", "role": "user", "content": "Hello", "metadata": {}}}
{"timestamp": "2026-05-13T13:52:04.784785", "event": "context_built", "data": {"project": "上下文测试"}}
{"timestamp": "2026-05-13T21:10:29.058989", "event": "message_added", "data": {"project_id": "f545f818-c092-40ae-9131-add4f363938d", "conversation_id": "af0662fc-c429-4c01-9ddc-4463f3e6e387", "message_id": "30a6cfd1-f938-414a-99f1-b08d995a85f6", "role": "user", "content": "Hello, world!", "metadata": {}}}
{"timestamp": "2026-05-13T21:10:29.183976", "event": "message_added", "data": {"project_id": "e312cfb9-7e3a-4508-8870-a9f092184ab9", "conversation_id": "24e8e828-8aee-4cb5-ac7a-79e9314fda87", "message_id": "6bc3d642-de2f-4d93-a9cd-a476ae300c4c", "role": "user", "content": "Message 1", "metadata": {}}}
{"timestamp": "2026-05-13T21:10:29.215480", "event": "message_added", "data": {"project_id": "e312cfb9-7e3a-4508-8870-a9f092184ab9", "conversation_id": "24e8e828-8aee-4cb5-ac7a-79e9314fda87", "message_id": "74b8a3e5-4ab8-444b-bcaf-5df98d7fe887", "role": "assistant", "content": "Response 1", "metadata": {}}}
{"timestamp": "2026-05-13T21:10:29.657695", "event": "message_added", "data": {"project_id": "17155ab9-d701-4837-bbe0-c6c87580eeef", "conversation_id": "23db47e3-b35c-49bf-b0d4-cc9f9f40ec15", "message_id": "a6fce84f-7cc8-4beb-af7e-aa434aa2cb1f", "role": "user", "content": "这是一个重要的消息，记住目标", "metadata": {}}}
{"timestamp": "2026-05-13T21:10:30.026004", "event": "message_added", "data": {"project_id": "1a049b5e-3851-4201-8142-a39ba2dc8e46", "conversation_id": "343daa50-a2c8-462c-b12e-8603827e8637", "message_id": "5cdc2a9a-831d-46de-afd4-43c74b7b7b52", "role": "user", "content": "Hello", "metadata": {}}}
{"timestamp": "2026-05-13T21:10:30.068661", "event": "context_built", "data": {"project": "上下文测试"}}
{"timestamp": "2026-05-13T21:19:23.986342", "event": "message_added", "data": {"project_id": "0ad191bb-5a41-4ad0-93bd-11f5c6f3070f", "conversation_id": "2fb9cd87-536c-4d94-92f1-1bd42bce1eab", "message_id": "2b32d3d1-a2d8-411c-82d6-80db2ef738e1", "role": "user", "content": "Hello, world!", "metadata": {}}}
{"timestamp": "2026-05-13T21:19:24.912094", "event": "message_added", "data": {"project_id": "20b6c9c4-0176-4262-99d9-335362705c28", "conversation_id": "c56ed99f-a86c-4ec0-8c2f-27189812ebe6", "message_id": "93daa544-d9ef-4c1e-be77-c2fe65119579", "role": "user", "content": "Message 1", "metadata": {}}}
{"timestamp": "2026-05-13T21:19:24.913748", "event": "message_added", "data": {"project_id": "20b6c9c4-0176-4262-99d9-335362705c28", "conversation_id": "c56ed99f-a86c-4ec0-8c2f-27189812ebe6", "message_id": "e02fa33e-0cdf-4ec5-81c6-b840bd44b923", "role": "assistant", "content": "Response 1", "metadata": {}}}
{"timestamp": "2026-05-13T21:19:25.053001", "event": "message_added", "data": {"project_id": "42447e96-39ac-44b9-a13b-922e9ce9e2ff", "conversation_id": "cac6d346-f121-4052-b9d8-16da5806ea9c", "message_id": "5765896a-d6c3-4693-90a0-5447a91ba349", "role": "user", "content": "这是一个重要的消息，记住目标", "metadata": {}}}
{"timestamp": "2026-05-13T21:19:25.487942", "event": "message_added", "data": {"project_id": "42d273f9-511f-4164-a8cb-6007927633a7", "conversation_id": "f3c0e2f4-a790-4bc3-8bad-9916b23485aa", "message_id": "3dfc063e-bc6c-4d46-8ddc-e521a2c2f881", "role": "user", "content": "Hello", "metadata": {}}}
{"timestamp": "2026-05-13T21:19:25.520693", "event": "context_built", "data": {"project": "上下文测试"}}
{"timestamp": "2026-05-13T21:20:15.158770", "event": "message_added", "data": {"project_id": "b99fcc92-7d79-4b87-91b2-e0ca3a83a857", "conversation_id": "5858d13c-4498-400f-b590-9f9dd5b86d96", "message_id": "3b5c9bc1-722d-47c1-b8a4-841f315527d7", "role": "user", "content": "Hello, world!", "metadata": {}}}
{"timestamp": "2026-05-13T21:20:15.378174", "event": "message_added", "data": {"project_id": "915b486c-8afd-4c07-a2e8-430c35e7022c", "conversation_id": "35c4c7e5-e314-4faf-b327-c590a40e5a98", "message_id": "ad9014f4-0878-47a5-8cbc-d996315c75ad", "role": "user", "content": "Message 1", "metadata": {}}}
{"timestamp": "2026-05-13T21:20:15.381099", "event": "message_added", "data": {"project_id": "915b486c-8afd-4c07-a2e8-430c35e7022c", "conversation_id": "35c4c7e5-e314-4faf-b327-c590a40e5a98", "message_id": "9faf5ec4-860c-4bc2-98cc-0497e585f9f4", "role": "assistant", "content": "Response 1", "metadata": {}}}
{"timestamp": "2026-05-13T21:20:15.579646", "event": "message_added", "data": {"project_id": "4c814fae-cfac-4bb9-b954-96e4f3b047d7", "conversation_id": "aad4f7c4-f442-433b-b4d5-4096ea2f0462", "message_id": "bfb05cd8-65e4-4c2c-b874-8d34410a7542", "role": "user", "content": "这是一个重要的消息，记住目标", "metadata": {}}}
{"timestamp": "2026-05-13T21:20:15.960802", "event": "message_added", "data": {"project_id": "6ccd3b25-b0ff-4eec-a181-6d10d67f919d", "conversation_id": "2e25f0a2-460a-40d1-b558-4210eb815d34", "message_id": "5f810867-d186-4e97-a74e-ac0dd5821e77", "role": "user", "content": "Hello", "metadata": {}}}
{"timestamp": "2026-05-13T21:20:16.013882", "event": "context_built", "data": {"project": "上下文测试"}}
{"timestamp": "2026-05-13T22:06:38.265968", "event": "message_added", "data": {"project_id": "0609b782-4d5e-4a66-b638-fdbc4a2beb67", "conversation_id": "11a0088a-3b8d-460a-865c-556fdc49394e", "message_id": "2c76c894-71b2-4618-aa88-92d313f27418", "role": "user", "content": "Hello, world!", "metadata": {}}}
{"timestamp": "2026-05-13T22:06:38.383908", "event": "message_added", "data": {"project_id": "b83aa998-4c62-4617-977a-5f2d275a33f3", "conversation_id": "cc94a0b6-95b0-4ca0-86d5-57f9702d8d97", "message_id": "2324a04e-e8a0-433e-baff-1df5025373da", "role": "user", "content": "Message 1", "metadata": {}}}
{"timestamp": "2026-05-13T22:06:38.387476", "event": "message_added", "data": {"project_id": "b83aa998-4c62-4617-977a-5f2d275a33f3", "conversation_id": "cc94a0b6-95b0-4ca0-86d5-57f9702d8d97", "message_id": "d31a0a84-1977-4772-8352-cb6342a17679", "role": "assistant", "content": "Response 1", "metadata": {}}}
{"timestamp": "2026-05-13T22:06:38.642919", "event": "message_added", "data": {"project_id": "d093427a-900e-4e41-adb3-ff8352997e8a", "conversation_id": "9d644b7e-fea2-4bfc-80be-a2b233402922", "message_id": "f56c3d61-5a96-449c-8f6a-8ea09b20c4e3", "role": "user", "content": "这是一个重要的消息，记住目标", "metadata": {}}}
{"timestamp": "2026-05-13T22:06:38.994060", "event": "message_added", "data": {"project_id": "02d188a4-9b52-464c-b80f-8da02df4f65d", "conversation_id": "9109033b-1bc8-4c9a-ba1d-97187d79264e", "message_id": "36b06ef8-3645-4e5a-af9e-ed05ca319fff", "role": "user", "content": "Hello", "metadata": {}}}
{"timestamp": "2026-05-13T22:06:39.038122", "event": "context_built", "data": {"project": "上下文测试"}}
{"timestamp": "2026-05-14T09:34:27.687020", "event": "message_added", "data": {"project_id": "8ca8b06c-e437-424a-a134-f954df3511e9", "conversation_id": "21feaa86-c222-49e2-8883-14dccd9adb3a", "message_id": "079c704e-c1b6-4064-ac6d-9e420396c669", "role": "user", "content": "Hello, world!", "metadata": {}}}
{"timestamp": "2026-05-14T09:34:27.786820", "event": "message_added", "data": {"project_id": "83ac9ee6-fd2b-4e0b-bcd2-7294359de12a", "conversation_id": "08c33a84-7b3a-4890-b236-a3bf47fb9172", "message_id": "a1c8bfae-90e5-47ab-8b8a-5dc7f65a90e0", "role": "user", "content": "Message 1", "metadata": {}}}
{"timestamp": "2026-05-14T09:34:27.788749", "event": "message_added", "data": {"project_id": "83ac9ee6-fd2b-4e0b-bcd2-7294359de12a", "conversation_id": "08c33a84-7b3a-4890-b236-a3bf47fb9172", "message_id": "643211f9-e959-41c4-8744-49e9f1a47aaa", "role": "assistant", "content": "Response 1", "metadata": {}}}
{"timestamp": "2026-05-14T09:34:27.916734", "event": "message_added", "data": {"project_id": "f31780d8-325d-4ac4-803e-7dd958cba256", "conversation_id": "7ad535d3-a391-4380-94ea-48a3c814bc18", "message_id": "081b6a1a-bcc8-44d8-aa16-967d4688bcf9", "role": "user", "content": "这是一个重要的消息，记住目标", "metadata": {}}}
{"timestamp": "2026-05-14T09:34:28.286379", "event": "message_added", "data": {"project_id": "0c86de07-ad03-4c0b-8335-d6ee2eb7a6c9", "conversation_id": "c20e612c-b0ab-469c-8729-0895fec86e86", "message_id": "bebcdaac-c8c1-488c-930e-31e935de8ec7", "role": "user", "content": "Hello", "metadata": {}}}
{"timestamp": "2026-05-14T09:34:28.326824", "event": "context_built", "data": {"project": "上下文测试"}}
{"timestamp": "2026-05-14T09:40:04.660442", "event": "message_added", "data": {"project_id": "e2ff7d12-c442-4689-a04c-9b41231aaa2a", "conversation_id": "1971c1ab-ccc1-47ab-b8c0-a9d2b7b7cbc0", "message_id": "3f703155-bb6a-44a5-bcaa-d06ac832c0d5", "role": "user", "content": "Hello, world!", "metadata": {}}}
{"timestamp": "2026-05-14T09:40:04.791161", "event": "message_added", "data": {"project_id": "282f139a-7f45-4eee-8a0e-d148dcc554e2", "conversation_id": "54188780-9715-4c73-86a8-396b17adce60", "message_id": "652b9787-e2fd-4fb0-aa4d-8f4ef6352cbf", "role": "user", "content": "Message 1", "metadata": {}}}
{"timestamp": "2026-05-14T09:40:04.792254", "event": "message_added", "data": {"project_id": "282f139a-7f45-4eee-8a0e-d148dcc554e2", "conversation_id": "54188780-9715-4c73-86a8-396b17adce60", "message_id": "82e6747c-0a4f-4513-a475-0909dcf7147c", "role": "assistant", "content": "Response 1", "metadata": {}}}
{"timestamp": "2026-05-14T09:40:04.960210", "event": "message_added", "data": {"project_id": "325be440-c34a-484f-a1b8-9cd0952fbf8e", "conversation_id": "7e8b6d05-cb17-4c8a-b412-8debdb77a7fa", "message_id": "8b3151cf-122b-49fb-ae0a-2e5292fb6bc2", "role": "user", "content": "这是一个重要的消息，记住目标", "metadata": {}}}
{"timestamp": "2026-05-14T09:40:05.398887", "event": "message_added", "data": {"project_id": "7a7d0661-96f8-412a-9a7f-4553d6d9fcf9", "conversation_id": "46f4d63f-efa2-4aa4-84eb-8cde18052f95", "message_id": "a2c8e75b-c9bb-4b99-b947-ab9504bd1b37", "role": "user", "content": "Hello", "metadata": {}}}
{"timestamp": "2026-05-14T09:40:05.444643", "event": "context_built", "data": {"project": "上下文测试"}}
{"timestamp": "2026-05-14T09:40:58.093930", "event": "message_added", "data": {"project_id": "f6d4e71f-5fc1-4003-9d8e-9c9f02c41797", "conversation_id": "cf218c18-a404-478a-bea2-99c549e2f13c", "message_id": "cb5b9253-fe6c-403a-b660-bdf4d99fa87f", "role": "user", "content": "Hello, world!", "metadata": {}}}
{"timestamp": "2026-05-14T09:40:58.228125", "event": "message_added", "data": {"project_id": "650fa24d-4683-40d5-9696-89bfa3ef573e", "conversation_id": "7dc0d9e5-94b8-4ee3-b1fc-648bb7fbd9db", "message_id": "c89ef1ad-5871-4438-b773-5a8bf9276c0b", "role": "user", "content": "Message 1", "metadata": {}}}
{"timestamp": "2026-05-14T09:40:58.231278", "event": "message_added", "data": {"project_id": "650fa24d-4683-40d5-9696-89bfa3ef573e", "conversation_id": "7dc0d9e5-94b8-4ee3-b1fc-648bb7fbd9db", "message_id": "ba56a879-a272-4a8c-8e65-5f674d235503", "role": "assistant", "content": "Response 1", "metadata": {}}}
{"timestamp": "2026-05-14T09:40:58.408042", "event": "message_added", "data": {"project_id": "685cac42-dae6-406a-8e9d-39fa01cb75e6", "conversation_id": "c8585cbb-6933-4c44-8e1b-ee026b02cec4", "message_id": "2c360783-d0d7-4e69-ae12-4b12f7c78b39", "role": "user", "content": "这是一个重要的消息，记住目标", "metadata": {}}}
{"timestamp": "2026-05-14T09:40:58.892645", "event": "message_added", "data": {"project_id": "b6606566-80bc-4a4a-81bb-fb839d3fb7c1", "conversation_id": "2d0528ee-d97e-49de-84a3-cc8127847c5f", "message_id": "6f6c049e-b942-4d95-9d3c-ec9b8e8b4038", "role": "user", "content": "Hello", "metadata": {}}}
{"timestamp": "2026-05-14T09:40:58.928209", "event": "context_built", "data": {"project": "上下文测试"}}
{"timestamp": "2026-05-14T09:40:59.748555", "event": "message_added", "data": {"project_id": "7004d58d-433b-4c54-a980-b5db3ff88d70", "conversation_id": "2ca1d4fe-6e50-4bbd-b7a8-d36ef8f23688", "message_id": "98a7dc52-c826-4937-b1aa-6193117e1326", "role": "user", "content": "Hello, world!", "metadata": {}}}
{"timestamp": "2026-05-14T09:40:59.857270", "event": "message_added", "data": {"project_id": "028e70af-fa2b-4a94-b4ae-ab7c6e59c177", "conversation_id": "80c8551a-d048-42e0-bf0d-777a6af72e1f", "message_id": "a0886fb4-afca-4c5f-951c-78fa6c8856e7", "role": "user", "content": "Message 1", "metadata": {}}}
{"timestamp": "2026-05-14T09:40:59.862382", "event": "message_added", "data": {"project_id": "028e70af-fa2b-4a94-b4ae-ab7c6e59c177", "conversation_id": "80c8551a-d048-42e0-bf0d-777a6af72e1f", "message_id": "0724660d-258c-4455-8873-05ac2b1c52a8", "role": "assistant", "content": "Response 1", "metadata": {}}}
{"timestamp": "2026-05-14T09:41:00.001282", "event": "message_added", "data": {"project_id": "b78d2529-f8e7-4c88-b7d0-26df59f04abd", "conversation_id": "ea52f147-d6da-4303-abe7-32abac3f3bf8", "message_id": "8b0d9193-ad21-44a2-bd44-ea5c662a6f92", "role": "user", "content": "这是一个重要的消息，记住目标", "metadata": {}}}
{"timestamp": "2026-05-14T09:41:00.397964", "event": "message_added", "data": {"project_id": "1771227e-b6bf-40b6-9621-01da800a2928", "conversation_id": "ba6ce6d2-4802-4ef0-8a2a-4ea88e1e90fc", "message_id": "5b6777f7-6e65-4d30-82cd-d9834e6a64ee", "role": "user", "content": "Hello", "metadata": {}}}
{"timestamp": "2026-05-14T09:41:00.434486", "event": "context_built", "data": {"project": "上下文测试"}}
{"timestamp": "2026-05-14T09:41:37.756028", "event": "message_added", "data": {"project_id": "2319d602-24ad-4f78-8ae5-d9b9c02fb485", "conversation_id": "8d993230-8bb6-4c06-b80d-e40bae6ea261", "message_id": "25ec4361-73e5-48df-95ab-f7aae3284402", "role": "user", "content": "Hello, world!", "metadata": {}}}
{"timestamp": "2026-05-14T09:41:37.915988", "event": "message_added", "data": {"project_id": "157b29a3-e995-4d8a-afe1-879e7ea91178", "conversation_id": "015dac7d-11ad-478a-93b0-f2c99aee6503", "message_id": "3a61d71f-69b9-48a1-ab1a-93df8d53982a", "role": "user", "content": "Message 1", "metadata": {}}}
{"timestamp": "2026-05-14T09:41:37.917549", "event": "message_added", "data": {"project_id": "157b29a3-e995-4d8a-afe1-879e7ea91178", "conversation_id": "015dac7d-11ad-478a-93b0-f2c99aee6503", "message_id": "76e15685-8dc4-491e-8640-0f9be29b4b31", "role": "assistant", "content": "Response 1", "metadata": {}}}
{"timestamp": "2026-05-14T09:41:38.101975", "event": "message_added", "data": {"project_id": "151d30a5-5f51-49e1-9c54-be5982723394", "conversation_id": "27c0fa4a-f75b-4a02-b99e-57b83589f399", "message_id": "fbfc10ef-efad-4525-a1a7-9c0e5409f04f", "role": "user", "content": "这是一个重要的消息，记住目标", "metadata": {}}}
{"timestamp": "2026-05-14T09:41:38.531327", "event": "message_added", "data": {"project_id": "f0d86494-f16c-4e7f-a0f6-30a261883b7d", "conversation_id": "a8361fa7-fda5-4575-9e85-cbdcac6a1810", "message_id": "96b65b86-089d-4e4c-83ad-4a0f791eff19", "role": "user", "content": "Hello", "metadata": {}}}
{"timestamp": "2026-05-14T09:41:38.569527", "event": "context_built", "data": {"project": "上下文测试"}}
{"timestamp": "2026-05-14T09:42:42.251731", "event": "message_added", "data": {"project_id": "f651dd50-a775-4106-bd69-5dd711bfa0df", "conversation_id": "110c0c03-cdfa-486c-a170-8be2e4325842", "message_id": "9e82341f-a2a5-458b-9595-65f47f2a81e4", "role": "user", "content": "Hello, world!", "metadata": {}}}
{"timestamp": "2026-05-14T09:42:42.369592", "event": "message_added", "data": {"project_id": "803093cf-392c-44fb-857d-9d06698c42ec", "conversation_id": "0e1937af-18cf-4d74-ab87-c09167412432", "message_id": "c8991ec6-0712-4b63-ad3f-590a9b9e9fa1", "role": "user", "content": "Message 1", "metadata": {}}}
{"timestamp": "2026-05-14T09:42:42.371547", "event": "message_added", "data": {"project_id": "803093cf-392c-44fb-857d-9d06698c42ec", "conversation_id": "0e1937af-18cf-4d74-ab87-c09167412432", "message_id": "7cb3e355-2c70-41af-99d1-ec945ea4cb60", "role": "assistant", "content": "Response 1", "metadata": {}}}
{"timestamp": "2026-05-14T09:42:42.523116", "event": "message_added", "data": {"project_id": "c1a0c220-5f55-4a7a-ba29-38db31bf5426", "conversation_id": "650d0990-8da9-439a-a26b-a8a78cba8408", "message_id": "eb7c7a91-3d33-474d-a24b-abfba13ddd64", "role": "user", "content": "这是一个重要的消息，记住目标", "metadata": {}}}
{"timestamp": "2026-05-14T09:42:42.986920", "event": "message_added", "data": {"project_id": "240db969-84d9-49cf-8b14-24069d8853bc", "conversation_id": "3e30bcf4-e2f5-4c7d-8bdf-473ba6dab871", "message_id": "5fd1d852-7536-469e-8b34-2bae4b97c461", "role": "user", "content": "Hello", "metadata": {}}}
{"timestamp": "2026-05-14T09:42:43.033739", "event": "context_built", "data": {"project": "上下文测试"}}
{"timestamp": "2026-05-14T09:43:12.474686", "event": "message_added", "data": {"project_id": "1e3cb82a-e32a-414a-95fb-42128ecf6980", "conversation_id": "69deee06-2b4e-49b1-a3e4-38ee33d7e124", "message_id": "fdb06595-1a56-4070-aede-d1859dfbdfb2", "role": "user", "content": "Hello, world!", "metadata": {}}}
{"timestamp": "2026-05-14T09:43:12.615971", "event": "message_added", "data": {"project_id": "36e31a35-3927-4f44-96d1-223e24390a6c", "conversation_id": "d6e4cac3-dbf7-400f-8da1-cf27a09f89e1", "message_id": "74d19843-7281-4e85-bf07-5ead6a04be45", "role": "user", "content": "Message 1", "metadata": {}}}
{"timestamp": "2026-05-14T09:43:12.617168", "event": "message_added", "data": {"project_id": "36e31a35-3927-4f44-96d1-223e24390a6c", "conversation_id": "d6e4cac3-dbf7-400f-8da1-cf27a09f89e1", "message_id": "9bfef65a-c7f6-4053-ba04-083af408c470", "role": "assistant", "content": "Response 1", "metadata": {}}}
{"timestamp": "2026-05-14T09:43:12.776408", "event": "message_added", "data": {"project_id": "002d41c6-93af-48c8-b117-1b3ecb9808f0", "conversation_id": "a00b40b2-e8b5-41ee-92f7-dbc4ad3c87d8", "message_id": "e8ec2a46-cd0c-4306-bc3f-983f2d6f0f62", "role": "user", "content": "这是一个重要的消息，记住目标", "metadata": {}}}
{"timestamp": "2026-05-14T09:43:13.204075", "event": "message_added", "data": {"project_id": "1c286fe3-dcec-4dc2-8d38-55cb1cd90caf", "conversation_id": "d1e2d50d-6d24-472b-9637-4d4fa66d7799", "message_id": "97461ff4-6ce1-4fc1-b27f-de4472c688d9", "role": "user", "content": "Hello", "metadata": {}}}
{"timestamp": "2026-05-14T09:43:13.249080", "event": "context_built", "data": {"project": "上下文测试"}}
{"timestamp": "2026-05-14T09:46:27.177631", "event": "message_added", "data": {"project_id": "bab983b8-8716-4eee-80f5-1e9d101cd5fb", "conversation_id": "9d829e4b-ad2b-4f66-8a63-fc628fbb4d76", "message_id": "22f65cba-fb93-4686-9ce5-02b37a8182a7", "role": "user", "content": "Hello, world!", "metadata": {}}}
{"timestamp": "2026-05-14T09:46:27.279907", "event": "message_added", "data": {"project_id": "1c377dea-7fc9-4ee1-868f-b6e0f3cbb479", "conversation_id": "f666b7f2-cdf7-483a-9708-d30c805088c8", "message_id": "606526e8-4e15-4818-9395-423a6f84bb55", "role": "user", "content": "Message 1", "metadata": {}}}
{"timestamp": "2026-05-14T09:46:27.281676", "event": "message_added", "data": {"project_id": "1c377dea-7fc9-4ee1-868f-b6e0f3cbb479", "conversation_id": "f666b7f2-cdf7-483a-9708-d30c805088c8", "message_id": "b6b8a6ee-22e9-4df0-961c-63f0ed5062a6", "role": "assistant", "content": "Response 1", "metadata": {}}}
{"timestamp": "2026-05-14T09:46:27.409771", "event": "message_added", "data": {"project_id": "4ed347ad-306a-46ce-b188-cd46cef9f247", "conversation_id": "1f10e1bc-328c-4b1c-80e5-2e68359b603a", "message_id": "97294d3c-0185-4edc-86af-efbb2f39d44c", "role": "user", "content": "这是一个重要的消息，记住目标", "metadata": {}}}
{"timestamp": "2026-05-14T09:46:27.804454", "event": "message_added", "data": {"project_id": "1f5dc290-ed1b-454d-842a-ceab9df588fb", "conversation_id": "3b3dae6e-2220-4436-a1a8-859ac7b85e83", "message_id": "2d460e68-6e08-4b9a-9b9d-21afbf8b26f8", "role": "user", "content": "Hello", "metadata": {}}}
{"timestamp": "2026-05-14T09:46:27.844295", "event": "context_built", "data": {"project": "上下文测试"}}
{"timestamp": "2026-05-14T09:47:00.248205", "event": "message_added", "data": {"project_id": "bef95bfe-a96a-42db-9f90-6e356d4ecd03", "conversation_id": "e9a7d53c-f4c2-4437-ad94-1f78cf9c3442", "message_id": "681e0f50-d979-4f65-9319-e31a52192ddf", "role": "user", "content": "Hello, world!", "metadata": {}}}
{"timestamp": "2026-05-14T09:47:00.350268", "event": "message_added", "data": {"project_id": "2ab9c758-a6d1-42bc-b87e-c9e181bc607c", "conversation_id": "92881585-ecd2-4a5f-822e-cdf362bc0dda", "message_id": "6cdf0cf8-0cba-42b0-af7b-5c085f6bf457", "role": "user", "content": "Message 1", "metadata": {}}}
{"timestamp": "2026-05-14T09:47:00.353630", "event": "message_added", "data": {"project_id": "2ab9c758-a6d1-42bc-b87e-c9e181bc607c", "conversation_id": "92881585-ecd2-4a5f-822e-cdf362bc0dda", "message_id": "f59b0b02-435b-4eb6-9197-66d2480cc4e8", "role": "assistant", "content": "Response 1", "metadata": {}}}
{"timestamp": "2026-05-14T09:47:00.476089", "event": "message_added", "data": {"project_id": "af3954db-c610-4853-8740-412bdd1401cb", "conversation_id": "6d1779dd-56a6-4d00-9143-cb18999fee67", "message_id": "58977094-9809-4a67-bfcc-8cf827173b09", "role": "user", "content": "这是一个重要的消息，记住目标", "metadata": {}}}
{"timestamp": "2026-05-14T09:47:00.842697", "event": "message_added", "data": {"project_id": "9fa258f3-446e-4167-9a22-28aaffd52b96", "conversation_id": "548391b8-9590-434b-bce2-0c9995efecb5", "message_id": "af94c007-5e7c-405d-84ef-2c951d95bad4", "role": "user", "content": "Hello", "metadata": {}}}
{"timestamp": "2026-05-14T09:47:00.884514", "event": "context_built", "data": {"project": "上下文测试"}}
{"timestamp": "2026-05-14T10:45:45.530191", "event": "message_added", "data": {"project_id": "03c487bb-a671-4a00-bfc1-7accf2f9e15b", "conversation_id": "a86057f9-fb2f-4485-9319-fecae3f23109", "message_id": "984427aa-b63d-460a-8b28-09c0b8d5ca8d", "role": "user", "content": "Hello, world!", "metadata": {}}}
{"timestamp": "2026-05-14T10:45:45.641750", "event": "message_added", "data": {"project_id": "3914a1bc-804b-4eb8-8018-276c7479eaa4", "conversation_id": "3c5ab466-a39c-41ea-afb8-a834aa44cd22", "message_id": "7a42b0e1-022a-4453-8ab2-2fb7ecbeb452", "role": "user", "content": "Message 1", "metadata": {}}}
{"timestamp": "2026-05-14T10:45:45.643351", "event": "message_added", "data": {"project_id": "3914a1bc-804b-4eb8-8018-276c7479eaa4", "conversation_id": "3c5ab466-a39c-41ea-afb8-a834aa44cd22", "message_id": "d79cc8d3-fb0a-4ce0-b9f7-799d8da2312e", "role": "assistant", "content": "Response 1", "metadata": {}}}
{"timestamp": "2026-05-14T10:45:45.857704", "event": "message_added", "data": {"project_id": "df16e589-2155-44f0-a602-910842e713ca", "conversation_id": "e79de8db-9939-4804-afcf-9ba5d9241047", "message_id": "776d8db6-669c-4c96-bbcd-6becc907d5e4", "role": "user", "content": "这是一个重要的消息，记住目标", "metadata": {}}}
{"timestamp": "2026-05-14T10:45:46.217246", "event": "message_added", "data": {"project_id": "11aa523f-77d2-43e4-9db3-aa869de85bc2", "conversation_id": "cd782f4d-4349-401c-98ee-774a06e845cb", "message_id": "40ca49c5-85b6-45ac-ba98-1cfdbeae804b", "role": "user", "content": "Hello", "metadata": {}}}
{"timestamp": "2026-05-14T10:45:46.255448", "event": "context_built", "data": {"project": "上下文测试"}}
{"timestamp": "2026-05-14T10:48:33.210270", "event": "message_added", "data": {"project_id": "b2dc810e-9d3f-452e-8219-39266b3deeb1", "conversation_id": "a7ed2018-2eba-40eb-a73e-884fd15ff45a", "message_id": "fc1ab76c-668a-4e42-89a5-2fe8eeb9c985", "role": "user", "content": "Hello, world!", "metadata": {}}}
{"timestamp": "2026-05-14T10:48:33.348340", "event": "message_added", "data": {"project_id": "aff8b219-77ea-4fad-95bb-b86a4765112e", "conversation_id": "f167fa5a-4c8d-4107-aa16-b5d55b08a2cd", "message_id": "55aac42b-77b6-44e2-a968-92e2b7c53a87", "role": "user", "content": "Message 1", "metadata": {}}}
{"timestamp": "2026-05-14T10:48:33.349944", "event": "message_added", "data": {"project_id": "aff8b219-77ea-4fad-95bb-b86a4765112e", "conversation_id": "f167fa5a-4c8d-4107-aa16-b5d55b08a2cd", "message_id": "6df36045-c276-4da9-8f3f-7a8480bcf8da", "role": "assistant", "content": "Response 1", "metadata": {}}}
{"timestamp": "2026-05-14T10:48:33.577345", "event": "message_added", "data": {"project_id": "82738551-b195-47fd-afa0-68799f0dd1f1", "conversation_id": "e76e3131-5a9f-4f5f-9dbc-19e7ab86e15a", "message_id": "4014ed70-0615-4e83-b738-14dc293c7b04", "role": "user", "content": "这是一个重要的消息，记住目标", "metadata": {}}}
{"timestamp": "2026-05-14T10:48:33.978274", "event": "message_added", "data": {"project_id": "7846e323-b83b-4043-854e-9b98588b2272", "conversation_id": "51cbcad5-551c-4a1a-bfc3-5ce75162f9f4", "message_id": "feb51420-06f5-4177-a736-92f972cec913", "role": "user", "content": "Hello", "metadata": {}}}
{"timestamp": "2026-05-14T10:48:34.022900", "event": "context_built", "data": {"project": "上下文测试"}}
{"timestamp": "2026-05-14T10:49:27.420513", "event": "message_added", "data": {"project_id": "4e7e91bf-5ab8-4c9a-af57-959a4785af80", "conversation_id": "55e3df38-3f93-4f7d-b4da-3bc320ce7467", "message_id": "1fd87d45-03ba-4405-a75c-32e2f53f5927", "role": "user", "content": "Hello, world!", "metadata": {}}}
{"timestamp": "2026-05-14T10:49:27.546989", "event": "message_added", "data": {"project_id": "c760f82c-8e41-4a97-9747-fe724a8e443e", "conversation_id": "dcf253b6-7cd9-4215-ac13-05b4ddf42f63", "message_id": "b2677c65-6158-4b0c-b48d-3188e2af4c2b", "role": "user", "content": "Message 1", "metadata": {}}}
{"timestamp": "2026-05-14T10:49:27.548368", "event": "message_added", "data": {"project_id": "c760f82c-8e41-4a97-9747-fe724a8e443e", "conversation_id": "dcf253b6-7cd9-4215-ac13-05b4ddf42f63", "message_id": "3d146f5a-ebb4-487f-9a42-627d59b7fe75", "role": "assistant", "content": "Response 1", "metadata": {}}}
{"timestamp": "2026-05-14T10:49:27.756712", "event": "message_added", "data": {"project_id": "e2fccfee-68ad-4623-a848-1c3ec315fb7f", "conversation_id": "c99c519b-2792-4f4b-a263-f859f5c1b5c0", "message_id": "e88976e9-32ce-4488-8f44-05acd206f933", "role": "user", "content": "这是一个重要的消息，记住目标", "metadata": {}}}
{"timestamp": "2026-05-14T10:49:28.141713", "event": "message_added", "data": {"project_id": "cb69d661-c982-48c4-aa47-a7a8430195f8", "conversation_id": "116a9885-daae-4c5b-b0ea-05ec8783f973", "message_id": "4968d1cb-027b-42ac-aca4-87731b86ea7f", "role": "user", "content": "Hello", "metadata": {}}}
{"timestamp": "2026-05-14T10:49:28.183585", "event": "context_built", "data": {"project": "上下文测试"}}
{"timestamp": "2026-05-14T11:05:44.956386", "event": "message_added", "data": {"project_id": "a5f57b95-c656-4cda-a4d9-5b1a580181a0", "conversation_id": "d8a26f8e-fd70-4936-b4b8-7340e2532b31", "message_id": "23a7b02f-61a0-42f6-becc-69f3aaa3c369", "role": "user", "content": "Hello, world!", "metadata": {}}}
{"timestamp": "2026-05-14T11:05:45.144951", "event": "message_added", "data": {"project_id": "ea98c33b-1cc4-4d99-9d1f-5f4f9c25fb41", "conversation_id": "fe643e3a-af07-47d6-a9f6-a03bb134f427", "message_id": "ef755612-2ef4-47d8-bf87-5050e0193447", "role": "user", "content": "Message 1", "metadata": {}}}
{"timestamp": "2026-05-14T11:05:45.148453", "event": "message_added", "data": {"project_id": "ea98c33b-1cc4-4d99-9d1f-5f4f9c25fb41", "conversation_id": "fe643e3a-af07-47d6-a9f6-a03bb134f427", "message_id": "49a274c5-22d8-4c67-a604-222356c199df", "role": "assistant", "content": "Response 1", "metadata": {}}}
{"timestamp": "2026-05-14T11:05:45.344394", "event": "message_added", "data": {"project_id": "afe17dff-f1d7-47af-bc40-70785a2ae2a6", "conversation_id": "a790fb9c-2280-4150-8129-d391c79cdc4a", "message_id": "e8d4d144-3b11-426c-a21e-1ffbdad11a09", "role": "user", "content": "这是一个重要的消息，记住目标", "metadata": {}}}
{"timestamp": "2026-05-14T11:05:45.811294", "event": "message_added", "data": {"project_id": "47cc9730-6746-4c31-9acc-bfee4263a4ef", "conversation_id": "711d24ac-0be0-4484-8d95-05dd96b29e3b", "message_id": "77786646-d22b-4614-8476-336753c37232", "role": "user", "content": "Hello", "metadata": {}}}
{"timestamp": "2026-05-14T11:05:45.857331", "event": "context_built", "data": {"project": "上下文测试"}}
{"timestamp": "2026-05-14T11:06:02.812324", "event": "message_added", "data": {"project_id": "01a76e74-51c7-4b0f-a64c-ef1df0cac38b", "conversation_id": "5c0cc188-9f34-405b-81cc-3da67992cca6", "message_id": "2df0ea99-511c-4dc3-96b3-f3e7e1c9a6bb", "role": "user", "content": "Hello, world!", "metadata": {}}}
{"timestamp": "2026-05-14T11:06:02.987939", "event": "message_added", "data": {"project_id": "c5717c44-ee6a-4fdf-a51f-c4ea66c3bedc", "conversation_id": "417e0fc8-6974-42eb-9c8d-07e7bf1a0d75", "message_id": "d681ecd9-af46-4668-b8c3-ad9acc5e34c7", "role": "user", "content": "Message 1", "metadata": {}}}
{"timestamp": "2026-05-14T11:06:02.989420", "event": "message_added", "data": {"project_id": "c5717c44-ee6a-4fdf-a51f-c4ea66c3bedc", "conversation_id": "417e0fc8-6974-42eb-9c8d-07e7bf1a0d75", "message_id": "1c679e1d-b4e2-4dfc-ad65-d29ad321ccf4", "role": "assistant", "content": "Response 1", "metadata": {}}}
{"timestamp": "2026-05-14T11:06:03.148154", "event": "message_added", "data": {"project_id": "caaf7480-33e5-453c-91e5-bd9a208bf846", "conversation_id": "d2b236a2-6c33-41e1-957e-651163cf8ace", "message_id": "f2725a65-b0b7-4397-9744-b651638677f1", "role": "user", "content": "这是一个重要的消息，记住目标", "metadata": {}}}
{"timestamp": "2026-05-14T11:06:03.566997", "event": "message_added", "data": {"project_id": "5e1741f6-763e-4858-be63-2cf810b5e4e2", "conversation_id": "ede7eb35-022d-4309-87be-dde897cbfccc", "message_id": "9968515c-b19a-4a48-a9ba-5e95495d8225", "role": "user", "content": "Hello", "metadata": {}}}
{"timestamp": "2026-05-14T11:06:03.621109", "event": "context_built", "data": {"project": "上下文测试"}}
{"timestamp": "2026-05-14T11:16:49.957592", "event": "message_added", "data": {"project_id": "d828cde3-162b-4d6e-afef-78cafc81e9b6", "conversation_id": "f83a3d44-cefa-4441-b774-e37cd5645e72", "message_id": "361b0989-67b5-4f7a-8ccd-f96753a89b78", "role": "user", "content": "Hello, world!", "metadata": {}}}
{"timestamp": "2026-05-14T11:16:50.124525", "event": "message_added", "data": {"project_id": "3273e977-c503-48ae-b878-a405f1a649c2", "conversation_id": "699062d4-8dd0-499f-be29-77541ea796b7", "message_id": "e6bc67ab-7ab3-4885-9f5f-32bb5ab74c30", "role": "user", "content": "Message 1", "metadata": {}}}
{"timestamp": "2026-05-14T11:16:50.127020", "event": "message_added", "data": {"project_id": "3273e977-c503-48ae-b878-a405f1a649c2", "conversation_id": "699062d4-8dd0-499f-be29-77541ea796b7", "message_id": "6543f88d-0d43-46da-91fe-fd7d9f2a617f", "role": "assistant", "content": "Response 1", "metadata": {}}}
{"timestamp": "2026-05-14T11:16:50.326311", "event": "message_added", "data": {"project_id": "8bc600d3-336e-4a51-b534-8eb70610ddda", "conversation_id": "f9d9b9ea-1113-4768-bfe5-40d463bf9380", "message_id": "43a3e640-c407-49e1-a392-f6515497dd73", "role": "user", "content": "这是一个重要的消息，记住目标", "metadata": {}}}
{"timestamp": "2026-05-14T11:16:50.811302", "event": "message_added", "data": {"project_id": "d4918960-3a49-4182-b773-148955fd8f56", "conversation_id": "7aaf1836-8208-4d89-93df-1e104e8bf705", "message_id": "93d8fa5f-c119-4633-ada8-93364fc1ea9d", "role": "user", "content": "Hello", "metadata": {}}}
{"timestamp": "2026-05-14T11:16:50.869686", "event": "context_built", "data": {"project": "上下文测试"}}
{"timestamp": "2026-05-14T11:17:26.509563", "event": "message_added", "data": {"project_id": "fd4a00e9-ea0b-4342-8506-382a22fa6bf5", "conversation_id": "8187f060-abfc-4dc5-8efd-953a9967f780", "message_id": "7ed98730-939a-46f1-bf3b-1064b6147352", "role": "user", "content": "Hello, world!", "metadata": {}}}
{"timestamp": "2026-05-14T11:17:26.639407", "event": "message_added", "data": {"project_id": "903d2bbd-f921-4253-aeca-1fe8935eec34", "conversation_id": "0d397997-4413-4bff-8588-25d34abdccc2", "message_id": "dbe0387c-0db3-4a48-916b-30f6e2415601", "role": "user", "content": "Message 1", "metadata": {}}}
{"timestamp": "2026-05-14T11:17:26.642884", "event": "message_added", "data": {"project_id": "903d2bbd-f921-4253-aeca-1fe8935eec34", "conversation_id": "0d397997-4413-4bff-8588-25d34abdccc2", "message_id": "04eb5af5-326f-49f3-810c-c79511c563b5", "role": "assistant", "content": "Response 1", "metadata": {}}}
{"timestamp": "2026-05-14T11:17:26.800093", "event": "message_added", "data": {"project_id": "f1d2aa6c-6482-4e1c-9c7b-cbf1535e5052", "conversation_id": "b976fcac-c074-4351-b6d2-b34ba90c0d03", "message_id": "6fafb4ac-66d5-47a1-88dc-bc2b4f0cc653", "role": "user", "content": "这是一个重要的消息，记住目标", "metadata": {}}}
{"timestamp": "2026-05-14T11:17:27.191490", "event": "message_added", "data": {"project_id": "bcd5ec8c-7f70-4adf-bd65-707d7903931a", "conversation_id": "2397a002-aca2-4c95-ac0e-407cbd5ac83c", "message_id": "35d8ad42-8d82-4b91-9b58-2280910055ee", "role": "user", "content": "Hello", "metadata": {}}}
{"timestamp": "2026-05-14T11:17:27.236604", "event": "context_built", "data": {"project": "上下文测试"}}
{"timestamp": "2026-05-14T11:18:25.370492", "event": "message_added", "data": {"project_id": "aea2433c-0b94-4d26-9a74-161970feafe7", "conversation_id": "93ec4f8e-9e27-4061-bdab-b8a8ef6f3af4", "message_id": "1f506776-37c9-413c-acb8-222c57ceec83", "role": "user", "content": "Hello, world!", "metadata": {}}}
{"timestamp": "2026-05-14T11:18:25.508067", "event": "message_added", "data": {"project_id": "24747e92-99f8-4b12-86a8-2144179105a9", "conversation_id": "78589ac5-cd78-4dbe-9f45-978820d54307", "message_id": "7dfbe8b1-4ba9-4268-9125-5f375037a81f", "role": "user", "content": "Message 1", "metadata": {}}}
{"timestamp": "2026-05-14T11:18:25.510335", "event": "message_added", "data": {"project_id": "24747e92-99f8-4b12-86a8-2144179105a9", "conversation_id": "78589ac5-cd78-4dbe-9f45-978820d54307", "message_id": "3a4aeaa3-5b28-45e5-96df-33158c4ae8cc", "role": "assistant", "content": "Response 1", "metadata": {}}}
{"timestamp": "2026-05-14T11:18:25.679303", "event": "message_added", "data": {"project_id": "06c9fa03-b1b6-4e81-84b3-0f32fa10f489", "conversation_id": "2194860d-7af0-457c-ae20-2c4271db38a0", "message_id": "c5da9d9a-7ed4-48f7-a2ea-3f20363d7729", "role": "user", "content": "这是一个重要的消息，记住目标", "metadata": {}}}
{"timestamp": "2026-05-14T11:18:26.093603", "event": "message_added", "data": {"project_id": "ce8f5f9c-b271-452a-803c-46febf17aea6", "conversation_id": "70130dc2-f5f7-4e3d-b73b-3b935fe981b1", "message_id": "17fc4204-e4b8-47af-9897-4b41e8c546d2", "role": "user", "content": "Hello", "metadata": {}}}
{"timestamp": "2026-05-14T11:18:26.135449", "event": "context_built", "data": {"project": "上下文测试"}}
{"timestamp": "2026-05-14T12:23:19.707246", "event": "message_added", "data": {"project_id": "2522eb38-0d75-4642-8cc0-b7595c9ecb23", "conversation_id": "1c49ddbc-de1a-4d99-86e4-c9c92d7f496e", "message_id": "5ffca22c-35d9-4953-a7c1-4af56375f1ac", "role": "user", "content": "Hello, world!", "metadata": {}}}
{"timestamp": "2026-05-14T12:23:19.853897", "event": "message_added", "data": {"project_id": "31b406d6-5da6-4314-a9f7-fa25a75a3008", "conversation_id": "fa5646d2-5839-4dbc-be3c-aa74a0c1eeac", "message_id": "16f3687f-22c1-4c42-9c1b-0d6c831fe557", "role": "user", "content": "Message 1", "metadata": {}}}
{"timestamp": "2026-05-14T12:23:19.856447", "event": "message_added", "data": {"project_id": "31b406d6-5da6-4314-a9f7-fa25a75a3008", "conversation_id": "fa5646d2-5839-4dbc-be3c-aa74a0c1eeac", "message_id": "a06824b6-e688-4f13-b0a3-2c3b781565fa", "role": "assistant", "content": "Response 1", "metadata": {}}}
{"timestamp": "2026-05-14T12:23:20.014403", "event": "message_added", "data": {"project_id": "5f2f8b61-435d-405b-ab92-3aa1ec81c2ca", "conversation_id": "8d9dff4f-49b6-4c78-8eeb-63b85a0b9333", "message_id": "5e21c0c8-8bb3-443c-9b23-f89493567276", "role": "user", "content": "这是一个重要的消息，记住目标", "metadata": {}}}
{"timestamp": "2026-05-14T12:23:20.432429", "event": "message_added", "data": {"project_id": "e3543f13-f4f4-4eac-a082-be68f90c4d59", "conversation_id": "0b34c2b3-fa5b-4226-836b-26da0bd97089", "message_id": "acfed0aa-5857-47ee-91ac-3cca3a432684", "role": "user", "content": "Hello", "metadata": {}}}
{"timestamp": "2026-05-14T12:23:20.479307", "event": "context_built", "data": {"project": "上下文测试"}}
{"timestamp": "2026-05-14T12:23:50.901727", "event": "message_added", "data": {"project_id": "4bbba2a3-8013-45f2-8ab3-c4f0541367cf", "conversation_id": "a8ccfd17-47de-4df7-86ec-b73e863b2ccd", "message_id": "ec29fb7c-4512-4a41-ac1c-4be0cd3b2ac4", "role": "user", "content": "Hello, world!", "metadata": {}}}
{"timestamp": "2026-05-14T12:23:51.065016", "event": "message_added", "data": {"project_id": "b65a7081-43c4-4935-a5f4-e1d4a623949f", "conversation_id": "efb6ad74-6182-4322-be70-6bdded91d3e7", "message_id": "b68587ac-5fd9-4501-8c3b-29b9d2a12a23", "role": "user", "content": "Message 1", "metadata": {}}}
{"timestamp": "2026-05-14T12:23:51.068171", "event": "message_added", "data": {"project_id": "b65a7081-43c4-4935-a5f4-e1d4a623949f", "conversation_id": "efb6ad74-6182-4322-be70-6bdded91d3e7", "message_id": "0cc53df0-e060-4598-ab48-2d02387cf570", "role": "assistant", "content": "Response 1", "metadata": {}}}
{"timestamp": "2026-05-14T12:23:51.269905", "event": "message_added", "data": {"project_id": "d5e9a2b7-a52b-4470-8a3b-f9958eb0f0a3", "conversation_id": "cb20ae31-6a55-425c-84e5-803437030ae8", "message_id": "e6835bf6-cb7e-49f3-9d95-6283c50701c4", "role": "user", "content": "这是一个重要的消息，记住目标", "metadata": {}}}
{"timestamp": "2026-05-14T12:23:51.756865", "event": "message_added", "data": {"project_id": "9c6651d4-8644-4aec-9055-a3080e34de8a", "conversation_id": "766cca5d-4386-43f1-a659-1afecb62880b", "message_id": "aad1893b-065a-4928-a8f9-e922b92c14fc", "role": "user", "content": "Hello", "metadata": {}}}
{"timestamp": "2026-05-14T12:23:51.815607", "event": "context_built", "data": {"project": "上下文测试"}}
{"timestamp": "2026-05-14T12:24:34.661894", "event": "message_added", "data": {"project_id": "29a16714-f46d-4ac1-8f12-68c0dd6a977d", "conversation_id": "05d7784e-8a26-485f-99f0-77578f411171", "message_id": "ed6f73fd-38ae-4c26-81c4-963104607ec8", "role": "user", "content": "Hello, world!", "metadata": {}}}
{"timestamp": "2026-05-14T12:24:34.813448", "event": "message_added", "data": {"project_id": "c18fd7fb-3515-4d52-8608-f67da1a5ef18", "conversation_id": "240ae671-8a02-430a-8123-3268efcde47d", "message_id": "2af6361f-33dc-4a4c-a4cf-9a32479e8a24", "role": "user", "content": "Message 1", "metadata": {}}}
{"timestamp": "2026-05-14T12:24:34.815832", "event": "message_added", "data": {"project_id": "c18fd7fb-3515-4d52-8608-f67da1a5ef18", "conversation_id": "240ae671-8a02-430a-8123-3268efcde47d", "message_id": "0af32749-7d05-4cf3-b4d7-a9e5b357cdc1", "role": "assistant", "content": "Response 1", "metadata": {}}}
{"timestamp": "2026-05-14T12:24:35.014366", "event": "message_added", "data": {"project_id": "f5eb6151-06e5-400e-bbd6-ad7c2e8eab85", "conversation_id": "98a755da-2353-4db5-b282-459a30d43694", "message_id": "4510f741-0720-4041-bedb-7494be167562", "role": "user", "content": "这是一个重要的消息，记住目标", "metadata": {}}}
{"timestamp": "2026-05-14T12:24:35.503817", "event": "message_added", "data": {"project_id": "45161510-1179-4bba-bdb0-0789f3959ae8", "conversation_id": "47b278a7-4004-4929-8ff2-3997efb924f6", "message_id": "41712257-231a-4900-b6f9-cb78f1c4d45b", "role": "user", "content": "Hello", "metadata": {}}}
{"timestamp": "2026-05-14T12:24:35.566259", "event": "context_built", "data": {"project": "上下文测试"}}
{"timestamp": "2026-05-14T12:25:12.131323", "event": "message_added", "data": {"project_id": "f1952c77-c7af-4bfa-aa0e-aa592b2cb4b4", "conversation_id": "a0e4f102-cce4-43e3-baa6-8cdbfb07a8bc", "message_id": "2caf3cef-c273-4978-b366-bb731736abdc", "role": "user", "content": "Hello, world!", "metadata": {}}}
{"timestamp": "2026-05-14T12:25:12.300703", "event": "message_added", "data": {"project_id": "9bc0bdfe-112b-4a91-822b-7a59e039e5a7", "conversation_id": "6ab78762-7f6f-460f-8bd7-62f37896c6cf", "message_id": "79bdac7c-4b77-42e0-baf0-cc0dc7b6142a", "role": "user", "content": "Message 1", "metadata": {}}}
{"timestamp": "2026-05-14T12:25:12.302132", "event": "message_added", "data": {"project_id": "9bc0bdfe-112b-4a91-822b-7a59e039e5a7", "conversation_id": "6ab78762-7f6f-460f-8bd7-62f37896c6cf", "message_id": "9aa72599-0875-4a92-ba13-8e9af47f07e4", "role": "assistant", "content": "Response 1", "metadata": {}}}
{"timestamp": "2026-05-14T12:25:12.490701", "event": "message_added", "data": {"project_id": "21e3a544-3f6f-4248-a791-c069eaa3d7e2", "conversation_id": "30a43a66-a46d-4637-920c-ec56199ef423", "message_id": "ca5abc13-d1cd-4468-ac07-47ddc25c7d60", "role": "user", "content": "这是一个重要的消息，记住目标", "metadata": {}}}
{"timestamp": "2026-05-14T12:25:13.005470", "event": "message_added", "data": {"project_id": "4cb2e578-87e3-4f31-9ec2-ee71749735b4", "conversation_id": "4e7791b6-231e-47a9-94b5-2af2952eef35", "message_id": "a18f609c-5f52-4e3c-895b-89489c35e02a", "role": "user", "content": "Hello", "metadata": {}}}
{"timestamp": "2026-05-14T12:25:13.052033", "event": "context_built", "data": {"project": "上下文测试"}}
{"timestamp": "2026-05-14T12:25:52.987724", "event": "message_added", "data": {"project_id": "261c078d-4430-45ad-bac6-cb19dd4fa4fe", "conversation_id": "650b6a35-52e1-49dc-812a-c47c6e0763d2", "message_id": "04382bdb-0616-4add-b997-7a342eaadb26", "role": "user", "content": "Hello, world!", "metadata": {}}}
{"timestamp": "2026-05-14T12:25:53.149197", "event": "message_added", "data": {"project_id": "d7c88be7-b2d4-4cea-9db4-365d5aa7ff87", "conversation_id": "09e039be-45ea-44d6-b089-e91b2005b197", "message_id": "6a8d03d2-ca17-4e34-852d-fb92274f3832", "role": "user", "content": "Message 1", "metadata": {}}}
{"timestamp": "2026-05-14T12:25:53.154360", "event": "message_added", "data": {"project_id": "d7c88be7-b2d4-4cea-9db4-365d5aa7ff87", "conversation_id": "09e039be-45ea-44d6-b089-e91b2005b197", "message_id": "b1632386-2ede-4cc1-aa7f-f41642a6cd2a", "role": "assistant", "content": "Response 1", "metadata": {}}}
{"timestamp": "2026-05-14T12:25:53.345313", "event": "message_added", "data": {"project_id": "c39669d7-ff17-4c0a-823b-158c4add86fb", "conversation_id": "cb4c2454-4345-4cac-88da-a2b650695de2", "message_id": "c0840b78-1efd-4fbd-a11d-c03c8dd32ec7", "role": "user", "content": "这是一个重要的消息，记住目标", "metadata": {}}}
{"timestamp": "2026-05-14T12:25:54.221803", "event": "message_added", "data": {"project_id": "ef20b4f4-6e81-455c-a045-341232383377", "conversation_id": "340c75f8-fd00-487f-a5bd-925224751354", "message_id": "73deabc1-889e-4993-b373-ef71abf29599", "role": "user", "content": "Hello", "metadata": {}}}
{"timestamp": "2026-05-14T12:25:54.264427", "event": "context_built", "data": {"project": "上下文测试"}}
{"timestamp": "2026-05-14T12:26:36.360851", "event": "message_added", "data": {"project_id": "c7865da9-59da-4cc5-85b7-690baba16d4a", "conversation_id": "0a029678-ce4a-4ed8-b395-55146e677b63", "message_id": "f238a6fb-69ae-4429-9f33-0af7026a83a3", "role": "user", "content": "Hello, world!", "metadata": {}}}
{"timestamp": "2026-05-14T12:26:36.522974", "event": "message_added", "data": {"project_id": "6d0fca4c-9406-4619-87bd-98a455aae668", "conversation_id": "d9d1182c-e73d-4fb4-81b9-3203dd61be35", "message_id": "02a2b9f0-6637-4efd-8369-a493ead25f2c", "role": "user", "content": "Message 1", "metadata": {}}}
{"timestamp": "2026-05-14T12:26:36.527708", "event": "message_added", "data": {"project_id": "6d0fca4c-9406-4619-87bd-98a455aae668", "conversation_id": "d9d1182c-e73d-4fb4-81b9-3203dd61be35", "message_id": "68eb7347-ca88-43e0-bb19-cd8c40681bfb", "role": "assistant", "content": "Response 1", "metadata": {}}}
{"timestamp": "2026-05-14T12:26:36.694326", "event": "message_added", "data": {"project_id": "54537e63-a1e2-4578-bf58-ee69ca122398", "conversation_id": "052c230a-59f4-4abb-b303-29dbe77dc959", "message_id": "b7a30781-e955-48fc-a7b5-5d250bc8f293", "role": "user", "content": "这是一个重要的消息，记住目标", "metadata": {}}}
{"timestamp": "2026-05-14T12:26:37.174208", "event": "message_added", "data": {"project_id": "35f84042-fce1-4c24-9de7-c87769c99f64", "conversation_id": "90cdfc4c-bd5a-442c-b67d-dd414b7980f2", "message_id": "a1cb1936-8b84-4592-beab-f2a43b94600d", "role": "user", "content": "Hello", "metadata": {}}}
{"timestamp": "2026-05-14T12:26:37.218350", "event": "context_built", "data": {"project": "上下文测试"}}
{"timestamp": "2026-05-14T12:27:14.345969", "event": "message_added", "data": {"project_id": "e7810102-2011-4853-9e0d-0a4d401651f9", "conversation_id": "c0df7a0a-aaa5-4b5d-a6f9-8ce889f0b5fe", "message_id": "f1acec2f-b0fb-461d-ae0e-3cf0021c8b0f", "role": "user", "content": "Hello, world!", "metadata": {}}}
{"timestamp": "2026-05-14T12:27:14.521272", "event": "message_added", "data": {"project_id": "c73e87d1-8da2-447d-9a26-b4e04d89f0ab", "conversation_id": "828258d9-f90c-4bb8-9c63-c5d73c791b3d", "message_id": "91e478c5-006a-4e8c-bbfd-91da2bb5ec48", "role": "user", "content": "Message 1", "metadata": {}}}
{"timestamp": "2026-05-14T12:27:14.523085", "event": "message_added", "data": {"project_id": "c73e87d1-8da2-447d-9a26-b4e04d89f0ab", "conversation_id": "828258d9-f90c-4bb8-9c63-c5d73c791b3d", "message_id": "1a4e027b-48f3-4156-b0da-e4f47ffc9e9f", "role": "assistant", "content": "Response 1", "metadata": {}}}
{"timestamp": "2026-05-14T12:27:14.732289", "event": "message_added", "data": {"project_id": "ce042da3-1bbd-422b-bb44-52892b3c81e6", "conversation_id": "df4a211c-8de9-4e15-8fad-bd56027c4822", "message_id": "d129e29d-e225-49d2-b89c-1177479353fc", "role": "user", "content": "这是一个重要的消息，记住目标", "metadata": {}}}
{"timestamp": "2026-05-14T12:27:15.247180", "event": "message_added", "data": {"project_id": "6bb46ffe-f809-47cb-93a6-8fb03901a01c", "conversation_id": "e175ac8c-2406-4fff-9f4e-2e4234ede00b", "message_id": "a0af3558-f711-4e51-b996-981cef4a0a72", "role": "user", "content": "Hello", "metadata": {}}}
{"timestamp": "2026-05-14T12:27:15.306221", "event": "context_built", "data": {"project": "上下文测试"}}
{"timestamp": "2026-05-14T12:31:52.317911", "event": "message_added", "data": {"project_id": "a79a938d-fe46-4165-8942-c83818a3ed25", "conversation_id": "9901ee51-e896-4c0f-bf62-45c72caccfdd", "message_id": "e4596058-908f-400b-b90f-d804c795028b", "role": "user", "content": "Hello, world!", "metadata": {}}}
{"timestamp": "2026-05-14T12:31:50.301740", "event": "message_added", "data": {"project_id": "6f318acb-faf4-4b52-8fd2-cd427e40a22e", "conversation_id": "e739acda-0870-47eb-9feb-cc329d8ce814", "message_id": "e01f9f9a-9dcd-4691-b690-141c7c13d25b", "role": "user", "content": "Message 1", "metadata": {}}}
{"timestamp": "2026-05-14T12:31:50.306945", "event": "message_added", "data": {"project_id": "6f318acb-faf4-4b52-8fd2-cd427e40a22e", "conversation_id": "e739acda-0870-47eb-9feb-cc329d8ce814", "message_id": "76ba3015-8d6b-4aef-b5ad-25752d7ad44f", "role": "assistant", "content": "Response 1", "metadata": {}}}
{"timestamp": "2026-05-14T12:31:50.581041", "event": "message_added", "data": {"project_id": "752af13b-436a-4228-bef8-30b49660cefe", "conversation_id": "05394af5-29a9-4168-aa68-891356117358", "message_id": "5b6eb8c6-1f5b-4506-b3e1-69a57bb9832a", "role": "user", "content": "这是一个重要的消息，记住目标", "metadata": {}}}
{"timestamp": "2026-05-14T12:31:51.196029", "event": "message_added", "data": {"project_id": "ffac8578-3ef0-481b-8c2c-ac9c78004cd9", "conversation_id": "b1b6e197-d0fb-4df6-a6c6-f33ec46cbf96", "message_id": "f99165ad-eadf-49f9-86e8-a6ddbfb4a6ed", "role": "user", "content": "Hello", "metadata": {}}}
{"timestamp": "2026-05-14T12:31:51.259050", "event": "context_built", "data": {"project": "上下文测试"}}
{"timestamp": "2026-05-14T12:35:42.799484", "event": "message_added", "data": {"project_id": "8fe2124c-90dc-42b6-8db5-dc9348adc48a", "conversation_id": "d0dc1527-7e03-4900-bbf0-c74960d64c0d", "message_id": "27d8ffca-58dc-4cb5-bd58-19272ba870e2", "role": "user", "content": "Hello, world!", "metadata": {}}}
{"timestamp": "2026-05-14T12:35:42.970234", "event": "message_added", "data": {"project_id": "619a8093-c6f0-4baa-88ff-2f3b734ce131", "conversation_id": "bd0e1629-8017-4fae-b0cb-64af9d2768d9", "message_id": "f8f73e06-ef9c-4cd1-a8c8-02be2270ea19", "role": "user", "content": "Message 1", "metadata": {}}}
{"timestamp": "2026-05-14T12:35:42.972840", "event": "message_added", "data": {"project_id": "619a8093-c6f0-4baa-88ff-2f3b734ce131", "conversation_id": "bd0e1629-8017-4fae-b0cb-64af9d2768d9", "message_id": "0fbbd0b4-f6fa-4233-84ed-2acaf925b8e6", "role": "assistant", "content": "Response 1", "metadata": {}}}
{"timestamp": "2026-05-14T12:35:43.208309", "event": "message_added", "data": {"project_id": "a8b532a7-0e1a-4f19-85e0-767861124d4c", "conversation_id": "51ef44b8-51c1-465d-9249-5ee94bb3aded", "message_id": "7b38524e-6c1d-4426-8bd1-6832d410710f", "role": "user", "content": "这是一个重要的消息，记住目标", "metadata": {}}}
{"timestamp": "2026-05-14T12:35:43.751063", "event": "message_added", "data": {"project_id": "f87dc2bf-d6f3-4fa1-bc19-2569c7bb10d5", "conversation_id": "cdcfe794-cddf-41c4-800d-93a3b9adc9b7", "message_id": "a6187231-cc06-458a-aaa5-86c0e66e7eb3", "role": "user", "content": "Hello", "metadata": {}}}
{"timestamp": "2026-05-14T12:35:43.812079", "event": "context_built", "data": {"project": "上下文测试"}}
{"timestamp": "2026-05-14T14:21:16.077403", "event": "message_added", "data": {"project_id": "214b88fd-7353-46ea-b350-79033ceb9831", "conversation_id": "8be18800-dd8f-4897-8a7e-c02f7c296bfc", "message_id": "73c1e99d-41f4-4f09-a9a6-c181dd6427f7", "role": "user", "content": "Hello, world!", "metadata": {}}}
{"timestamp": "2026-05-14T14:21:16.261545", "event": "message_added", "data": {"project_id": "b8563a28-deb0-4221-90f5-4b7fc5c55169", "conversation_id": "36ba974e-8355-4998-acc7-e9312a2fd1d0", "message_id": "440fa5b8-117d-4e71-85ff-fd8a3160b182", "role": "user", "content": "Message 1", "metadata": {}}}
{"timestamp": "2026-05-14T14:21:16.263232", "event": "message_added", "data": {"project_id": "b8563a28-deb0-4221-90f5-4b7fc5c55169", "conversation_id": "36ba974e-8355-4998-acc7-e9312a2fd1d0", "message_id": "ee40a791-cbe2-476e-be59-8eec45257f46", "role": "assistant", "content": "Response 1", "metadata": {}}}
{"timestamp": "2026-05-14T14:21:16.471309", "event": "message_added", "data": {"project_id": "d154d9dd-d6b4-45c4-a908-30f042bc5929", "conversation_id": "e84f226c-dc09-4dfd-a5ab-b89c76bf3d9e", "message_id": "d0c5fe69-7a11-4a44-a5e0-4d7805998b36", "role": "user", "content": "这是一个重要的消息，记住目标", "metadata": {}}}
{"timestamp": "2026-05-14T14:21:16.989984", "event": "message_added", "data": {"project_id": "09f54dab-d266-47e2-b822-47fb69e428db", "conversation_id": "fec3c31a-a980-48a5-801c-d8c518ccd7fd", "message_id": "5ff639ad-3321-44a7-b24d-a182744303b7", "role": "user", "content": "Hello", "metadata": {}}}
{"timestamp": "2026-05-14T14:21:17.039579", "event": "context_built", "data": {"project": "上下文测试"}}
{"timestamp": "2026-05-14T14:22:22.886967", "event": "message_added", "data": {"project_id": "d5ead019-9bb2-4650-8dae-dac65bb5a02e", "conversation_id": "91bb19ac-d233-4ac8-abe4-88b9cb45eba4", "message_id": "cdec67a2-2af7-49f0-afe8-a71b55e0aee2", "role": "user", "content": "Hello, world!", "metadata": {}}}
{"timestamp": "2026-05-14T14:22:23.053610", "event": "message_added", "data": {"project_id": "9a340c73-e016-4671-b89e-c7fbf62fda92", "conversation_id": "6038f615-da5a-46b9-9ab0-3177350b2f67", "message_id": "1a9f3565-0379-4f46-93d8-409bc9fef5f8", "role": "user", "content": "Message 1", "metadata": {}}}
{"timestamp": "2026-05-14T14:22:23.058067", "event": "message_added", "data": {"project_id": "9a340c73-e016-4671-b89e-c7fbf62fda92", "conversation_id": "6038f615-da5a-46b9-9ab0-3177350b2f67", "message_id": "7fe08af7-8453-49e3-aa56-ddf4900194bf", "role": "assistant", "content": "Response 1", "metadata": {}}}
{"timestamp": "2026-05-14T14:22:23.277272", "event": "message_added", "data": {"project_id": "f06425a5-de8e-461d-9ce4-31bbd26c5daf", "conversation_id": "aa3e4763-a108-4dd3-b62b-6eb0bb00695b", "message_id": "d22fd121-8389-4257-b7db-06179fea7d4e", "role": "user", "content": "这是一个重要的消息，记住目标", "metadata": {}}}
{"timestamp": "2026-05-14T14:22:23.824975", "event": "message_added", "data": {"project_id": "e72d3e1e-bee3-407e-b131-1570aeb44af2", "conversation_id": "51b37cbb-4350-4455-922b-09e62be7ee12", "message_id": "4235e30b-e240-4a1b-80c0-debcacad48b9", "role": "user", "content": "Hello", "metadata": {}}}
{"timestamp": "2026-05-14T14:22:23.898938", "event": "context_built", "data": {"project": "上下文测试"}}
{"timestamp": "2026-05-14T14:25:59.492115", "event": "message_added", "data": {"project_id": "0c5ae588-460d-4cd4-98ca-8a33a5349fc2", "conversation_id": "bf8af1db-917c-4881-ae5b-0dddd1ff26e3", "message_id": "4e4d2c74-a510-4a8a-bd70-2b104a05b07b", "role": "user", "content": "Hello, world!", "metadata": {}}}
{"timestamp": "2026-05-14T14:25:59.663371", "event": "message_added", "data": {"project_id": "655c8032-55c4-42cc-904a-649147bdf744", "conversation_id": "ec81370c-a70a-41a3-9454-c4ec2a5d4fa8", "message_id": "7db545d5-1e21-45d7-892a-23bd1163e311", "role": "user", "content": "Message 1", "metadata": {}}}
{"timestamp": "2026-05-14T14:25:59.664749", "event": "message_added", "data": {"project_id": "655c8032-55c4-42cc-904a-649147bdf744", "conversation_id": "ec81370c-a70a-41a3-9454-c4ec2a5d4fa8", "message_id": "3f472e5b-6939-4d3b-a296-e49cb1b3eadf", "role": "assistant", "content": "Response 1", "metadata": {}}}
{"timestamp": "2026-05-14T14:25:59.877874", "event": "message_added", "data": {"project_id": "1f4cbcdf-8276-42d2-af74-499dfaecb030", "conversation_id": "e4e0b377-aef6-4b0f-b4a4-699b917728bc", "message_id": "479d18aa-1a37-4922-ab18-5e85ac28ff24", "role": "user", "content": "这是一个重要的消息，记住目标", "metadata": {}}}
{"timestamp": "2026-05-14T14:26:00.372557", "event": "message_added", "data": {"project_id": "12670aa6-c100-44e5-92d5-6189fcb1cad9", "conversation_id": "301cea8d-701e-4d69-b357-53e0e32de989", "message_id": "7af86afe-f8e4-418f-8ac5-f43d312699e3", "role": "user", "content": "Hello", "metadata": {}}}
{"timestamp": "2026-05-14T14:26:00.442097", "event": "context_built", "data": {"project": "上下文测试"}}
{"timestamp": "2026-05-14T15:48:31.921676", "event": "message_added", "data": {"project_id": "b9954656-81a8-48c7-b3e3-2bf8e9d0366a", "conversation_id": "e396c19e-eb32-42a2-ae46-5aaa74074744", "message_id": "d30eac59-c7f8-4963-8889-7785c9ab0ade", "role": "user", "content": "Hello, world!", "metadata": {}}}
{"timestamp": "2026-05-14T15:48:32.093470", "event": "message_added", "data": {"project_id": "3cbec607-1324-4310-be86-e8db35cdc006", "conversation_id": "277a66cb-bed7-4013-9089-7a55d0f07830", "message_id": "89ad4351-5a3f-4eaa-97da-3f5f3570297f", "role": "user", "content": "Message 1", "metadata": {}}}
{"timestamp": "2026-05-14T15:48:32.095891", "event": "message_added", "data": {"project_id": "3cbec607-1324-4310-be86-e8db35cdc006", "conversation_id": "277a66cb-bed7-4013-9089-7a55d0f07830", "message_id": "7eb95e43-801f-4b1b-898d-7ac1714b1e3e", "role": "assistant", "content": "Response 1", "metadata": {}}}
{"timestamp": "2026-05-14T15:48:32.358148", "event": "message_added", "data": {"project_id": "76918200-a16d-4fef-92a9-9cd908d36055", "conversation_id": "ab5852bb-8f6f-4261-a4de-e90576e8fdf9", "message_id": "c0c3b901-1f1a-4da3-be1a-94e1ef80d50a", "role": "user", "content": "这是一个重要的消息，记住目标", "metadata": {}}}
{"timestamp": "2026-05-14T15:48:32.907075", "event": "message_added", "data": {"project_id": "74a84f42-b7ff-4d41-bec9-e36237aa3b39", "conversation_id": "4385fec0-5241-4d6f-9f03-7540e366a0fb", "message_id": "a52aaf8f-96f5-45a2-8c99-0b192b763fea", "role": "user", "content": "Hello", "metadata": {}}}
{"timestamp": "2026-05-14T15:48:32.968336", "event": "context_built", "data": {"project": "上下文测试"}}
{"timestamp": "2026-05-14T15:50:34.987663", "event": "message_added", "data": {"project_id": "8b54e816-ceb6-430f-b322-4c9de09f75ab", "conversation_id": "f50dfbf7-db03-4f73-bcdd-214957e522d7", "message_id": "4563f74e-43d7-4b90-ad16-e6ae645a7493", "role": "user", "content": "Hello, world!", "metadata": {}}}
{"timestamp": "2026-05-14T15:50:35.148342", "event": "message_added", "data": {"project_id": "fdc17a1f-87ad-4401-bacb-107f7dcec6b4", "conversation_id": "622b6a76-b71a-4550-b03a-8fbca62a4387", "message_id": "35f16ead-fd59-4776-8239-36f5ade2b0dc", "role": "user", "content": "Message 1", "metadata": {}}}
{"timestamp": "2026-05-14T15:50:35.150287", "event": "message_added", "data": {"project_id": "fdc17a1f-87ad-4401-bacb-107f7dcec6b4", "conversation_id": "622b6a76-b71a-4550-b03a-8fbca62a4387", "message_id": "3eacbb1e-77b1-402a-ae8c-89522b7943a6", "role": "assistant", "content": "Response 1", "metadata": {}}}
{"timestamp": "2026-05-14T15:50:35.382591", "event": "message_added", "data": {"project_id": "88c42c33-328c-46f6-8ccf-7c23faeb47c7", "conversation_id": "34283c1b-68d4-4ef9-af53-1118e45a60b8", "message_id": "289923af-444a-427c-a96e-97953841eb7f", "role": "user", "content": "这是一个重要的消息，记住目标", "metadata": {}}}
{"timestamp": "2026-05-14T15:50:35.906866", "event": "message_added", "data": {"project_id": "2aa3da82-d89b-4cfd-b519-b0375525a825", "conversation_id": "d94d6c3e-a800-4372-9b4e-8c7f981a5115", "message_id": "8f8446f8-c38c-45f2-b5fe-0cfd3bc20589", "role": "user", "content": "Hello", "metadata": {}}}
{"timestamp": "2026-05-14T15:50:35.963680", "event": "context_built", "data": {"project": "上下文测试"}}
{"timestamp": "2026-05-14T15:51:38.549346", "event": "message_added", "data": {"project_id": "33062680-7650-4c22-9ce5-4e70047cb206", "conversation_id": "110cb6c6-e071-4263-ab50-0c1aeed5e97f", "message_id": "650cf35a-3fce-42d3-af14-0117f5a17514", "role": "user", "content": "Hello, world!", "metadata": {}}}
{"timestamp": "2026-05-14T15:51:38.676393", "event": "message_added", "data": {"project_id": "02dafb64-b950-495c-b13d-a2fde338eb26", "conversation_id": "c3321d83-4877-47b4-8903-0bc26bf6f1c4", "message_id": "b2dd86e7-ffe1-40dc-aeb2-764f7cc8e182", "role": "user", "content": "Message 1", "metadata": {}}}
{"timestamp": "2026-05-14T15:51:38.678465", "event": "message_added", "data": {"project_id": "02dafb64-b950-495c-b13d-a2fde338eb26", "conversation_id": "c3321d83-4877-47b4-8903-0bc26bf6f1c4", "message_id": "65f77f59-22db-49a5-9c99-86f97c99c5b3", "role": "assistant", "content": "Response 1", "metadata": {}}}
{"timestamp": "2026-05-14T15:51:38.871174", "event": "message_added", "data": {"project_id": "9910744f-c27d-4f1e-ad42-bac3b9bfb20b", "conversation_id": "e5cba4f5-7b79-40b3-a2e8-0fdce4dd3fbc", "message_id": "c66a105c-6576-487b-a6ac-c3c33bd2a6e2", "role": "user", "content": "这是一个重要的消息，记住目标", "metadata": {}}}
{"timestamp": "2026-05-14T15:51:39.293882", "event": "message_added", "data": {"project_id": "048d7be2-552b-4e06-97c0-8a6e261448d9", "conversation_id": "8a6ea3e4-c409-4733-8f0d-1edd8fb71d2d", "message_id": "25266370-ff7d-4f5c-a373-3bf193567206", "role": "user", "content": "Hello", "metadata": {}}}
{"timestamp": "2026-05-14T15:51:39.339941", "event": "context_built", "data": {"project": "上下文测试"}}
{"timestamp": "2026-05-14T16:02:38.283809", "event": "message_added", "data": {"project_id": "47eab74a-402b-49e8-93b1-72218a1b0baa", "conversation_id": "c66ddc75-00be-44c5-85cf-5213788a367f", "message_id": "019e05f3-8daa-4052-962e-995e95e59feb", "role": "user", "content": "Hello, world!", "metadata": {}}}
{"timestamp": "2026-05-14T16:02:38.462263", "event": "message_added", "data": {"project_id": "f28ced5e-ad5d-401c-ad6b-9817f73810fd", "conversation_id": "734fca5b-f061-4ab2-a681-06bb665d5f99", "message_id": "b8e4ed59-865c-48ea-a7f5-f69a20b3f7dd", "role": "user", "content": "Message 1", "metadata": {}}}
{"timestamp": "2026-05-14T16:02:38.463886", "event": "message_added", "data": {"project_id": "f28ced5e-ad5d-401c-ad6b-9817f73810fd", "conversation_id": "734fca5b-f061-4ab2-a681-06bb665d5f99", "message_id": "35d99ac4-d90a-40dc-8187-c9daf1d9152d", "role": "assistant", "content": "Response 1", "metadata": {}}}
{"timestamp": "2026-05-14T16:02:38.666685", "event": "message_added", "data": {"project_id": "cbdcc55f-3f02-46e8-8109-4c4553bd082d", "conversation_id": "4bf9baea-a4ec-494b-a002-ffa48a9a5705", "message_id": "9bada495-3691-44d0-b753-d7369a348d40", "role": "user", "content": "这是一个重要的消息，记住目标", "metadata": {}}}
{"timestamp": "2026-05-14T16:02:39.231794", "event": "message_added", "data": {"project_id": "0828eba3-9b63-44fd-b325-bfb5651b391e", "conversation_id": "ec62026a-f1c5-4242-b2fb-92501733f43f", "message_id": "b8f0b20d-35a9-4814-8f3f-a77772e8eacb", "role": "user", "content": "Hello", "metadata": {}}}
{"timestamp": "2026-05-14T16:02:39.290388", "event": "context_built", "data": {"project": "上下文测试"}}
{"timestamp": "2026-05-14T16:10:22.994964", "event": "message_added", "data": {"project_id": "7ba110fa-b6c4-4f03-9487-c23b7bab40ef", "conversation_id": "93b24c7e-273e-4d25-af17-15e8ca218473", "message_id": "f1ef637d-b019-4809-ab23-f1a3abd2df79", "role": "user", "content": "Hello, world!", "metadata": {}}}
{"timestamp": "2026-05-14T16:10:23.179791", "event": "message_added", "data": {"project_id": "d2f95017-87a6-4674-aa35-e97d40a46655", "conversation_id": "6947d9b1-d32b-4e0a-8b16-56a3d2e03f17", "message_id": "2eb767b9-a8dc-4d84-a26c-fad7b2e6d7fc", "role": "user", "content": "Message 1", "metadata": {}}}
{"timestamp": "2026-05-14T16:10:23.181147", "event": "message_added", "data": {"project_id": "d2f95017-87a6-4674-aa35-e97d40a46655", "conversation_id": "6947d9b1-d32b-4e0a-8b16-56a3d2e03f17", "message_id": "365d0b42-935c-4684-a999-108b0ee2ab07", "role": "assistant", "content": "Response 1", "metadata": {}}}
{"timestamp": "2026-05-14T16:10:23.378273", "event": "message_added", "data": {"project_id": "fbd7c32b-8967-40e0-8d4f-73b7e461eeb2", "conversation_id": "849f913c-10c6-4971-9316-eaaa396be5b4", "message_id": "94282b28-b8bf-49dc-b675-a1d3159c58c1", "role": "user", "content": "这是一个重要的消息，记住目标", "metadata": {}}}
{"timestamp": "2026-05-14T16:10:23.938329", "event": "message_added", "data": {"project_id": "0b5a526f-a2db-408a-8214-97d22e33207b", "conversation_id": "168947d9-ae29-4034-adf1-514f189d7e4d", "message_id": "666bf4e2-cc58-4dff-a3e4-642a08bbedd0", "role": "user", "content": "Hello", "metadata": {}}}
{"timestamp": "2026-05-14T16:10:23.993679", "event": "context_built", "data": {"project": "上下文测试"}}
{"timestamp": "2026-05-14T16:39:25.323476", "event": "message_added", "data": {"project_id": "e8c62bce-e3fc-49fd-8d71-53800fb21a53", "conversation_id": "5597e9dc-5b60-4a42-af35-659f02fa64f6", "message_id": "aacd08f8-6b5e-4c7c-a855-1843b215d181", "role": "user", "content": "Hello, world!", "metadata": {}}}
{"timestamp": "2026-05-14T16:39:25.497934", "event": "message_added", "data": {"project_id": "560d1940-d295-4547-816b-75e6c70d8d5d", "conversation_id": "5b97eedd-fdbd-4013-9991-090b10443366", "message_id": "23bed25b-9d5f-4807-9fd2-0c5f847cf054", "role": "user", "content": "Message 1", "metadata": {}}}
{"timestamp": "2026-05-14T16:39:25.505141", "event": "message_added", "data": {"project_id": "560d1940-d295-4547-816b-75e6c70d8d5d", "conversation_id": "5b97eedd-fdbd-4013-9991-090b10443366", "message_id": "f2038c68-e895-43a3-9042-ede5a2456072", "role": "assistant", "content": "Response 1", "metadata": {}}}
{"timestamp": "2026-05-14T16:39:25.718166", "event": "message_added", "data": {"project_id": "8cae88cd-691d-494c-b650-ae07599f7c9e", "conversation_id": "61decf4e-40d3-4700-88a1-9cb1e16567ec", "message_id": "13e0d1ab-1a36-44b1-8a96-7ea302d41275", "role": "user", "content": "这是一个重要的消息，记住目标", "metadata": {}}}
{"timestamp": "2026-05-14T16:39:26.192550", "event": "message_added", "data": {"project_id": "b1b7c180-b95d-4b9b-acc4-b064cc148cd6", "conversation_id": "8ece715a-291c-4ef2-b6ef-84c2fffe9262", "message_id": "a20b1cff-5e83-4cd4-91f6-0ebdc33843d5", "role": "user", "content": "Hello", "metadata": {}}}
{"timestamp": "2026-05-14T16:39:26.258210", "event": "context_built", "data": {"project": "上下文测试"}}
{"timestamp": "2026-05-14T17:31:20.366209", "event": "message_added", "data": {"project_id": "4ba752b0-ac50-4bb4-81c5-0633a295dbc4", "conversation_id": "1d11ddb1-8fe2-442f-9456-67da66b20268", "message_id": "93a44c61-803c-49f7-9cc9-f792f467836f", "role": "user", "content": "Hello, world!", "metadata": {}}}
{"timestamp": "2026-05-14T17:31:20.546125", "event": "message_added", "data": {"project_id": "30cc97ad-9ac8-4867-a0e8-bcedb9743068", "conversation_id": "1cddac02-5790-4249-9b80-7679d6adffc1", "message_id": "e34c60b5-f505-4331-a21e-cb8e9e3fb243", "role": "user", "content": "Message 1", "metadata": {}}}
{"timestamp": "2026-05-14T17:31:20.547208", "event": "message_added", "data": {"project_id": "30cc97ad-9ac8-4867-a0e8-bcedb9743068", "conversation_id": "1cddac02-5790-4249-9b80-7679d6adffc1", "message_id": "545297b3-8ddd-41c0-a469-ef7aa7c8f019", "role": "assistant", "content": "Response 1", "metadata": {}}}
{"timestamp": "2026-05-14T17:31:20.804510", "event": "message_added", "data": {"project_id": "0efb8f58-6992-4df4-8e6f-5e088a7fe73c", "conversation_id": "a5d68614-d09c-4a66-b52c-91443198ac05", "message_id": "95831acf-44a9-4396-855c-1811d7acf65a", "role": "user", "content": "这是一个重要的消息，记住目标", "metadata": {}}}
{"timestamp": "2026-05-14T17:31:21.459100", "event": "message_added", "data": {"project_id": "2e1607f7-264a-467c-a29f-6ee463d16940", "conversation_id": "0d779c02-07df-4af6-96e5-56986510b94e", "message_id": "062faca3-70a8-4b86-9853-d6457e7a595b", "role": "user", "content": "Hello", "metadata": {}}}
{"timestamp": "2026-05-14T17:31:21.517692", "event": "context_built", "data": {"project": "上下文测试"}}
{"timestamp": "2026-05-14T17:58:38.740127", "event": "message_added", "data": {"project_id": "96218a35-37d6-41fc-838c-2d3c80f9f722", "conversation_id": "c44e4ad1-42ef-426e-affd-895434494429", "message_id": "9a152cdc-60ce-44e0-848e-289a2abd77cb", "role": "user", "content": "Hello, world!", "metadata": {}}}
{"timestamp": "2026-05-14T17:58:38.912261", "event": "message_added", "data": {"project_id": "b873ff6c-ebf9-4f27-8c8f-ed599c7999dc", "conversation_id": "56d8553e-feb0-4c85-b254-26057669cb7a", "message_id": "89003d4e-d164-4aa2-a44c-4d6789e59401", "role": "user", "content": "Message 1", "metadata": {}}}
{"timestamp": "2026-05-14T17:58:38.914134", "event": "message_added", "data": {"project_id": "b873ff6c-ebf9-4f27-8c8f-ed599c7999dc", "conversation_id": "56d8553e-feb0-4c85-b254-26057669cb7a", "message_id": "9ec18269-7828-44e3-b6cb-9c954517c85a", "role": "assistant", "content": "Response 1", "metadata": {}}}
{"timestamp": "2026-05-14T17:58:39.103689", "event": "message_added", "data": {"project_id": "bbd4899b-f3c9-4921-baa1-c46c02accbc4", "conversation_id": "297b9f43-fc2a-4b1a-9fd1-8c099def55d8", "message_id": "57611bdb-679f-497a-b338-ebf6d4952cea", "role": "user", "content": "这是一个重要的消息，记住目标", "metadata": {}}}
{"timestamp": "2026-05-14T17:58:39.550612", "event": "message_added", "data": {"project_id": "c1980cf2-096c-4b5d-851c-046df44800d4", "conversation_id": "930a7cac-2b1e-4e1e-a154-6decb659e2a5", "message_id": "81980610-345d-4538-9822-0a6ebafd02ce", "role": "user", "content": "Hello", "metadata": {}}}
{"timestamp": "2026-05-14T17:58:39.614703", "event": "context_built", "data": {"project": "上下文测试"}}
{"timestamp": "2026-05-14T18:07:12.060306", "event": "message_added", "data": {"project_id": "89c94b30-7be2-41f0-8040-1bc6075984b5", "conversation_id": "23968e6c-11a8-4a8a-92b5-6fc093749b4d", "message_id": "d17bc966-a7db-44b8-843d-af7301e73e59", "role": "user", "content": "Hello, world!", "metadata": {}}}
{"timestamp": "2026-05-14T18:07:12.256590", "event": "message_added", "data": {"project_id": "20754ef7-f34c-4f8e-9e67-f0693a006ef2", "conversation_id": "bd7e3c63-5054-4b7b-8c1a-a7dab05e434c", "message_id": "4bad8feb-ea4e-42ac-b3bf-74a22d5235ff", "role": "user", "content": "Message 1", "metadata": {}}}
{"timestamp": "2026-05-14T18:07:12.257851", "event": "message_added", "data": {"project_id": "20754ef7-f34c-4f8e-9e67-f0693a006ef2", "conversation_id": "bd7e3c63-5054-4b7b-8c1a-a7dab05e434c", "message_id": "efa6096e-1d54-4507-9eff-561911c05d22", "role": "assistant", "content": "Response 1", "metadata": {}}}
{"timestamp": "2026-05-14T18:07:12.510211", "event": "message_added", "data": {"project_id": "1ba15aad-15c4-4b1e-b2f5-96318236f83a", "conversation_id": "056c3695-00a1-4764-9cfb-03a7a1da939b", "message_id": "cc611f3f-9816-4ebb-aea3-784dc7a931ea", "role": "user", "content": "这是一个重要的消息，记住目标", "metadata": {}}}
{"timestamp": "2026-05-14T18:07:13.127327", "event": "message_added", "data": {"project_id": "7c8f74e3-0c22-4bee-b7b6-b539ffed0f03", "conversation_id": "067d357d-fcb7-47c4-9e51-312c56eea04a", "message_id": "909bcef7-6a0f-43c7-9610-8e9a95d795ab", "role": "user", "content": "Hello", "metadata": {}}}
{"timestamp": "2026-05-14T18:07:13.198168", "event": "context_built", "data": {"project": "上下文测试"}}
{"timestamp": "2026-05-14T19:22:07.488082", "event": "message_added", "data": {"project_id": "fdfb3d0b-8aef-4d72-b245-1552122ba6d0", "conversation_id": "690703db-689f-4fe8-9bc4-2d819b399b43", "message_id": "ff091c7a-ae65-432b-96e5-ecb042d9434f", "role": "user", "content": "Hello, world!", "metadata": {}}}
{"timestamp": "2026-05-14T19:22:07.653127", "event": "message_added", "data": {"project_id": "d46d5bdb-a0f9-4b90-81a0-69e06a9e0e76", "conversation_id": "af2140cb-f5bd-429b-b7f3-acfb6390028a", "message_id": "ed5842bf-c29f-4122-838d-debf936ea4bf", "role": "user", "content": "Message 1", "metadata": {}}}
{"timestamp": "2026-05-14T19:22:07.655456", "event": "message_added", "data": {"project_id": "d46d5bdb-a0f9-4b90-81a0-69e06a9e0e76", "conversation_id": "af2140cb-f5bd-429b-b7f3-acfb6390028a", "message_id": "4a5f2161-7016-47b6-b178-2eab803b300f", "role": "assistant", "content": "Response 1", "metadata": {}}}
{"timestamp": "2026-05-14T19:22:07.962771", "event": "message_added", "data": {"project_id": "96156382-1726-4c9b-9a9a-991e11af19f4", "conversation_id": "a1ba3a3c-5f6e-4678-b41f-891c6a0117cb", "message_id": "e5636d9e-bbb7-409f-a9bf-ffce77eb2fc0", "role": "user", "content": "这是一个重要的消息，记住目标", "metadata": {}}}
{"timestamp": "2026-05-14T19:22:08.564818", "event": "message_added", "data": {"project_id": "a1a9891d-0c0a-43bc-b2e6-a7775ec3cdff", "conversation_id": "22cafc76-19b5-464c-80a3-84cc81fe5fa7", "message_id": "284ec055-7658-49a1-860a-36078db16c95", "role": "user", "content": "Hello", "metadata": {}}}
{"timestamp": "2026-05-14T19:22:08.639159", "event": "context_built", "data": {"project": "上下文测试"}}
{"timestamp": "2026-05-14T19:31:48.805330", "event": "message_added", "data": {"project_id": "10718501-7386-4734-bd7a-07f4832412b5", "conversation_id": "7461107a-fa19-48fd-8270-7b8a4bdaa5f2", "message_id": "c87e0804-fe1b-4989-8889-6f718e17fd7b", "role": "user", "content": "Hello, world!", "metadata": {}}}
{"timestamp": "2026-05-14T19:31:48.973928", "event": "message_added", "data": {"project_id": "f9f0049e-6aaa-46db-a2e0-e678bc96bf08", "conversation_id": "58e7efc2-fb9a-4283-8f80-b135c3d3e9a4", "message_id": "56a23eee-01c5-4495-9951-db2175b3543a", "role": "user", "content": "Message 1", "metadata": {}}}
{"timestamp": "2026-05-14T19:31:48.975891", "event": "message_added", "data": {"project_id": "f9f0049e-6aaa-46db-a2e0-e678bc96bf08", "conversation_id": "58e7efc2-fb9a-4283-8f80-b135c3d3e9a4", "message_id": "a03b1b72-15e1-4151-a0b4-21b1adca0302", "role": "assistant", "content": "Response 1", "metadata": {}}}
{"timestamp": "2026-05-14T19:31:49.198938", "event": "message_added", "data": {"project_id": "b6573411-f537-4ac7-8748-1222fdc58c67", "conversation_id": "d6078ff2-9685-4df0-90d3-4271fdeb33b0", "message_id": "1d4ca808-2ce5-4dfb-9ee0-db3396a9826a", "role": "user", "content": "这是一个重要的消息，记住目标", "metadata": {}}}
{"timestamp": "2026-05-14T19:31:49.777089", "event": "message_added", "data": {"project_id": "0c960a90-e673-4509-9312-3303ce684af5", "conversation_id": "996dea3b-b6fd-44f7-a0c8-a601c2e14050", "message_id": "991948b8-3b55-4711-bdce-7dc32ba6dfd7", "role": "user", "content": "Hello", "metadata": {}}}
{"timestamp": "2026-05-14T19:31:49.836544", "event": "context_built", "data": {"project": "上下文测试"}}
{"timestamp": "2026-05-14T19:46:15.723347", "event": "message_added", "data": {"project_id": "89f96e62-cf17-4f5c-901c-78101e05709c", "conversation_id": "23c8ce99-5f0d-48d4-b530-ac41818f4edb", "message_id": "346453f5-bee9-41d2-9a58-da4305b10901", "role": "user", "content": "Hello, world!", "metadata": {}}}
{"timestamp": "2026-05-14T19:46:15.938649", "event": "message_added", "data": {"project_id": "6aa7bbc1-4779-45f8-987a-a109e3d2714a", "conversation_id": "66843d30-fbab-4778-90ae-2ccc46026e4e", "message_id": "c6db18c8-49a9-47a3-926e-073442716dae", "role": "user", "content": "Message 1", "metadata": {}}}
{"timestamp": "2026-05-14T19:46:15.939471", "event": "message_added", "data": {"project_id": "6aa7bbc1-4779-45f8-987a-a109e3d2714a", "conversation_id": "66843d30-fbab-4778-90ae-2ccc46026e4e", "message_id": "23121a38-b692-48be-9e25-feb7e0536036", "role": "assistant", "content": "Response 1", "metadata": {}}}
{"timestamp": "2026-05-14T19:46:16.212525", "event": "message_added", "data": {"project_id": "e015263b-a1a8-4d2b-902e-c176d11ea54d", "conversation_id": "99373969-23b5-4d7e-98de-a6cd9fdb228a", "message_id": "b3f9ba3c-e955-4a8e-8ab8-7a5e3bb5ff55", "role": "user", "content": "这是一个重要的消息，记住目标", "metadata": {}}}
{"timestamp": "2026-05-14T19:46:16.880426", "event": "message_added", "data": {"project_id": "8f9a27df-e603-470e-816a-8e8e11215405", "conversation_id": "d3acae2d-2f58-471d-8d70-1b2391891415", "message_id": "a432c0c9-b043-4a18-be18-35be0aa44829", "role": "user", "content": "Hello", "metadata": {}}}
{"timestamp": "2026-05-14T19:46:16.950077", "event": "context_built", "data": {"project": "上下文测试"}}
{"timestamp": "2026-05-14T20:17:48.888582", "event": "message_added", "data": {"project_id": "77869550-cba4-4772-a873-978ca47ef2be", "conversation_id": "6341f00f-2482-4732-92ac-b63da4903bc5", "message_id": "47a5f4e4-c188-4d73-838a-39bd5e9a8389", "role": "user", "content": "Hello, world!", "metadata": {}}}
{"timestamp": "2026-05-14T20:17:49.075354", "event": "message_added", "data": {"project_id": "09c093c3-6123-4e25-9367-2e6743b50820", "conversation_id": "ca287b65-81dc-4a52-ae2e-96d3593ceed3", "message_id": "c8af5701-2527-4e81-8472-8f00c7f27008", "role": "user", "content": "Message 1", "metadata": {}}}
{"timestamp": "2026-05-14T20:17:49.078136", "event": "message_added", "data": {"project_id": "09c093c3-6123-4e25-9367-2e6743b50820", "conversation_id": "ca287b65-81dc-4a52-ae2e-96d3593ceed3", "message_id": "69036877-3dff-4c37-814d-343663aff9fc", "role": "assistant", "content": "Response 1", "metadata": {}}}
{"timestamp": "2026-05-14T20:17:49.302676", "event": "message_added", "data": {"project_id": "63a74c1f-e135-4e3f-b70a-d8c75d44dc62", "conversation_id": "660a2c9c-1235-4637-b49c-2a3b1e7573d3", "message_id": "18a5a1c1-2b90-4e41-baa3-fbd7839de639", "role": "user", "content": "这是一个重要的消息，记住目标", "metadata": {}}}
{"timestamp": "2026-05-14T20:17:49.840358", "event": "message_added", "data": {"project_id": "ea6e39b8-30ca-48d8-a04a-2b42e0687ae1", "conversation_id": "5d88985c-2cbb-4e0a-9e8c-7002ee013a41", "message_id": "9bc76921-64e7-4a0d-a506-1114af714704", "role": "user", "content": "Hello", "metadata": {}}}
{"timestamp": "2026-05-14T20:17:49.896416", "event": "context_built", "data": {"project": "上下文测试"}}
{"timestamp": "2026-05-14T20:27:38.264774", "event": "message_added", "data": {"project_id": "0f19b15e-6516-4c30-9861-2dcbd0b433dc", "conversation_id": "44f4c692-1823-492f-a9f4-023e72472eb6", "message_id": "517b80cd-a0d3-4187-9acd-43a3e2745268", "role": "user", "content": "Hello, world!", "metadata": {}}}
{"timestamp": "2026-05-14T20:27:38.452343", "event": "message_added", "data": {"project_id": "68515eac-4aae-45bd-be2a-187703ff319f", "conversation_id": "8ea86a2f-fcf3-4f40-9b23-ee7813317b13", "message_id": "d351a78c-2d9d-4246-a90f-5609c1732f04", "role": "user", "content": "Message 1", "metadata": {}}}
{"timestamp": "2026-05-14T20:27:38.453674", "event": "message_added", "data": {"project_id": "68515eac-4aae-45bd-be2a-187703ff319f", "conversation_id": "8ea86a2f-fcf3-4f40-9b23-ee7813317b13", "message_id": "ae937ff4-7f7c-40ce-9b01-726e493bda61", "role": "assistant", "content": "Response 1", "metadata": {}}}
{"timestamp": "2026-05-14T20:27:38.655907", "event": "message_added", "data": {"project_id": "9a03eca5-ea55-48f3-b38b-28c2b85165c0", "conversation_id": "5e406af6-0eb2-4fb6-91dc-af39d6f18d66", "message_id": "cd065c47-8bed-4316-bee3-9b4ae2fdcb9c", "role": "user", "content": "这是一个重要的消息，记住目标", "metadata": {}}}
{"timestamp": "2026-05-14T20:27:39.185440", "event": "message_added", "data": {"project_id": "dff1f67f-9aa1-44ad-80d8-6c4176913a64", "conversation_id": "4c58d131-2812-4a66-ab98-e42037d2564e", "message_id": "14040fc9-0e6d-4af1-b5c9-867c6372d875", "role": "user", "content": "Hello", "metadata": {}}}
{"timestamp": "2026-05-14T20:27:39.236632", "event": "context_built", "data": {"project": "上下文测试"}}
{"timestamp": "2026-05-14T20:35:25.257812", "event": "message_added", "data": {"project_id": "e7c3b7c6-5a18-4a82-a32d-2e7df6529654", "conversation_id": "1f3c972e-e1af-469c-8a9e-6558ebe2a590", "message_id": "0e0d7da2-ad49-4d4a-b0da-6a35e3b09729", "role": "user", "content": "Hello, world!", "metadata": {}}}
{"timestamp": "2026-05-14T20:35:25.466136", "event": "message_added", "data": {"project_id": "474b1de2-6e99-4e30-8aa2-6b8602ca3efb", "conversation_id": "0b16c6d5-9a40-4479-a447-d91e7ca4e076", "message_id": "3dc3179c-ca40-4f0d-921f-5afdb49e40e7", "role": "user", "content": "Message 1", "metadata": {}}}
{"timestamp": "2026-05-14T20:35:25.467689", "event": "message_added", "data": {"project_id": "474b1de2-6e99-4e30-8aa2-6b8602ca3efb", "conversation_id": "0b16c6d5-9a40-4479-a447-d91e7ca4e076", "message_id": "c0f5ea9f-1c4a-4889-a624-4bbb01b246f2", "role": "assistant", "content": "Response 1", "metadata": {}}}
{"timestamp": "2026-05-14T20:35:25.721502", "event": "message_added", "data": {"project_id": "ebcd290e-1082-4395-8273-be75d506523a", "conversation_id": "9c852e8e-41d8-4f1c-a052-5ac5d6c7afec", "message_id": "99d52c7f-09e3-4846-9e46-5bfdc53d3c61", "role": "user", "content": "这是一个重要的消息，记住目标", "metadata": {}}}
{"timestamp": "2026-05-14T20:35:26.382980", "event": "message_added", "data": {"project_id": "8cec2462-b3d1-42e1-84d8-4ce1ebf2184c", "conversation_id": "56bb5412-6572-443d-b10d-9f7b5c4b3e46", "message_id": "63b42f2c-c4ea-4149-b944-470a308758c3", "role": "user", "content": "Hello", "metadata": {}}}
{"timestamp": "2026-05-14T20:35:26.458952", "event": "context_built", "data": {"project": "上下文测试"}}
{"timestamp": "2026-05-14T20:40:23.363800", "event": "message_added", "data": {"project_id": "0f10684c-9d3e-4b84-9e56-3e7ca80de0ea", "conversation_id": "b227341f-545a-4530-9157-eddd343efdb5", "message_id": "84470d24-a9df-436a-88d8-c2571729b477", "role": "user", "content": "Hello, world!", "metadata": {}}}
{"timestamp": "2026-05-14T20:40:23.540808", "event": "message_added", "data": {"project_id": "bdaeef9b-d4c2-444b-9aaf-951a0e3157e6", "conversation_id": "abccf6ad-c367-4c35-a017-b1eb4f4632cc", "message_id": "401ff1a6-9acf-4236-871d-b25ed58b7574", "role": "user", "content": "Message 1", "metadata": {}}}
{"timestamp": "2026-05-14T20:40:23.544746", "event": "message_added", "data": {"project_id": "bdaeef9b-d4c2-444b-9aaf-951a0e3157e6", "conversation_id": "abccf6ad-c367-4c35-a017-b1eb4f4632cc", "message_id": "2e03de6e-f0a9-47e4-a7b8-e92162c79673", "role": "assistant", "content": "Response 1", "metadata": {}}}
{"timestamp": "2026-05-14T20:40:23.791419", "event": "message_added", "data": {"project_id": "256b84a1-4808-4786-a754-579e61ffb7da", "conversation_id": "ed0c73a1-d33c-4322-9d0b-f4ae8bf06557", "message_id": "8afbff9a-a12b-4927-a567-ec7e8ecce76c", "role": "user", "content": "这是一个重要的消息，记住目标", "metadata": {}}}
{"timestamp": "2026-05-14T20:40:24.422248", "event": "message_added", "data": {"project_id": "94b9da3c-471e-478e-ab91-a2d103cb38bf", "conversation_id": "1ae457f1-78f6-4be2-a559-73da91e718ae", "message_id": "8156ae3a-b727-4097-bf8c-9bc08512be22", "role": "user", "content": "Hello", "metadata": {}}}
{"timestamp": "2026-05-14T20:40:24.493650", "event": "context_built", "data": {"project": "上下文测试"}}
{"timestamp": "2026-05-14T20:52:57.864242", "event": "message_added", "data": {"project_id": "63a4b774-5836-4dd4-9c8a-394e5bccefdc", "conversation_id": "6dbaba70-76fc-450f-a329-c05abcad2bf0", "message_id": "bdf242a8-770d-40f4-bd87-2e5b6d3daee4", "role": "user", "content": "Hello, world!", "metadata": {}}}
{"timestamp": "2026-05-14T20:52:58.044843", "event": "message_added", "data": {"project_id": "3a06a099-8416-4bf0-b836-dad497a3a293", "conversation_id": "b500568f-5221-4734-b1dd-6429a2ab9531", "message_id": "2dc03c8e-18ba-43af-8652-e489533d697b", "role": "user", "content": "Message 1", "metadata": {}}}
{"timestamp": "2026-05-14T20:52:58.047294", "event": "message_added", "data": {"project_id": "3a06a099-8416-4bf0-b836-dad497a3a293", "conversation_id": "b500568f-5221-4734-b1dd-6429a2ab9531", "message_id": "633b5c5c-f4d5-4c2e-a677-85ee894b3c6c", "role": "assistant", "content": "Response 1", "metadata": {}}}
{"timestamp": "2026-05-14T20:52:58.245810", "event": "message_added", "data": {"project_id": "862b9981-4508-4b63-94ef-4c320f9a2404", "conversation_id": "f3edb950-81e8-4811-b242-a2a0ff64229e", "message_id": "75539467-19f2-468e-9c0d-74601fb33a2f", "role": "user", "content": "这是一个重要的消息，记住目标", "metadata": {}}}
{"timestamp": "2026-05-14T20:52:58.828014", "event": "message_added", "data": {"project_id": "78937b0b-8c01-4634-b673-f8a4f908e2bc", "conversation_id": "a9d6d0fc-0ef8-476e-8d40-7d85f39596d6", "message_id": "fa9e3a0a-cc86-43fa-8fa3-e7cac0738398", "role": "user", "content": "Hello", "metadata": {}}}
{"timestamp": "2026-05-14T20:52:58.891519", "event": "context_built", "data": {"project": "上下文测试"}}
{"timestamp": "2026-05-14T20:56:25.288692", "event": "message_added", "data": {"project_id": "1c97c458-faf9-4d4f-b42c-2d7d1ed8ff4f", "conversation_id": "4890b33f-857f-4c8d-8a17-6af6125de968", "message_id": "4974df87-cb7b-4cee-924d-533e3cafd814", "role": "user", "content": "Hello, world!", "metadata": {}}}
{"timestamp": "2026-05-14T20:56:25.498873", "event": "message_added", "data": {"project_id": "a9cd781c-475f-40f2-aefe-162ba2ec2278", "conversation_id": "7c201bba-a46c-400e-86b2-a8a2b912efb0", "message_id": "7b99dafd-9974-48ac-82ab-b8c7acdd54f4", "role": "user", "content": "Message 1", "metadata": {}}}
{"timestamp": "2026-05-14T20:56:25.500705", "event": "message_added", "data": {"project_id": "a9cd781c-475f-40f2-aefe-162ba2ec2278", "conversation_id": "7c201bba-a46c-400e-86b2-a8a2b912efb0", "message_id": "7566be04-ec4f-4eb9-9b4b-59039f6205bd", "role": "assistant", "content": "Response 1", "metadata": {}}}
{"timestamp": "2026-05-14T20:56:25.767963", "event": "message_added", "data": {"project_id": "4c896a67-aaa0-444b-8f4c-00e38abdde83", "conversation_id": "844d79c4-936c-480d-8839-a7f6dec710a0", "message_id": "5b528d0b-2946-4ace-b6d3-4323cd242ead", "role": "user", "content": "这是一个重要的消息，记住目标", "metadata": {}}}
{"timestamp": "2026-05-14T20:56:26.421943", "event": "message_added", "data": {"project_id": "9de253f6-0d41-4ecb-b935-e82e4a511ad4", "conversation_id": "60ca4e5f-974a-4e7a-9a97-5988abd633dd", "message_id": "f75e660c-cc7e-4afe-abf8-863d34ebdd1e", "role": "user", "content": "Hello", "metadata": {}}}
{"timestamp": "2026-05-14T20:56:26.483458", "event": "context_built", "data": {"project": "上下文测试"}}
{"timestamp": "2026-05-14T21:28:54.828054", "event": "message_added", "data": {"project_id": "7b76f821-a803-4cc4-b64e-e5f31575a8c7", "conversation_id": "7c958191-a660-4a68-8ab1-be36735f48e6", "message_id": "8f07a61b-0045-4fcf-82f0-09425cb14312", "role": "user", "content": "Hello, world!", "metadata": {}}}
{"timestamp": "2026-05-14T21:28:55.045847", "event": "message_added", "data": {"project_id": "23bfeb8c-009e-46d0-bbcf-c248d58caf69", "conversation_id": "e926f88d-083a-45e3-8cec-630d06a77c96", "message_id": "3ab7ba69-da4b-466c-8d82-d901d501fffe", "role": "user", "content": "Message 1", "metadata": {}}}
{"timestamp": "2026-05-14T21:28:55.049382", "event": "message_added", "data": {"project_id": "23bfeb8c-009e-46d0-bbcf-c248d58caf69", "conversation_id": "e926f88d-083a-45e3-8cec-630d06a77c96", "message_id": "c47dd6eb-fa6d-4fa0-a069-d5674f6bcd38", "role": "assistant", "content": "Response 1", "metadata": {}}}
{"timestamp": "2026-05-14T21:28:55.325575", "event": "message_added", "data": {"project_id": "6ff07134-ac3a-4b2d-be37-5cdb62a00e3e", "conversation_id": "b45ffdc0-26b5-40ec-ae39-53ebf92a3c15", "message_id": "460939d4-fd14-41f9-b3bc-ebd912c69fcd", "role": "user", "content": "这是一个重要的消息，记住目标", "metadata": {}}}
{"timestamp": "2026-05-14T21:28:56.004146", "event": "message_added", "data": {"project_id": "4b3addc5-002f-49d7-8779-70c22cea5795", "conversation_id": "854281a7-d9f6-4d44-a584-7803c6ef4675", "message_id": "88c907f4-0603-4d16-9916-9530b7fd0e8c", "role": "user", "content": "Hello", "metadata": {}}}
{"timestamp": "2026-05-14T21:28:56.064933", "event": "context_built", "data": {"project": "上下文测试"}}
{"timestamp": "2026-05-14T21:30:56.950517", "event": "message_added", "data": {"project_id": "80778ea5-7f97-4c46-bb41-20aeb2eb752c", "conversation_id": "7fd060ff-a400-4333-b822-5d694d822fe1", "message_id": "c0b3409b-ca1a-40c5-9c47-03d12ff8cd06", "role": "user", "content": "Hello, world!", "metadata": {}}}
{"timestamp": "2026-05-14T21:30:57.161745", "event": "message_added", "data": {"project_id": "77331ea7-b568-4f59-8dd1-4cc3ec898619", "conversation_id": "83887eaf-8bd4-45f3-a142-d1e96a3dc144", "message_id": "0ee376d2-8e8e-4216-ac87-f435fc23157b", "role": "user", "content": "Message 1", "metadata": {}}}
{"timestamp": "2026-05-14T21:30:57.164026", "event": "message_added", "data": {"project_id": "77331ea7-b568-4f59-8dd1-4cc3ec898619", "conversation_id": "83887eaf-8bd4-45f3-a142-d1e96a3dc144", "message_id": "3cb39ca8-069e-4e7c-8ec3-b54e56c43f51", "role": "assistant", "content": "Response 1", "metadata": {}}}
{"timestamp": "2026-05-14T21:30:57.453854", "event": "message_added", "data": {"project_id": "ff7446be-d809-405b-ba2b-81a1a601ebcc", "conversation_id": "2ab01254-34ad-47dd-bccb-34175d935935", "message_id": "35dd4a16-e740-41c2-aa71-ebb2513d0cdf", "role": "user", "content": "这是一个重要的消息，记住目标", "metadata": {}}}
{"timestamp": "2026-05-14T21:30:58.134185", "event": "message_added", "data": {"project_id": "4add38c6-3537-4ed0-9fd3-1e4eae927c4c", "conversation_id": "93f23c08-ee53-4136-a2a4-9c2f74eb35e7", "message_id": "aafd373e-0aff-47de-9515-95563435b3a9", "role": "user", "content": "Hello", "metadata": {}}}
{"timestamp": "2026-05-14T21:30:58.204766", "event": "context_built", "data": {"project": "上下文测试"}}
{"timestamp": "2026-05-14T22:26:32.942173", "event": "message_added", "data": {"project_id": "545af026-7c63-47dc-b6a8-683546a16a51", "conversation_id": "add8bc9e-370b-4502-9f42-8f87dd49ab34", "message_id": "54247180-95f0-46f5-bfbe-afac6a90727b", "role": "user", "content": "Hello, world!", "metadata": {}}}
{"timestamp": "2026-05-14T22:26:33.132136", "event": "message_added", "data": {"project_id": "189ccc61-44d8-43e7-95b8-06383f588c40", "conversation_id": "45f4878f-71a9-4cc8-bde0-e87583595393", "message_id": "86f2f7da-7560-47f7-8e58-515b2ed29012", "role": "user", "content": "Message 1", "metadata": {}}}
{"timestamp": "2026-05-14T22:26:33.134291", "event": "message_added", "data": {"project_id": "189ccc61-44d8-43e7-95b8-06383f588c40", "conversation_id": "45f4878f-71a9-4cc8-bde0-e87583595393", "message_id": "58cc1aca-518e-4708-80c7-d43c27727146", "role": "assistant", "content": "Response 1", "metadata": {}}}
{"timestamp": "2026-05-14T22:26:33.413930", "event": "message_added", "data": {"project_id": "43bfe0e7-b3d2-4a16-9ba4-24f98dc347df", "conversation_id": "89256442-a0a8-4dc7-bdc8-75c6f91ffab7", "message_id": "36010a46-b958-4e39-b478-6fefcf365cb9", "role": "user", "content": "这是一个重要的消息，记住目标", "metadata": {}}}
{"timestamp": "2026-05-14T22:26:34.093851", "event": "message_added", "data": {"project_id": "9a5baa7d-aaeb-4ab6-8bf9-606cc4fe6038", "conversation_id": "f8c25bc6-43b7-42c8-bc90-3ba1cc4db679", "message_id": "cb5bf6b8-543f-4912-bc69-0039d7485474", "role": "user", "content": "Hello", "metadata": {}}}
{"timestamp": "2026-05-14T22:26:34.161171", "event": "context_built", "data": {"project": "上下文测试"}}
{"timestamp": "2026-05-14T23:35:43.105767", "event": "message_added", "data": {"project_id": "3d3e8b60-af95-4a2c-bb46-d2764b4eb485", "conversation_id": "469954d9-7ddf-4203-a108-994f1c6332f4", "message_id": "d0b06c72-6db8-4320-af94-0d5a7e65974f", "role": "user", "content": "Hello, world!", "metadata": {}}}
{"timestamp": "2026-05-14T23:35:43.287851", "event": "message_added", "data": {"project_id": "902ec45c-6636-4ef8-8465-16095700aa2b", "conversation_id": "e50561eb-d085-4ad7-8939-4e361f02c092", "message_id": "aa5527f8-ef0e-48f6-8b40-0903d9818a3f", "role": "user", "content": "Message 1", "metadata": {}}}
{"timestamp": "2026-05-14T23:35:43.290201", "event": "message_added", "data": {"project_id": "902ec45c-6636-4ef8-8465-16095700aa2b", "conversation_id": "e50561eb-d085-4ad7-8939-4e361f02c092", "message_id": "2fdb9c58-f425-45db-9ef8-736533184015", "role": "assistant", "content": "Response 1", "metadata": {}}}
{"timestamp": "2026-05-14T23:35:43.652036", "event": "message_added", "data": {"project_id": "ff168859-6d06-4348-aa39-5f708f9e108e", "conversation_id": "6e97cd12-5e4f-4339-af1b-c03cbf9339a9", "message_id": "7d4336c6-8015-421e-ba3d-c10400820b3f", "role": "user", "content": "这是一个重要的消息，记住目标", "metadata": {}}}
{"timestamp": "2026-05-14T23:35:44.292880", "event": "message_added", "data": {"project_id": "d2a90a30-8771-4d46-b94e-b6866ba9b0a7", "conversation_id": "76ddcfcd-2a5d-4357-a451-0ee28c0877f1", "message_id": "8e197a99-df96-4fbf-b21c-153cb2150f5b", "role": "user", "content": "Hello", "metadata": {}}}
{"timestamp": "2026-05-14T23:35:44.355752", "event": "context_built", "data": {"project": "上下文测试"}}
{"timestamp": "2026-05-14T23:39:58.110125", "event": "message_added", "data": {"project_id": "318c817e-f9f7-4aa8-935d-fbed092aebe2", "conversation_id": "3351265c-856d-4e0d-911e-771bce10f4bd", "message_id": "e0eff213-39e0-423d-afa8-d35bb608b20f", "role": "user", "content": "Hello, world!", "metadata": {}}}
{"timestamp": "2026-05-14T23:39:58.324413", "event": "message_added", "data": {"project_id": "2c351ad7-f55f-4622-8276-5e2f4b62ba68", "conversation_id": "0e72798c-3f3e-47a0-a545-b3bbd08e4224", "message_id": "085b0c84-e3aa-425b-a710-bb1f6a75c6a2", "role": "user", "content": "Message 1", "metadata": {}}}
{"timestamp": "2026-05-14T23:39:58.325534", "event": "message_added", "data": {"project_id": "2c351ad7-f55f-4622-8276-5e2f4b62ba68", "conversation_id": "0e72798c-3f3e-47a0-a545-b3bbd08e4224", "message_id": "61e7159a-330c-4c87-8985-cf22392cee71", "role": "assistant", "content": "Response 1", "metadata": {}}}
{"timestamp": "2026-05-14T23:39:58.606111", "event": "message_added", "data": {"project_id": "d7b5a8c6-bd95-48c6-819d-9ea38adaec80", "conversation_id": "7fa351fd-ccb0-4894-ae21-3853b2419b8e", "message_id": "e7111c6b-0a2a-4b8e-a8df-acf24a8d051d", "role": "user", "content": "这是一个重要的消息，记住目标", "metadata": {}}}
{"timestamp": "2026-05-14T23:39:59.280411", "event": "message_added", "data": {"project_id": "7ab70eb9-4bdd-4ec8-b3f3-acf8f07017e1", "conversation_id": "6af0bc56-396f-4bb1-bf39-aab21c264b2a", "message_id": "64ab227f-195e-4b21-9403-451072b16b02", "role": "user", "content": "Hello", "metadata": {}}}
{"timestamp": "2026-05-14T23:39:59.353771", "event": "context_built", "data": {"project": "上下文测试"}}
{"timestamp": "2026-05-15T09:05:43.480555", "event": "message_added", "data": {"project_id": "79bc6136-efe7-4b20-b3ce-b5fd341e04a5", "conversation_id": "8e28dcba-3698-4004-9d7e-9a48b3f2e307", "message_id": "561e4c6f-389b-47d9-b032-216068bd1e80", "role": "user", "content": "Hello, world!", "metadata": {}}}
{"timestamp": "2026-05-15T09:05:43.644528", "event": "message_added", "data": {"project_id": "f90cf6bd-da06-4029-88cf-4bd2db007faa", "conversation_id": "e575cc64-d76c-4e7f-97cd-f5c547baf41a", "message_id": "ee39f229-b272-44db-89e9-d776d9f5b494", "role": "user", "content": "Message 1", "metadata": {}}}
{"timestamp": "2026-05-15T09:05:43.649555", "event": "message_added", "data": {"project_id": "f90cf6bd-da06-4029-88cf-4bd2db007faa", "conversation_id": "e575cc64-d76c-4e7f-97cd-f5c547baf41a", "message_id": "69739a96-3233-49fc-b0ce-2dd745a2ccb0", "role": "assistant", "content": "Response 1", "metadata": {}}}
{"timestamp": "2026-05-15T09:05:43.932653", "event": "message_added", "data": {"project_id": "311c6c09-5c45-4277-93cd-117bb8b24a23", "conversation_id": "41a8d2d0-cbdf-49de-bff2-e8b4ced3a736", "message_id": "d18a7e9f-de01-4cfd-9cdb-f0ddd8ca5bb6", "role": "user", "content": "这是一个重要的消息，记住目标", "metadata": {}}}
{"timestamp": "2026-05-15T09:05:44.490404", "event": "message_added", "data": {"project_id": "7392812b-3e10-4157-8831-b13021099bcb", "conversation_id": "512a44b6-54c1-411d-8895-e525aae4b7e0", "message_id": "7f660d84-1596-447a-897f-5d228b8bda35", "role": "user", "content": "Hello", "metadata": {}}}
{"timestamp": "2026-05-15T09:05:44.538846", "event": "context_built", "data": {"project": "上下文测试"}}
{"timestamp": "2026-05-15T09:48:31.051845", "event": "message_added", "data": {"project_id": "3b40e317-48fc-4a00-8f34-940ff97f5304", "conversation_id": "56a42f05-dd9f-419a-9d40-f3b1d3a53be2", "message_id": "da97ece3-15da-47e2-a530-eaeac84716f8", "role": "user", "content": "Hello, world!", "metadata": {}}}
{"timestamp": "2026-05-15T09:48:31.257063", "event": "message_added", "data": {"project_id": "576477c9-01d5-4721-9195-c026c400f0ac", "conversation_id": "dd4fe73a-5f3e-471d-ae2c-dd92865886b1", "message_id": "80d19aa5-ba71-466b-aa66-ad741f9826b9", "role": "user", "content": "Message 1", "metadata": {}}}
{"timestamp": "2026-05-15T09:48:31.258935", "event": "message_added", "data": {"project_id": "576477c9-01d5-4721-9195-c026c400f0ac", "conversation_id": "dd4fe73a-5f3e-471d-ae2c-dd92865886b1", "message_id": "fab00557-7f1a-431f-866c-0d2833079369", "role": "assistant", "content": "Response 1", "metadata": {}}}
{"timestamp": "2026-05-15T09:48:31.629115", "event": "message_added", "data": {"project_id": "19ba7fe5-d8e6-4346-a2ea-050d1a60ec17", "conversation_id": "f182bc88-be52-4e25-b3a6-57383af4ef17", "message_id": "12850769-2fae-4591-90f7-97cec91984a7", "role": "user", "content": "这是一个重要的消息，记住目标", "metadata": {}}}
{"timestamp": "2026-05-15T09:48:32.548999", "event": "message_added", "data": {"project_id": "db42f6b2-df90-4dc6-a5b6-34abe9d8913e", "conversation_id": "12600d65-9216-472f-b7bc-741911f591cb", "message_id": "95b4dcfb-f28c-4e12-97c9-1b976a0703f5", "role": "user", "content": "Hello", "metadata": {}}}
{"timestamp": "2026-05-15T09:48:32.625890", "event": "context_built", "data": {"project": "上下文测试"}}
{"timestamp": "2026-05-15T13:36:56.655026", "event": "message_added", "data": {"project_id": "6ae2d727-4faa-4573-9e8d-ca12755334a3", "conversation_id": "21c69dc5-4d89-4016-8a73-0abf657edc1d", "message_id": "6049a649-dc54-4721-b69c-2ae359de3661", "role": "user", "content": "Hello, world!", "metadata": {}}}
{"timestamp": "2026-05-15T13:36:56.970882", "event": "message_added", "data": {"project_id": "65366470-443e-4828-b70a-1d4bc41921fe", "conversation_id": "e416f042-e2d2-4c3d-acfd-149b0c1ba3c0", "message_id": "e6e722ee-ba01-4df8-94b6-13e712efdb36", "role": "user", "content": "Message 1", "metadata": {}}}
{"timestamp": "2026-05-15T13:36:56.972289", "event": "message_added", "data": {"project_id": "65366470-443e-4828-b70a-1d4bc41921fe", "conversation_id": "e416f042-e2d2-4c3d-acfd-149b0c1ba3c0", "message_id": "0744affe-f1c4-420a-a5b4-fc60ef72b13e", "role": "assistant", "content": "Response 1", "metadata": {}}}
{"timestamp": "2026-05-15T13:36:57.399125", "event": "message_added", "data": {"project_id": "3a43e035-602a-43c1-b6cf-095b080660e2", "conversation_id": "7150272f-b738-470a-b735-1625e0f95950", "message_id": "631e18bb-4ab5-4fb1-bd09-cfaac7605c92", "role": "user", "content": "这是一个重要的消息，记住目标", "metadata": {}}}
{"timestamp": "2026-05-15T13:36:58.185409", "event": "message_added", "data": {"project_id": "d5f49014-7a4a-4acd-bcbc-3db702f86596", "conversation_id": "f400e2b5-a63b-4ce9-8b64-9ec69466488d", "message_id": "ff8f1c06-cc8d-4459-94d9-22515f8e32cf", "role": "user", "content": "Hello", "metadata": {}}}
{"timestamp": "2026-05-15T13:36:58.281965", "event": "context_built", "data": {"project": "上下文测试"}}
{"timestamp": "2026-05-15T14:18:46.169636", "event": "message_added", "data": {"project_id": "98fe1805-23f5-48f4-9c26-022e31d79226", "conversation_id": "09a9af86-2afd-4af6-99d7-c30ea9cec3ed", "message_id": "14f50aac-04fd-4c1b-803a-8b2b11940c50", "role": "user", "content": "Hello, world!", "metadata": {}}}
{"timestamp": "2026-05-15T14:18:46.367516", "event": "message_added", "data": {"project_id": "ae447843-ada7-4863-9649-8bae03d6b7cc", "conversation_id": "3907b1bd-6d0d-4c0f-ba33-c15a85bbdf24", "message_id": "21766c33-d746-43cf-b0b7-c334e8cf4791", "role": "user", "content": "Message 1", "metadata": {}}}
{"timestamp": "2026-05-15T14:18:46.369842", "event": "message_added", "data": {"project_id": "ae447843-ada7-4863-9649-8bae03d6b7cc", "conversation_id": "3907b1bd-6d0d-4c0f-ba33-c15a85bbdf24", "message_id": "bbecf985-731a-4c5b-9726-c311e78a62c0", "role": "assistant", "content": "Response 1", "metadata": {}}}
{"timestamp": "2026-05-15T14:18:46.736020", "event": "message_added", "data": {"project_id": "0be4966c-e0c3-4e91-b940-d25e46d8547c", "conversation_id": "97b404ed-ca63-4ca9-b58b-544cffeb72ba", "message_id": "107c90e9-6971-4abc-903c-a0f7c9a66d60", "role": "user", "content": "这是一个重要的消息，记住目标", "metadata": {}}}
{"timestamp": "2026-05-15T14:18:47.509056", "event": "message_added", "data": {"project_id": "36620c10-9da0-4a73-b2de-45d59e28027e", "conversation_id": "283f7016-0807-43fd-913d-2cc95dd43438", "message_id": "a655a80c-470f-4c4e-bd11-55b926287f5c", "role": "user", "content": "Hello", "metadata": {}}}
{"timestamp": "2026-05-15T14:18:47.575920", "event": "context_built", "data": {"project": "上下文测试"}}
{"timestamp": "2026-05-15T14:20:33.120210", "event": "message_added", "data": {"project_id": "4747ab9f-1c00-481f-b2cb-be1a61328c64", "conversation_id": "a00989b9-b5aa-47cb-a3c1-c4b5bfe9f337", "message_id": "cc49905b-e82b-42eb-ac61-910879b09c34", "role": "user", "content": "Hello, world!", "metadata": {}}}
{"timestamp": "2026-05-15T14:20:33.346877", "event": "message_added", "data": {"project_id": "8b18ae55-2343-43e5-a644-2ffc843dd95f", "conversation_id": "a9502819-9073-4d0a-b605-a05cb86c86a3", "message_id": "92408f02-1f9f-41cc-92e1-e3057a4f810c", "role": "user", "content": "Message 1", "metadata": {}}}
{"timestamp": "2026-05-15T14:20:33.350107", "event": "message_added", "data": {"project_id": "8b18ae55-2343-43e5-a644-2ffc843dd95f", "conversation_id": "a9502819-9073-4d0a-b605-a05cb86c86a3", "message_id": "3845a7cf-4e1e-4711-bc95-4f1b7374f8ca", "role": "assistant", "content": "Response 1", "metadata": {}}}
{"timestamp": "2026-05-15T14:20:33.619740", "event": "message_added", "data": {"project_id": "51958a85-41ad-4cfc-8cec-9d69c48ccdfe", "conversation_id": "1a669a74-fe45-481c-8652-65098386557e", "message_id": "5baf7da2-a305-46d8-a9ed-7e0192d83ace", "role": "user", "content": "这是一个重要的消息，记住目标", "metadata": {}}}
{"timestamp": "2026-05-15T14:20:34.367263", "event": "message_added", "data": {"project_id": "aed747b5-6c27-432d-af06-8bf5223734af", "conversation_id": "1939d9ac-9528-4472-b6be-8028d3c06067", "message_id": "1f531d3a-7bb1-472e-be22-bf7579a7a85b", "role": "user", "content": "Hello", "metadata": {}}}
{"timestamp": "2026-05-15T14:20:34.474288", "event": "context_built", "data": {"project": "上下文测试"}}
{"timestamp": "2026-05-15T14:37:46.734056", "event": "message_added", "data": {"project_id": "e00159f6-055b-4bca-a725-93891f78c7be", "conversation_id": "2a8e830d-910c-4485-a87e-e449e8c86ee9", "message_id": "58e180f9-ba49-4521-9033-04b96895280d", "role": "user", "content": "Hello, world!", "metadata": {}}}
{"timestamp": "2026-05-15T14:37:46.978576", "event": "message_added", "data": {"project_id": "ffba015d-ce0d-4000-a323-f0d3a72afe39", "conversation_id": "f07e98a1-37d0-498d-b0b7-02d95b3bac80", "message_id": "4a849ab5-1c44-4948-a289-df5cb5ac55e8", "role": "user", "content": "Message 1", "metadata": {}}}
{"timestamp": "2026-05-15T14:37:46.980565", "event": "message_added", "data": {"project_id": "ffba015d-ce0d-4000-a323-f0d3a72afe39", "conversation_id": "f07e98a1-37d0-498d-b0b7-02d95b3bac80", "message_id": "db83484b-0e2b-4699-bcca-a0abda18f749", "role": "assistant", "content": "Response 1", "metadata": {}}}
{"timestamp": "2026-05-15T14:37:47.243679", "event": "message_added", "data": {"project_id": "a475f23f-97d9-4d11-820a-4b10592ea270", "conversation_id": "21f81315-53ae-45b9-a364-e68c67414c8c", "message_id": "d43adf26-3a47-4445-a7a8-44683183c304", "role": "user", "content": "这是一个重要的消息，记住目标", "metadata": {}}}
{"timestamp": "2026-05-15T14:37:48.119789", "event": "message_added", "data": {"project_id": "eaae1921-141a-406f-9af0-d19296fe4737", "conversation_id": "d9b1e866-52ef-4b31-a425-dbad4e861ad4", "message_id": "bf01e58d-1733-43d1-ac23-8e685843824e", "role": "user", "content": "Hello", "metadata": {}}}
{"timestamp": "2026-05-15T14:37:48.184442", "event": "context_built", "data": {"project": "上下文测试"}}
{"timestamp": "2026-05-15T14:48:53.728544", "event": "message_added", "data": {"project_id": "7b6dfc24-e3e4-41ba-9508-0f0aba84d392", "conversation_id": "52dcd9e5-17dc-4d73-8000-45e2a6af368a", "message_id": "8cf80e54-a574-4014-bb02-a19621237c91", "role": "user", "content": "Hello, world!", "metadata": {}}}
{"timestamp": "2026-05-15T14:48:53.954906", "event": "message_added", "data": {"project_id": "f4a0a517-b810-46e5-9675-89249a451d36", "conversation_id": "65252540-28c0-4dc7-8ed6-33ef3e9eb284", "message_id": "58a1edc9-8bc8-4e2c-85b7-61584e15f16f", "role": "user", "content": "Message 1", "metadata": {}}}
{"timestamp": "2026-05-15T14:48:53.958031", "event": "message_added", "data": {"project_id": "f4a0a517-b810-46e5-9675-89249a451d36", "conversation_id": "65252540-28c0-4dc7-8ed6-33ef3e9eb284", "message_id": "da9b800e-71af-4b2f-9f4e-6a1a27520a01", "role": "assistant", "content": "Response 1", "metadata": {}}}
{"timestamp": "2026-05-15T14:48:54.225014", "event": "message_added", "data": {"project_id": "8e04feb8-b855-4268-9bc2-28b2ad6802f6", "conversation_id": "db72f732-e33a-4ba5-86e2-dcb7a6b868dc", "message_id": "35d6fe4b-78fa-4196-bfb0-728fdc9ccca6", "role": "user", "content": "这是一个重要的消息，记住目标", "metadata": {}}}
{"timestamp": "2026-05-15T14:48:55.111433", "event": "message_added", "data": {"project_id": "7d739d89-8096-4420-99fb-62e97a47f4ab", "conversation_id": "06d3f1f0-579e-40dc-8523-be09513fa54c", "message_id": "b1aebbcf-3b56-4f75-b11f-176821553813", "role": "user", "content": "Hello", "metadata": {}}}
{"timestamp": "2026-05-15T14:48:55.197300", "event": "context_built", "data": {"project": "上下文测试"}}
{"timestamp": "2026-05-15T15:20:21.321237", "event": "message_added", "data": {"project_id": "9d1d66d9-e693-4469-bd9d-9618b539acc0", "conversation_id": "a4a8aadd-4b2e-4c4e-be4e-ff3aac1fc4ff", "message_id": "d15dd07e-5595-4ba6-bd3a-8261baff666f", "role": "user", "content": "Hello, world!", "metadata": {}}}
{"timestamp": "2026-05-15T15:20:21.538168", "event": "message_added", "data": {"project_id": "52b3e41f-076c-4071-a879-7f07c6f4518b", "conversation_id": "21c267cc-33c4-4027-8a0a-31f1aa1eab66", "message_id": "57cf542e-334d-45a4-aa86-5488a1599a41", "role": "user", "content": "Message 1", "metadata": {}}}
{"timestamp": "2026-05-15T15:20:21.541091", "event": "message_added", "data": {"project_id": "52b3e41f-076c-4071-a879-7f07c6f4518b", "conversation_id": "21c267cc-33c4-4027-8a0a-31f1aa1eab66", "message_id": "18853fad-a8d6-4299-9472-b7f13aef99b9", "role": "assistant", "content": "Response 1", "metadata": {}}}
{"timestamp": "2026-05-15T15:20:21.844559", "event": "message_added", "data": {"project_id": "2d921a07-193a-40b1-b946-1fdba7f6cacd", "conversation_id": "62ddc33f-03b8-4379-9645-a91a03ce4087", "message_id": "23fd862e-2f10-49f5-b6d3-c4c96729d041", "role": "user", "content": "这是一个重要的消息，记住目标", "metadata": {}}}
{"timestamp": "2026-05-15T15:20:22.595456", "event": "message_added", "data": {"project_id": "750739d7-cc86-4c18-9be0-a457bbe2622f", "conversation_id": "91cd6855-9788-424c-b880-b89055913904", "message_id": "077c3971-ada8-4d2e-b670-c6b7b4b882fd", "role": "user", "content": "Hello", "metadata": {}}}
{"timestamp": "2026-05-15T15:20:22.655687", "event": "context_built", "data": {"project": "上下文测试"}}
{"timestamp": "2026-05-15T15:22:32.575766", "event": "message_added", "data": {"project_id": "636ce8f0-d869-466b-9991-a523122166a5", "conversation_id": "aafa9c0d-fde1-4aaf-af19-774f73c87ac7", "message_id": "4a935dac-3439-4d7d-a934-4acb24ea00ef", "role": "user", "content": "Hello, world!", "metadata": {}}}
{"timestamp": "2026-05-15T15:22:32.775641", "event": "message_added", "data": {"project_id": "2ce543f1-d7ab-465c-b6c1-987bc84af153", "conversation_id": "5bb0e33f-30ae-4c6c-b08c-2fe7808fb9cb", "message_id": "b84ab973-1c47-41d4-9843-6068af252457", "role": "user", "content": "Message 1", "metadata": {}}}
{"timestamp": "2026-05-15T15:22:32.778340", "event": "message_added", "data": {"project_id": "2ce543f1-d7ab-465c-b6c1-987bc84af153", "conversation_id": "5bb0e33f-30ae-4c6c-b08c-2fe7808fb9cb", "message_id": "eb81f502-219c-4678-98ca-4556a8966281", "role": "assistant", "content": "Response 1", "metadata": {}}}
{"timestamp": "2026-05-15T15:22:33.023539", "event": "message_added", "data": {"project_id": "9f60c67a-1a0c-48b1-bb19-6eada12c76ce", "conversation_id": "cc121c21-b2ad-4f5f-ba6f-b45162defa16", "message_id": "a4244e69-e057-4412-95dd-a24b5073f522", "role": "user", "content": "这是一个重要的消息，记住目标", "metadata": {}}}
{"timestamp": "2026-05-15T15:22:33.771154", "event": "message_added", "data": {"project_id": "3bb6a181-4d02-4cb0-917a-bf979b46db1b", "conversation_id": "2050e033-a16b-4e6b-a7a9-b91d63ec4808", "message_id": "8e745c76-948d-419b-be47-8fc8e4bb7982", "role": "user", "content": "Hello", "metadata": {}}}
{"timestamp": "2026-05-15T15:22:33.838723", "event": "context_built", "data": {"project": "上下文测试"}}
{"timestamp": "2026-05-15T16:42:34.245162", "event": "message_added", "data": {"project_id": "568318f1-cc68-4cb0-b71a-1f790d131fc8", "conversation_id": "5f8df64d-371a-403b-8dc8-9f23c8c741f0", "message_id": "b49c46c9-14dc-4d5e-8159-d5db88482aee", "role": "user", "content": "Hello, world!", "metadata": {}}}
{"timestamp": "2026-05-15T16:42:34.456442", "event": "message_added", "data": {"project_id": "c44af6b1-fa1c-4b26-bd37-ab64db91eea2", "conversation_id": "df97dd07-0445-4ad1-a4a7-c26fe37132ae", "message_id": "913d8ef5-e8be-4fcc-9778-973f1fbd4484", "role": "user", "content": "Message 1", "metadata": {}}}
{"timestamp": "2026-05-15T16:42:34.459128", "event": "message_added", "data": {"project_id": "c44af6b1-fa1c-4b26-bd37-ab64db91eea2", "conversation_id": "df97dd07-0445-4ad1-a4a7-c26fe37132ae", "message_id": "181ac7cb-f6e4-4019-b216-fbb0012bf803", "role": "assistant", "content": "Response 1", "metadata": {}}}
{"timestamp": "2026-05-15T16:42:34.783873", "event": "message_added", "data": {"project_id": "dd89e5c3-06d1-4739-9219-9fda606f8ca6", "conversation_id": "16d7a847-35de-4ab7-9a28-26939c2d7b30", "message_id": "02486181-132f-4a2f-8317-618ac2421719", "role": "user", "content": "这是一个重要的消息，记住目标", "metadata": {}}}
{"timestamp": "2026-05-15T16:42:35.503666", "event": "message_added", "data": {"project_id": "43801ee7-40df-4a17-a147-e774f08685cf", "conversation_id": "7c39b83e-a000-4f4a-80e2-cf90cc490ef8", "message_id": "5ed7ea25-9de2-4e60-a877-94ea56e0eeec", "role": "user", "content": "Hello", "metadata": {}}}
{"timestamp": "2026-05-15T16:42:35.581309", "event": "context_built", "data": {"project": "上下文测试"}}
{"timestamp": "2026-05-15T16:47:52.006452", "event": "message_added", "data": {"project_id": "e4683fe1-d6da-435e-a9e6-fcf1e86c3fe4", "conversation_id": "ab73e2c8-c9ee-4820-a408-118947b0db3d", "message_id": "9e02d746-62fb-4017-b58d-31b602d0eea1", "role": "user", "content": "Hello, world!", "metadata": {}}}
{"timestamp": "2026-05-15T16:47:52.257203", "event": "message_added", "data": {"project_id": "181a9692-32f9-4971-aad7-3f85ba6f3fb4", "conversation_id": "d82ced17-ebd4-411f-a500-9a9885d4e45d", "message_id": "2e6d862f-3c1a-4380-86e3-10ded64ab6f1", "role": "user", "content": "Message 1", "metadata": {}}}
{"timestamp": "2026-05-15T16:47:52.261464", "event": "message_added", "data": {"project_id": "181a9692-32f9-4971-aad7-3f85ba6f3fb4", "conversation_id": "d82ced17-ebd4-411f-a500-9a9885d4e45d", "message_id": "b3f4378f-467c-4ced-ad53-546f3858fe0c", "role": "assistant", "content": "Response 1", "metadata": {}}}
{"timestamp": "2026-05-15T16:47:52.596099", "event": "message_added", "data": {"project_id": "6156d981-4ce1-4c31-a8e2-c57534e318de", "conversation_id": "881d2985-e291-414a-8bab-218578ef0f61", "message_id": "380540b8-7a34-424a-89ce-8629f4811eb4", "role": "user", "content": "这是一个重要的消息，记住目标", "metadata": {}}}
{"timestamp": "2026-05-15T16:47:53.457829", "event": "message_added", "data": {"project_id": "4401145b-8f0c-4971-8923-454bf4684888", "conversation_id": "d89e7eb2-6199-45a6-a5d0-ab47441425d6", "message_id": "91ead046-6ff2-40f7-ba54-40f44250a78d", "role": "user", "content": "Hello", "metadata": {}}}
{"timestamp": "2026-05-15T16:47:51.179935", "event": "context_built", "data": {"project": "上下文测试"}}
{"timestamp": "2026-05-15T17:00:50.795284", "event": "message_added", "data": {"project_id": "ceda60e9-bdfa-40b3-aa0f-72b745edea89", "conversation_id": "3f0bfb83-7f4c-4201-8e5f-fd67ddfbdd0c", "message_id": "1c2ae303-4623-48e1-8d9b-c1e9200322a4", "role": "user", "content": "Hello, world!", "metadata": {}}}
{"timestamp": "2026-05-15T17:00:51.002688", "event": "message_added", "data": {"project_id": "46ff16d4-eff5-40a3-b7c6-b2a60461bfc2", "conversation_id": "0d0e02fb-b6ae-4ae6-8d0d-f6c8ce6c4087", "message_id": "42554dbd-2dff-44ce-bbe1-062e69696e64", "role": "user", "content": "Message 1", "metadata": {}}}
{"timestamp": "2026-05-15T17:00:51.005293", "event": "message_added", "data": {"project_id": "46ff16d4-eff5-40a3-b7c6-b2a60461bfc2", "conversation_id": "0d0e02fb-b6ae-4ae6-8d0d-f6c8ce6c4087", "message_id": "099872ad-2174-4741-83e9-161790ea4c2f", "role": "assistant", "content": "Response 1", "metadata": {}}}
{"timestamp": "2026-05-15T17:00:51.291638", "event": "message_added", "data": {"project_id": "897d8d2c-837c-46c7-bbb0-8a12b0ae81cf", "conversation_id": "15235fd6-fce5-4822-8839-ad072b9482a9", "message_id": "99ce3284-268f-4f16-bc32-979f0bff0deb", "role": "user", "content": "这是一个重要的消息，记住目标", "metadata": {}}}
{"timestamp": "2026-05-15T17:00:52.002451", "event": "message_added", "data": {"project_id": "981adc0f-e42c-4fe3-8410-ecc78b307fe6", "conversation_id": "7ba64faf-b007-4692-a6ed-e61d1f91e4b2", "message_id": "e7a208c9-24c0-4199-a54f-c85c40ce10a9", "role": "user", "content": "Hello", "metadata": {}}}
{"timestamp": "2026-05-15T17:00:52.064405", "event": "context_built", "data": {"project": "上下文测试"}}
{"timestamp": "2026-05-15T17:07:03.892970", "event": "message_added", "data": {"project_id": "e8ddb8bb-2ba9-4827-9904-f2b0d276a485", "conversation_id": "3d4c3827-3149-4352-b37c-f78b7f1c3c26", "message_id": "999607c8-1a4b-4eaa-b399-f2ff6ef1ccd2", "role": "user", "content": "Hello, world!", "metadata": {}}}
{"timestamp": "2026-05-15T17:07:04.132087", "event": "message_added", "data": {"project_id": "a00cd431-bdd3-44fb-9556-077c7a0c9649", "conversation_id": "bda5cdb2-93cc-4835-baa3-606978cf9cad", "message_id": "1446a46b-8d08-40a8-8a49-8ac526088180", "role": "user", "content": "Message 1", "metadata": {}}}
{"timestamp": "2026-05-15T17:07:04.135274", "event": "message_added", "data": {"project_id": "a00cd431-bdd3-44fb-9556-077c7a0c9649", "conversation_id": "bda5cdb2-93cc-4835-baa3-606978cf9cad", "message_id": "8fe6d5a0-7b1d-402d-aee4-abb49e3b5616", "role": "assistant", "content": "Response 1", "metadata": {}}}
{"timestamp": "2026-05-15T17:07:04.423435", "event": "message_added", "data": {"project_id": "81f89c64-f9e5-4d09-ad40-e690e9f6fa9b", "conversation_id": "c6909f99-e890-4210-b1af-594977709a5c", "message_id": "0c3b5a56-98fb-41ed-a9ba-a7294911833e", "role": "user", "content": "这是一个重要的消息，记住目标", "metadata": {}}}
{"timestamp": "2026-05-15T17:07:05.188617", "event": "message_added", "data": {"project_id": "aca13582-5f29-4a80-9fa4-6c2b8ff32ab0", "conversation_id": "c39eca43-3fa9-4da7-91ec-a29b68cef805", "message_id": "601bedcc-ba8c-44a2-8b84-00ee4dc78693", "role": "user", "content": "Hello", "metadata": {}}}
{"timestamp": "2026-05-15T17:07:05.271015", "event": "context_built", "data": {"project": "上下文测试"}}
{"timestamp": "2026-05-15T17:07:52.478329", "event": "message_added", "data": {"project_id": "f27c997a-d8b2-4dea-a8b8-d9baef752c64", "conversation_id": "f13d88e3-2638-496d-b265-678945c73f32", "message_id": "4d723a51-32e8-4fb9-b7ee-f3ae3daf2c9c", "role": "user", "content": "Hello, world!", "metadata": {}}}
{"timestamp": "2026-05-15T17:07:52.687853", "event": "message_added", "data": {"project_id": "fa9ab561-b0eb-4393-9e88-a8ef2d2f95c4", "conversation_id": "d7367d20-f299-43d0-b77f-bb8c2e53d6d5", "message_id": "63aef433-61ad-4c7b-82f6-0c1df768abc5", "role": "user", "content": "Message 1", "metadata": {}}}
{"timestamp": "2026-05-15T17:07:52.691010", "event": "message_added", "data": {"project_id": "fa9ab561-b0eb-4393-9e88-a8ef2d2f95c4", "conversation_id": "d7367d20-f299-43d0-b77f-bb8c2e53d6d5", "message_id": "e35e7b26-ecc9-45cb-b1e1-35364337dfb7", "role": "assistant", "content": "Response 1", "metadata": {}}}
{"timestamp": "2026-05-15T17:07:52.954844", "event": "message_added", "data": {"project_id": "1d4d31cf-4f57-4576-b819-6785dadd84a2", "conversation_id": "d0e48db2-8d63-4451-b6c4-36a9c413af1d", "message_id": "42426d98-a276-4195-a59c-aed6b50b711d", "role": "user", "content": "这是一个重要的消息，记住目标", "metadata": {}}}
{"timestamp": "2026-05-15T17:07:53.790255", "event": "message_added", "data": {"project_id": "8f081570-fe74-4152-8c4c-82615ceca582", "conversation_id": "13190833-a988-4e5d-8594-50ed2776cbe0", "message_id": "378fbca9-ac34-46a0-8a99-ac92ba62f916", "role": "user", "content": "Hello", "metadata": {}}}
{"timestamp": "2026-05-15T17:07:53.858399", "event": "context_built", "data": {"project": "上下文测试"}}
{"timestamp": "2026-05-15T17:12:51.601710", "event": "message_added", "data": {"project_id": "11f1fadd-ffc7-4251-a60a-9884e8be674e", "conversation_id": "3a91ff79-fdee-43cb-b47f-e042dd94f07c", "message_id": "a93ddb14-4ccd-4013-815b-3ab39f00e7f9", "role": "user", "content": "Hello, world!", "metadata": {}}}
{"timestamp": "2026-05-15T17:12:51.874954", "event": "message_added", "data": {"project_id": "bdf4f076-af5a-4b91-9373-38c6dde27fc7", "conversation_id": "5de3c838-395b-4cef-b199-48e75eed2bd0", "message_id": "792f9349-8ce0-4612-92ea-22e75d1b80ca", "role": "user", "content": "Message 1", "metadata": {}}}
{"timestamp": "2026-05-15T17:12:51.876601", "event": "message_added", "data": {"project_id": "bdf4f076-af5a-4b91-9373-38c6dde27fc7", "conversation_id": "5de3c838-395b-4cef-b199-48e75eed2bd0", "message_id": "a3a360bf-44f8-42ce-aad5-c1c9d9d8e496", "role": "assistant", "content": "Response 1", "metadata": {}}}
{"timestamp": "2026-05-15T17:12:52.176104", "event": "message_added", "data": {"project_id": "77d6de01-f7a3-4d17-8b0b-e9818e22a2e7", "conversation_id": "02e161fb-21ab-4948-8606-a6ed820602a5", "message_id": "36e6a716-f5ae-4341-86b6-ea8e9cd2a1a0", "role": "user", "content": "这是一个重要的消息，记住目标", "metadata": {}}}
{"timestamp": "2026-05-15T17:12:53.031188", "event": "message_added", "data": {"project_id": "13c0d1bc-0028-4706-a5cf-5e76916fa839", "conversation_id": "f83d2164-861d-41ba-9dce-380027b51a3b", "message_id": "eaa46d14-5600-4723-bbee-7be2dadf26c2", "role": "user", "content": "Hello", "metadata": {}}}
{"timestamp": "2026-05-15T17:12:53.116074", "event": "context_built", "data": {"project": "上下文测试"}}
{"timestamp": "2026-05-15T17:14:45.554880", "event": "message_added", "data": {"project_id": "fc1a7e3a-e10f-4811-bd84-33bd29bfaba9", "conversation_id": "d86ef597-f28e-460e-be44-8455edcefbdd", "message_id": "10022a45-ea92-4a1d-93cf-be4ed53a3288", "role": "user", "content": "Hello, world!", "metadata": {}}}
{"timestamp": "2026-05-15T17:14:45.747704", "event": "message_added", "data": {"project_id": "e449aacf-41f5-41f9-96b7-0f55ac129c7f", "conversation_id": "9ed5e75f-c7df-4f8c-9eca-10479c159af4", "message_id": "3181bd9f-e03d-4418-b044-45d515ad234b", "role": "user", "content": "Message 1", "metadata": {}}}
{"timestamp": "2026-05-15T17:14:45.749508", "event": "message_added", "data": {"project_id": "e449aacf-41f5-41f9-96b7-0f55ac129c7f", "conversation_id": "9ed5e75f-c7df-4f8c-9eca-10479c159af4", "message_id": "0bd8bc95-bdbb-4e35-a689-d4d6bc8778f0", "role": "assistant", "content": "Response 1", "metadata": {}}}
{"timestamp": "2026-05-15T17:14:45.976386", "event": "message_added", "data": {"project_id": "83c25d0f-ca8c-4163-a428-92acb28a8aa7", "conversation_id": "06cd2e01-5c02-4a9a-93ac-3724f402d7dd", "message_id": "3bfbda09-8e59-427b-b269-7f51374e3dcc", "role": "user", "content": "这是一个重要的消息，记住目标", "metadata": {}}}
{"timestamp": "2026-05-15T17:14:46.647339", "event": "message_added", "data": {"project_id": "97804c1c-38e3-4a1d-82f5-b60a31ea4518", "conversation_id": "04b508af-8ed9-4b3d-b7e9-e72b4e5e416c", "message_id": "37f63e79-6269-4f7f-833c-b28d2c8f7ead", "role": "user", "content": "Hello", "metadata": {}}}
{"timestamp": "2026-05-15T17:14:46.713745", "event": "context_built", "data": {"project": "上下文测试"}}
{"timestamp": "2026-05-15T17:48:27.437182", "event": "message_added", "data": {"project_id": "4abd1d45-7679-462f-8a30-822c209f703e", "conversation_id": "00b34cf2-fb3f-4a63-a910-5dcb78a26200", "message_id": "e89251c6-7230-418b-b94c-c54065d575d0", "role": "user", "content": "Hello, world!", "metadata": {}}}
{"timestamp": "2026-05-15T17:48:27.647616", "event": "message_added", "data": {"project_id": "ae70ce05-4e2d-4ec6-9dbf-423729cc030a", "conversation_id": "69381b46-bd11-4ef4-aaed-4927494f53ea", "message_id": "2d2f02d2-7340-4655-abad-3a76f1d2e133", "role": "user", "content": "Message 1", "metadata": {}}}
{"timestamp": "2026-05-15T17:48:27.649855", "event": "message_added", "data": {"project_id": "ae70ce05-4e2d-4ec6-9dbf-423729cc030a", "conversation_id": "69381b46-bd11-4ef4-aaed-4927494f53ea", "message_id": "e967e9ed-71c1-42b6-b365-f4cc044e2eb6", "role": "assistant", "content": "Response 1", "metadata": {}}}
{"timestamp": "2026-05-15T17:48:27.911502", "event": "message_added", "data": {"project_id": "8e425956-1d63-41a6-8e6b-7fe785c3acef", "conversation_id": "2f770432-122e-4c20-b9c6-30c3be1c4abc", "message_id": "81d35998-3d41-49d6-8961-7fe845808717", "role": "user", "content": "这是一个重要的消息，记住目标", "metadata": {}}}
{"timestamp": "2026-05-15T17:48:28.747402", "event": "message_added", "data": {"project_id": "71fcf979-6420-4f70-9c8f-0c6a73d6698b", "conversation_id": "fc3d0f33-050f-45e1-8643-8c18439f8fdc", "message_id": "1742f63f-c449-4f82-8f69-039675e34125", "role": "user", "content": "Hello", "metadata": {}}}
{"timestamp": "2026-05-15T17:48:28.814216", "event": "context_built", "data": {"project": "上下文测试"}}
{"timestamp": "2026-05-15T17:49:57.759226", "event": "message_added", "data": {"project_id": "a7e493f9-073c-403e-9c87-30a152c1d952", "conversation_id": "7c4b77ea-c086-46ad-8f02-60716fb0dbf8", "message_id": "c457a1df-d098-4e8d-829b-d3d7569189aa", "role": "user", "content": "Hello, world!", "metadata": {}}}
{"timestamp": "2026-05-15T17:49:57.965787", "event": "message_added", "data": {"project_id": "8b16f30e-30de-469c-8e5b-ca4adf134171", "conversation_id": "db5a9364-cc5b-4b69-bb97-cde8b58ea038", "message_id": "248c5df1-ab0b-4ca5-8912-0f3757fce7b0", "role": "user", "content": "Message 1", "metadata": {}}}
{"timestamp": "2026-05-15T17:49:57.967795", "event": "message_added", "data": {"project_id": "8b16f30e-30de-469c-8e5b-ca4adf134171", "conversation_id": "db5a9364-cc5b-4b69-bb97-cde8b58ea038", "message_id": "53842822-964a-4787-af1c-f8b0696ef98d", "role": "assistant", "content": "Response 1", "metadata": {}}}
{"timestamp": "2026-05-15T17:49:58.245088", "event": "message_added", "data": {"project_id": "930c9d26-ff87-453d-8f99-e008774c0667", "conversation_id": "60f53548-d63a-4f31-af74-bf94ff64464f", "message_id": "f68dd5a6-ce77-4047-a0d8-8245851c5a10", "role": "user", "content": "这是一个重要的消息，记住目标", "metadata": {}}}
{"timestamp": "2026-05-15T17:49:59.087215", "event": "message_added", "data": {"project_id": "af978afc-57c9-4ba1-9666-a33f4c424cd9", "conversation_id": "58c0e40a-5920-45a1-b219-8b936598b313", "message_id": "6bfaf244-5f0e-4f88-b2fa-505d1d24e885", "role": "user", "content": "Hello", "metadata": {}}}
{"timestamp": "2026-05-15T17:49:59.171116", "event": "context_built", "data": {"project": "上下文测试"}}
{"timestamp": "2026-05-15T18:00:23.886551", "event": "message_added", "data": {"project_id": "9f4c7816-326f-45ed-bca9-1183cfaaeeea", "conversation_id": "3daa82c6-406a-4afe-999c-2231ba291717", "message_id": "59731a19-11d1-4a70-ae4b-bec5e56bd881", "role": "user", "content": "Hello, world!", "metadata": {}}}
{"timestamp": "2026-05-15T18:00:24.102653", "event": "message_added", "data": {"project_id": "1f06233f-a3be-4c37-bd9f-361c316e3a93", "conversation_id": "f2e4fd2f-1e44-4311-9c0a-5b92f8c0fa59", "message_id": "b3d102bb-8123-4574-a743-20f3a872245f", "role": "user", "content": "Message 1", "metadata": {}}}
{"timestamp": "2026-05-15T18:00:24.107039", "event": "message_added", "data": {"project_id": "1f06233f-a3be-4c37-bd9f-361c316e3a93", "conversation_id": "f2e4fd2f-1e44-4311-9c0a-5b92f8c0fa59", "message_id": "290a0b5c-3ddd-4fa9-82cb-9d1429f0a769", "role": "assistant", "content": "Response 1", "metadata": {}}}
{"timestamp": "2026-05-15T18:00:24.394220", "event": "message_added", "data": {"project_id": "7f111cfa-9778-42cc-af04-6b47fadb1005", "conversation_id": "0c0efa8c-0690-44dd-b760-3464bb03b866", "message_id": "e0ff5b1c-597b-46a8-8f8c-d95bf5929f5a", "role": "user", "content": "这是一个重要的消息，记住目标", "metadata": {}}}
{"timestamp": "2026-05-15T18:00:25.245144", "event": "message_added", "data": {"project_id": "449c1088-83be-4675-a4cc-67217a7e0fe3", "conversation_id": "3d9a736f-dbba-43a8-8943-b4887929fe3e", "message_id": "c820e8d6-37e2-4987-a36b-7a2e0b7bb4b0", "role": "user", "content": "Hello", "metadata": {}}}
{"timestamp": "2026-05-15T18:00:25.343623", "event": "context_built", "data": {"project": "上下文测试"}}
{"timestamp": "2026-05-15T20:37:35.400413", "event": "message_added", "data": {"project_id": "dabeae79-2b2c-49f3-b885-8676646b1a3f", "conversation_id": "542178b8-7766-4ac6-88ca-4a82ac17f943", "message_id": "05fb8c89-f18c-4f95-a4f1-d3b7919b282a", "role": "user", "content": "Hello, world!", "metadata": {}}}
{"timestamp": "2026-05-15T20:37:35.669217", "event": "message_added", "data": {"project_id": "ea42ce46-c62b-4d9f-83e7-d972dd8fc389", "conversation_id": "fb6f9b35-d842-442a-8cf5-22329b1186ac", "message_id": "5df17018-d4b4-48ae-9da8-0e14da1d4665", "role": "user", "content": "Message 1", "metadata": {}}}
{"timestamp": "2026-05-15T20:37:35.676031", "event": "message_added", "data": {"project_id": "ea42ce46-c62b-4d9f-83e7-d972dd8fc389", "conversation_id": "fb6f9b35-d842-442a-8cf5-22329b1186ac", "message_id": "920e2b2e-01e5-4dab-a863-bafd833558cf", "role": "assistant", "content": "Response 1", "metadata": {}}}
{"timestamp": "2026-05-15T20:37:36.061236", "event": "message_added", "data": {"project_id": "27a22533-9022-4dbb-973f-921d473f1730", "conversation_id": "fb40ebf0-29c7-4744-b9b0-2fea299e92ef", "message_id": "07ac68cc-d4fe-429d-9156-d16f19e4428e", "role": "user", "content": "这是一个重要的消息，记住目标", "metadata": {}}}
{"timestamp": "2026-05-15T20:37:36.979908", "event": "message_added", "data": {"project_id": "6ec14e4d-2f79-4350-9e53-236bd249a706", "conversation_id": "82de9c6b-e481-4506-aa0e-1d683c214341", "message_id": "e0b800f8-c2c6-43e0-8903-6b911a5cba99", "role": "user", "content": "Hello", "metadata": {}}}
{"timestamp": "2026-05-15T20:37:37.063290", "event": "context_built", "data": {"project": "上下文测试"}}
{"timestamp": "2026-05-15T20:59:06.201999", "event": "message_added", "data": {"project_id": "95ef7a92-56a3-4ecb-90f5-39d8a39315a1", "conversation_id": "73fd314d-c9fd-46cf-a029-6556fb52cc01", "message_id": "0d9d3790-7e89-4223-9b6b-9f382d323fb8", "role": "user", "content": "Hello, world!", "metadata": {}}}
{"timestamp": "2026-05-15T20:59:06.417202", "event": "message_added", "data": {"project_id": "860a1753-2e26-47d3-bc2d-e947ea266767", "conversation_id": "4a9b802e-fd73-452a-831a-eab727aa80a5", "message_id": "b7acfd9c-2407-40e3-86a2-6aaf201788d9", "role": "user", "content": "Message 1", "metadata": {}}}
{"timestamp": "2026-05-15T20:59:06.419862", "event": "message_added", "data": {"project_id": "860a1753-2e26-47d3-bc2d-e947ea266767", "conversation_id": "4a9b802e-fd73-452a-831a-eab727aa80a5", "message_id": "e637444b-0e75-429c-ba9d-032a9e495307", "role": "assistant", "content": "Response 1", "metadata": {}}}
{"timestamp": "2026-05-15T20:59:06.692749", "event": "message_added", "data": {"project_id": "8aefd159-0a67-47ed-bc7d-101b5961c1dd", "conversation_id": "c3b56748-43cb-4935-b887-2fcd9c692302", "message_id": "8f3023d9-0f1e-4d56-8363-062bf5ea58e6", "role": "user", "content": "这是一个重要的消息，记住目标", "metadata": {}}}
{"timestamp": "2026-05-15T20:59:07.397917", "event": "message_added", "data": {"project_id": "dc15730e-b8a4-4234-a3c3-ac0e1cbc5c77", "conversation_id": "1faf35c9-403f-431a-96f2-7972cb0a9a12", "message_id": "eb2814e7-e6e8-4090-83b0-286f7cd75e36", "role": "user", "content": "Hello", "metadata": {}}}
{"timestamp": "2026-05-15T20:59:07.472309", "event": "context_built", "data": {"project": "上下文测试"}}
{"timestamp": "2026-05-15T21:25:13.381091", "event": "message_added", "data": {"project_id": "12aab687-fd27-4223-928a-6066f87c209e", "conversation_id": "dacd45f7-7fd0-44bb-b2f1-e66a87817687", "message_id": "bc0c91d3-e850-4101-b663-4c86cc8b0e2e", "role": "user", "content": "Hello, world!", "metadata": {}}}
{"timestamp": "2026-05-15T21:25:13.614329", "event": "message_added", "data": {"project_id": "77f79e30-06cc-4360-bc23-8d052b07a56b", "conversation_id": "8166cf76-2933-4b14-a532-87dbbdbf8b25", "message_id": "5f9a5b64-2997-45b5-a0f1-21404dd7e37e", "role": "user", "content": "Message 1", "metadata": {}}}
{"timestamp": "2026-05-15T21:25:13.620226", "event": "message_added", "data": {"project_id": "77f79e30-06cc-4360-bc23-8d052b07a56b", "conversation_id": "8166cf76-2933-4b14-a532-87dbbdbf8b25", "message_id": "bea2ee00-136e-4484-b8be-2c640fad366a", "role": "assistant", "content": "Response 1", "metadata": {}}}
{"timestamp": "2026-05-15T21:25:13.900775", "event": "message_added", "data": {"project_id": "3a7867d1-8904-4a59-9474-df552030b19d", "conversation_id": "85e56ac1-7da7-4893-9337-a2515ca7e4e4", "message_id": "ca597004-172d-43e8-91a8-f2343cc41c01", "role": "user", "content": "这是一个重要的消息，记住目标", "metadata": {}}}
{"timestamp": "2026-05-15T21:25:14.605675", "event": "message_added", "data": {"project_id": "6ae3ebc9-24d8-4b68-b3d1-0bcee13e4676", "conversation_id": "cdb34c86-8f82-46eb-af81-cb92b1b615ea", "message_id": "83aa83c7-485b-4ae4-9a59-72d5fa324d9c", "role": "user", "content": "Hello", "metadata": {}}}
{"timestamp": "2026-05-15T21:25:14.668377", "event": "context_built", "data": {"project": "上下文测试"}}
{"timestamp": "2026-05-15T21:28:02.150610", "event": "message_added", "data": {"project_id": "4ccacb52-359d-43d7-81ea-4286c4aef65d", "conversation_id": "c3323b76-be78-493f-9e3d-2d2d960d9da0", "message_id": "eda4657a-ce1c-419c-9b89-6bbb7985832f", "role": "user", "content": "Hello, world!", "metadata": {}}}
{"timestamp": "2026-05-15T21:28:02.351595", "event": "message_added", "data": {"project_id": "a31d15d3-5e07-4627-989b-d99313545023", "conversation_id": "5585c6c2-680a-4846-a6ba-c53dbd98759e", "message_id": "890c0222-6381-4036-a0f3-f084c1dd0d9b", "role": "user", "content": "Message 1", "metadata": {}}}
{"timestamp": "2026-05-15T21:28:02.354962", "event": "message_added", "data": {"project_id": "a31d15d3-5e07-4627-989b-d99313545023", "conversation_id": "5585c6c2-680a-4846-a6ba-c53dbd98759e", "message_id": "d745e1f2-cbd9-4acf-91f6-36c83c829d48", "role": "assistant", "content": "Response 1", "metadata": {}}}
{"timestamp": "2026-05-15T21:28:02.629863", "event": "message_added", "data": {"project_id": "738c9b3c-d6fb-44f6-999a-6e555bc35744", "conversation_id": "3e743946-471e-4681-b395-3493fe45e5ba", "message_id": "da709bd9-3046-4b21-bf5f-2f1f2f8205ad", "role": "user", "content": "这是一个重要的消息，记住目标", "metadata": {}}}
{"timestamp": "2026-05-15T21:28:03.317521", "event": "message_added", "data": {"project_id": "a05d575a-7eba-411e-9039-0c6f4d3a65cc", "conversation_id": "8e0c4355-4608-4717-9478-f487bace0735", "message_id": "f58743ab-3811-4740-9ff2-ba8bbd26ee00", "role": "user", "content": "Hello", "metadata": {}}}
{"timestamp": "2026-05-15T21:28:03.407932", "event": "context_built", "data": {"project": "上下文测试"}}
{"timestamp": "2026-05-15T21:29:18.839082", "event": "message_added", "data": {"project_id": "41613d06-19bb-4796-a58b-10e35a3b7986", "conversation_id": "2fc9ae10-0a7a-40b2-b141-f5019e52421c", "message_id": "b44af59b-be46-4cda-8f67-1d000909c3ce", "role": "user", "content": "Hello, world!", "metadata": {}}}
{"timestamp": "2026-05-15T21:29:19.066941", "event": "message_added", "data": {"project_id": "2732e3d0-cc76-47b3-941d-a268e1bb9249", "conversation_id": "909b8218-050e-4f9d-bed8-b3199e978c95", "message_id": "148db159-4d7a-4554-b408-c3aa5a708652", "role": "user", "content": "Message 1", "metadata": {}}}
{"timestamp": "2026-05-15T21:29:19.070571", "event": "message_added", "data": {"project_id": "2732e3d0-cc76-47b3-941d-a268e1bb9249", "conversation_id": "909b8218-050e-4f9d-bed8-b3199e978c95", "message_id": "36a13884-1d76-43c0-b97e-6e112ff9051f", "role": "assistant", "content": "Response 1", "metadata": {}}}
{"timestamp": "2026-05-15T21:29:19.387955", "event": "message_added", "data": {"project_id": "bdb01d00-f8f4-4842-a9ff-f5459454f632", "conversation_id": "4974a42c-1d8d-478b-bb48-568311a13dfe", "message_id": "84f775b5-f90f-4423-80b8-7f6709e139ec", "role": "user", "content": "这是一个重要的消息，记住目标", "metadata": {}}}
{"timestamp": "2026-05-15T21:29:20.149615", "event": "message_added", "data": {"project_id": "fa94190a-4283-4076-8e25-356a8abedb3a", "conversation_id": "e04bec43-3f2d-4770-b065-ada42c9c4cbc", "message_id": "f0b5d890-013d-46c2-9123-5ea06a37878a", "role": "user", "content": "Hello", "metadata": {}}}
{"timestamp": "2026-05-15T21:29:20.227945", "event": "context_built", "data": {"project": "上下文测试"}}
{"timestamp": "2026-05-15T21:32:03.521710", "event": "message_added", "data": {"project_id": "24c48e12-1e04-4eac-a04d-2346cb5f5f88", "conversation_id": "5bdcc346-7000-4327-9487-5a869537680b", "message_id": "e50495ce-5e6a-4c66-8330-b804ae347c2a", "role": "user", "content": "Hello, world!", "metadata": {}}}
{"timestamp": "2026-05-15T21:32:03.736672", "event": "message_added", "data": {"project_id": "2c88a880-0dce-496e-9dee-a35179a8c29f", "conversation_id": "02c90d51-ab24-45ee-ab98-cd70913785ab", "message_id": "a0e9d913-3cee-41db-970b-863ee434d86e", "role": "user", "content": "Message 1", "metadata": {}}}
{"timestamp": "2026-05-15T21:32:03.738891", "event": "message_added", "data": {"project_id": "2c88a880-0dce-496e-9dee-a35179a8c29f", "conversation_id": "02c90d51-ab24-45ee-ab98-cd70913785ab", "message_id": "3a484757-5619-4335-8175-5d259efaf389", "role": "assistant", "content": "Response 1", "metadata": {}}}
{"timestamp": "2026-05-15T21:32:04.043772", "event": "message_added", "data": {"project_id": "86b13b23-41c3-49cf-b5c2-bb85ee3e15dd", "conversation_id": "4ade2295-b207-4aa5-8f77-33894dac2f9d", "message_id": "ab40a997-a502-459a-abe2-6576d845dac4", "role": "user", "content": "这是一个重要的消息，记住目标", "metadata": {}}}
{"timestamp": "2026-05-15T21:32:04.734006", "event": "message_added", "data": {"project_id": "c08702df-3e85-4be1-9b35-401e4c6e2f9b", "conversation_id": "3b7b2fce-0bfb-415d-bd3b-80075fa4b272", "message_id": "ebf3b5ce-99cd-4435-aa80-d09395de5690", "role": "user", "content": "Hello", "metadata": {}}}
{"timestamp": "2026-05-15T21:32:04.826783", "event": "context_built", "data": {"project": "上下文测试"}}
{"timestamp": "2026-05-15T21:32:43.358046", "event": "message_added", "data": {"project_id": "48777660-81f5-45c6-b28c-9198aaea5445", "conversation_id": "386ddf45-9a30-4fa8-8de7-e78f6033f6a4", "message_id": "2ea2307e-f963-4f36-90b9-af38331e0c60", "role": "user", "content": "Hello, world!", "metadata": {}}}
{"timestamp": "2026-05-15T21:32:43.618838", "event": "message_added", "data": {"project_id": "3cf62ab1-b288-46a2-af41-d16dbdfdd526", "conversation_id": "5184fad0-1cdf-4851-b148-c736cbb19121", "message_id": "feca8bf8-3cc1-4d05-867a-97dd8768a256", "role": "user", "content": "Message 1", "metadata": {}}}
{"timestamp": "2026-05-15T21:32:43.622759", "event": "message_added", "data": {"project_id": "3cf62ab1-b288-46a2-af41-d16dbdfdd526", "conversation_id": "5184fad0-1cdf-4851-b148-c736cbb19121", "message_id": "a3431d70-f340-4729-99c4-e45a1a1cb8a0", "role": "assistant", "content": "Response 1", "metadata": {}}}
{"timestamp": "2026-05-15T21:32:43.893801", "event": "message_added", "data": {"project_id": "d0a14126-ea7f-43ea-ab48-29557573797f", "conversation_id": "3716c36b-580a-4dce-8bc1-e4c0765456a9", "message_id": "b50338ef-56c2-4e34-9fd5-ff122adc9e71", "role": "user", "content": "这是一个重要的消息，记住目标", "metadata": {}}}
{"timestamp": "2026-05-15T21:32:44.662102", "event": "message_added", "data": {"project_id": "9ef5a3b9-bf01-4916-9db6-56cc0dfc3f1d", "conversation_id": "2062126b-73fd-4e96-8498-282bbda800af", "message_id": "5198eec7-888d-4b88-b625-1369e65cc48d", "role": "user", "content": "Hello", "metadata": {}}}
{"timestamp": "2026-05-15T21:32:44.739032", "event": "context_built", "data": {"project": "上下文测试"}}
{"timestamp": "2026-05-15T21:33:15.751561", "event": "message_added", "data": {"project_id": "7312022f-dadc-4971-9696-1a3e36a3f000", "conversation_id": "bdd18316-ba6b-4549-8f8b-76f8850850f2", "message_id": "219d457a-666b-4c71-b10f-66aa9a342b18", "role": "user", "content": "Hello, world!", "metadata": {}}}
{"timestamp": "2026-05-15T21:33:15.981893", "event": "message_added", "data": {"project_id": "dfdf05fd-b55a-48fe-b8c5-002c8307f279", "conversation_id": "2c1a831c-6491-415a-9b42-928147034083", "message_id": "faf07872-d294-427b-b715-34cb30b00f60", "role": "user", "content": "Message 1", "metadata": {}}}
{"timestamp": "2026-05-15T21:33:15.984287", "event": "message_added", "data": {"project_id": "dfdf05fd-b55a-48fe-b8c5-002c8307f279", "conversation_id": "2c1a831c-6491-415a-9b42-928147034083", "message_id": "d292ac9a-023c-4cb5-96bf-f57f0e59efed", "role": "assistant", "content": "Response 1", "metadata": {}}}
{"timestamp": "2026-05-15T21:33:16.309704", "event": "message_added", "data": {"project_id": "51add13a-1ede-4a9e-b505-b565c1723dad", "conversation_id": "210bd69b-ee2b-4b7e-aa32-e6c7d2704564", "message_id": "52ef9e8b-6491-42d4-822d-ac2273c2f068", "role": "user", "content": "这是一个重要的消息，记住目标", "metadata": {}}}
{"timestamp": "2026-05-15T21:33:17.157547", "event": "message_added", "data": {"project_id": "3632a0ea-d288-4e8d-8594-b18eaf89034b", "conversation_id": "4744e037-725c-4001-9b70-16ce49b004f8", "message_id": "ba0b8974-d33b-412e-b307-4f5ed844efe6", "role": "user", "content": "Hello", "metadata": {}}}
{"timestamp": "2026-05-15T21:33:17.232547", "event": "context_built", "data": {"project": "上下文测试"}}
{"timestamp": "2026-05-15T21:33:47.004043", "event": "message_added", "data": {"project_id": "5af34d1e-d2aa-48cd-8ceb-916cc4d0f71c", "conversation_id": "7d25f4ff-5071-4fec-a4bd-37605cf7c113", "message_id": "7901c743-a6af-4f30-8f4f-174384c73464", "role": "user", "content": "Hello, world!", "metadata": {}}}
{"timestamp": "2026-05-15T21:33:47.234916", "event": "message_added", "data": {"project_id": "87749e87-d1be-4421-a4f9-19372e51b92b", "conversation_id": "99c624fe-f42b-46ea-a275-c793ca806c2d", "message_id": "4ecf24de-a758-492b-993e-3c6a30f500ec", "role": "user", "content": "Message 1", "metadata": {}}}
{"timestamp": "2026-05-15T21:33:47.236954", "event": "message_added", "data": {"project_id": "87749e87-d1be-4421-a4f9-19372e51b92b", "conversation_id": "99c624fe-f42b-46ea-a275-c793ca806c2d", "message_id": "3e51dc48-f9a3-46ab-9d26-bd1b4d243434", "role": "assistant", "content": "Response 1", "metadata": {}}}
{"timestamp": "2026-05-15T21:33:47.548392", "event": "message_added", "data": {"project_id": "685240d4-e310-41da-849e-7c179c0b17f4", "conversation_id": "2e2bbb6e-4114-42c2-a497-8ce7009f9420", "message_id": "3c819546-f51e-4492-93eb-78c07c87244d", "role": "user", "content": "这是一个重要的消息，记住目标", "metadata": {}}}
{"timestamp": "2026-05-15T21:33:48.410104", "event": "message_added", "data": {"project_id": "7162a24f-d29c-44c1-8103-38c4198dc8cc", "conversation_id": "8f8908dc-420a-42d1-97ff-ecd40ba7bac8", "message_id": "610378ff-9d27-4815-ae50-a073d5ddff72", "role": "user", "content": "Hello", "metadata": {}}}
{"timestamp": "2026-05-15T21:33:48.500477", "event": "context_built", "data": {"project": "上下文测试"}}
{"timestamp": "2026-05-15T21:36:56.500465", "event": "message_added", "data": {"project_id": "ddedc720-4ba9-4aa6-bf9e-54de9787f59c", "conversation_id": "cbcef0e4-5834-4caf-9678-8fd69a014371", "message_id": "86319e2c-995a-4ee2-a1e1-f0acf66e9aea", "role": "user", "content": "Hello, world!", "metadata": {}}}
{"timestamp": "2026-05-15T21:36:56.713810", "event": "message_added", "data": {"project_id": "a699236e-99d7-4aa3-9676-dbe71ea66b4e", "conversation_id": "c5684a96-6766-4ef3-beb1-799c4efe3815", "message_id": "98b1bc65-7281-4699-82dd-9fd34ee77988", "role": "user", "content": "Message 1", "metadata": {}}}
{"timestamp": "2026-05-15T21:36:56.716293", "event": "message_added", "data": {"project_id": "a699236e-99d7-4aa3-9676-dbe71ea66b4e", "conversation_id": "c5684a96-6766-4ef3-beb1-799c4efe3815", "message_id": "8d1e6c72-6310-4715-929e-14fa2c2ba0a0", "role": "assistant", "content": "Response 1", "metadata": {}}}
{"timestamp": "2026-05-15T21:36:57.006088", "event": "message_added", "data": {"project_id": "ea497884-4540-4edd-b94b-7e5149ac805f", "conversation_id": "7e2cb222-160e-49fb-98e9-96e5e8a7fdfc", "message_id": "8344baef-0be4-4f4b-b9b9-33d9dd4c0caa", "role": "user", "content": "这是一个重要的消息，记住目标", "metadata": {}}}
{"timestamp": "2026-05-15T21:36:57.816757", "event": "message_added", "data": {"project_id": "27f019d3-5b96-4700-90f3-3bc26e99ba6d", "conversation_id": "94ba67d8-1c4f-4567-9633-c221bc736782", "message_id": "5934db50-1bc9-468d-93fb-81a2d2f73a6f", "role": "user", "content": "Hello", "metadata": {}}}
{"timestamp": "2026-05-15T21:36:57.905703", "event": "context_built", "data": {"project": "上下文测试"}}
{"timestamp": "2026-05-15T21:38:17.847617", "event": "message_added", "data": {"project_id": "b270e7bd-1961-4800-9bde-daa5df726726", "conversation_id": "604cf718-0e83-46f7-a23b-6d4fbe1bc7a9", "message_id": "f7aeb730-44ad-43db-a865-6f083f4cda1e", "role": "user", "content": "Hello, world!", "metadata": {}}}
{"timestamp": "2026-05-15T21:38:18.048219", "event": "message_added", "data": {"project_id": "a12ad383-104d-490e-82e5-0ae9cb3e808b", "conversation_id": "92c37cf3-a369-43a5-bfe7-1f69d7f66ec4", "message_id": "9f81637d-bbe8-4854-9f12-01e2d7440dec", "role": "user", "content": "Message 1", "metadata": {}}}
{"timestamp": "2026-05-15T21:38:18.050314", "event": "message_added", "data": {"project_id": "a12ad383-104d-490e-82e5-0ae9cb3e808b", "conversation_id": "92c37cf3-a369-43a5-bfe7-1f69d7f66ec4", "message_id": "5cdd84cf-7464-42b8-a6a2-59ebf400376f", "role": "assistant", "content": "Response 1", "metadata": {}}}
{"timestamp": "2026-05-15T21:38:18.350045", "event": "message_added", "data": {"project_id": "0c10f216-114a-4d5a-9d0b-da2ec7543e7a", "conversation_id": "d96715ff-e397-4424-9750-a871f035c9e2", "message_id": "7bcf1ef5-e865-40c1-afac-7c78ec9781e4", "role": "user", "content": "这是一个重要的消息，记住目标", "metadata": {}}}
{"timestamp": "2026-05-15T21:38:19.163740", "event": "message_added", "data": {"project_id": "f1c40cd4-9127-4d00-8ae4-ff5afa07afa3", "conversation_id": "afaab698-9a68-4fcd-8d71-0f3973c1e703", "message_id": "991a99cc-da50-41a4-8d9c-406518c8e3d5", "role": "user", "content": "Hello", "metadata": {}}}
{"timestamp": "2026-05-15T21:38:19.246368", "event": "context_built", "data": {"project": "上下文测试"}}
{"timestamp": "2026-05-15T21:41:17.110255", "event": "message_added", "data": {"project_id": "9f875fa1-4a71-45a0-8c9c-62d58a846eed", "conversation_id": "1c71a593-e91c-484d-991c-9ac68629f802", "message_id": "b0df64b6-0ce4-4168-afc1-1dfb71e8a737", "role": "user", "content": "Hello, world!", "metadata": {}}}
{"timestamp": "2026-05-15T21:41:17.369055", "event": "message_added", "data": {"project_id": "2d2f8556-8f73-461d-b4f0-8c6c8722ab09", "conversation_id": "0a252ab9-cff4-46d8-8d64-aa1964072b3a", "message_id": "480517c5-647b-41de-9195-3dbafba1c5e1", "role": "user", "content": "Message 1", "metadata": {}}}
{"timestamp": "2026-05-15T21:41:17.371206", "event": "message_added", "data": {"project_id": "2d2f8556-8f73-461d-b4f0-8c6c8722ab09", "conversation_id": "0a252ab9-cff4-46d8-8d64-aa1964072b3a", "message_id": "4c4a9f4d-011f-4b51-9a98-2c19984eade0", "role": "assistant", "content": "Response 1", "metadata": {}}}
{"timestamp": "2026-05-15T21:41:16.919206", "event": "message_added", "data": {"project_id": "5b6d5d68-2081-48b6-84ec-6c768e4dd145", "conversation_id": "8f6af603-f4e1-433f-bdf3-eea65346e791", "message_id": "031961ff-6a2c-490d-9d1c-b3c1408e89e1", "role": "user", "content": "这是一个重要的消息，记住目标", "metadata": {}}}
{"timestamp": "2026-05-15T21:41:17.743296", "event": "message_added", "data": {"project_id": "a0c4956a-5a9e-40d4-8f3e-8ac92f8f369a", "conversation_id": "6988ad75-523f-4ef1-aeca-3c96a89170c1", "message_id": "4fe45ecd-c2c9-4f1e-b883-5924ea9342f1", "role": "user", "content": "Hello", "metadata": {}}}
{"timestamp": "2026-05-15T21:41:17.822745", "event": "context_built", "data": {"project": "上下文测试"}}
{"timestamp": "2026-05-15T21:42:27.932957", "event": "message_added", "data": {"project_id": "370e00b5-24ac-4134-b718-ae1ceecfb5ee", "conversation_id": "96b5aeed-d4f9-4791-93b2-dabf466461d4", "message_id": "d693f094-9062-4122-8df1-645fb51033d9", "role": "user", "content": "Hello, world!", "metadata": {}}}
{"timestamp": "2026-05-15T21:42:28.183098", "event": "message_added", "data": {"project_id": "06b4ca90-ce7e-4d30-8292-67de76c7c93b", "conversation_id": "0fa2af3a-16da-4af7-afcd-7ab8cd119489", "message_id": "93c059d2-0b80-48e6-9aa7-2b41763f7e9c", "role": "user", "content": "Message 1", "metadata": {}}}
{"timestamp": "2026-05-15T21:42:28.187270", "event": "message_added", "data": {"project_id": "06b4ca90-ce7e-4d30-8292-67de76c7c93b", "conversation_id": "0fa2af3a-16da-4af7-afcd-7ab8cd119489", "message_id": "7b702dbd-cfdf-4d5b-8a66-7e267bef6125", "role": "assistant", "content": "Response 1", "metadata": {}}}
{"timestamp": "2026-05-15T21:42:28.525895", "event": "message_added", "data": {"project_id": "5d9c75a6-6eb0-4469-ac76-2fb4becbc6f8", "conversation_id": "c0efebe6-5bda-402f-bdf5-ce77353c5654", "message_id": "153ee3de-6862-4dab-bb03-7783422ee216", "role": "user", "content": "这是一个重要的消息，记住目标", "metadata": {}}}
{"timestamp": "2026-05-15T21:42:29.442729", "event": "message_added", "data": {"project_id": "cfce6294-2bab-4cde-8128-baa67f3c6954", "conversation_id": "fa064d7c-d358-4aff-9835-ca9dbb7bd296", "message_id": "f8c1d837-a6e7-4ca5-8dfe-7408f46b2632", "role": "user", "content": "Hello", "metadata": {}}}
{"timestamp": "2026-05-15T21:42:29.538098", "event": "context_built", "data": {"project": "上下文测试"}}
{"timestamp": "2026-05-15T21:43:00.708437", "event": "message_added", "data": {"project_id": "850c9619-062e-408c-a39d-99b386da0735", "conversation_id": "809b9d50-e733-42ef-b4cf-4cf0c526986a", "message_id": "7e4685e4-a9de-4e79-b29b-e7fa2cd552ec", "role": "user", "content": "Hello, world!", "metadata": {}}}
{"timestamp": "2026-05-15T21:43:00.945814", "event": "message_added", "data": {"project_id": "0491d3a1-c4f7-421e-bdc8-335f35b34a91", "conversation_id": "0c1baff6-1bea-4203-8de7-294a13b0c59e", "message_id": "92651a84-72f1-4b3d-94ac-da6a933310b0", "role": "user", "content": "Message 1", "metadata": {}}}
{"timestamp": "2026-05-15T21:43:00.951332", "event": "message_added", "data": {"project_id": "0491d3a1-c4f7-421e-bdc8-335f35b34a91", "conversation_id": "0c1baff6-1bea-4203-8de7-294a13b0c59e", "message_id": "1f81a7b2-b695-4e82-b9a0-a06340acade1", "role": "assistant", "content": "Response 1", "metadata": {}}}
{"timestamp": "2026-05-15T21:43:01.259923", "event": "message_added", "data": {"project_id": "26ccb49e-88ad-467d-938f-4207f9d8fe48", "conversation_id": "95b60dfa-3ebf-42bc-86f2-22e505dfe912", "message_id": "a2d28a2e-9ed2-4e95-9f56-23480760dac5", "role": "user", "content": "这是一个重要的消息，记住目标", "metadata": {}}}
{"timestamp": "2026-05-15T21:43:01.939768", "event": "message_added", "data": {"project_id": "3edf34ef-d286-4974-a38c-d1ad67fbd133", "conversation_id": "f974a300-b70d-4e00-9d77-1c4c8b1bb51e", "message_id": "54eb03e8-db0f-42af-ba09-e5a27307f5a2", "role": "user", "content": "Hello", "metadata": {}}}
{"timestamp": "2026-05-15T21:43:02.004867", "event": "context_built", "data": {"project": "上下文测试"}}
{"timestamp": "2026-05-15T21:43:50.199627", "event": "message_added", "data": {"project_id": "972e0fae-d99a-4487-a530-2324fb2008aa", "conversation_id": "9dc68402-a66b-4f4b-8ec4-e0126e964403", "message_id": "ace06182-e81b-4d12-81d1-1f2b51ba2ebb", "role": "user", "content": "Hello, world!", "metadata": {}}}
{"timestamp": "2026-05-15T21:43:50.428353", "event": "message_added", "data": {"project_id": "70170f04-7b9c-44cc-bfb2-22ed51cdd441", "conversation_id": "acb80e24-7572-403f-a1a5-a76256150464", "message_id": "f660c535-4a15-4534-a9a2-dbffcb579a3d", "role": "user", "content": "Message 1", "metadata": {}}}
{"timestamp": "2026-05-15T21:43:50.431605", "event": "message_added", "data": {"project_id": "70170f04-7b9c-44cc-bfb2-22ed51cdd441", "conversation_id": "acb80e24-7572-403f-a1a5-a76256150464", "message_id": "d6b83cba-44a6-4862-9c25-eca422cfd3d9", "role": "assistant", "content": "Response 1", "metadata": {}}}
{"timestamp": "2026-05-15T21:43:50.730592", "event": "message_added", "data": {"project_id": "2e5d048c-b585-4af9-bb85-b5b58dfe17a6", "conversation_id": "b7c41920-b644-4ab8-a27c-1e30c7cf0562", "message_id": "ff6a3627-dc4b-4309-b0a2-49760c6c6c39", "role": "user", "content": "这是一个重要的消息，记住目标", "metadata": {}}}
{"timestamp": "2026-05-15T21:43:51.618922", "event": "message_added", "data": {"project_id": "c05c800b-31b6-41a1-9a41-2b24d19bfaeb", "conversation_id": "9cbf7974-57fc-4c91-be3e-b61a5abb1e67", "message_id": "a698b751-7fa4-4d0b-89cf-721c705786a5", "role": "user", "content": "Hello", "metadata": {}}}
{"timestamp": "2026-05-15T21:43:51.715895", "event": "context_built", "data": {"project": "上下文测试"}}
{"timestamp": "2026-05-16T02:46:14.930342", "event": "message_added", "data": {"project_id": "4be6eb64-66a4-41c8-a53e-911398e112e2", "conversation_id": "531bea00-7089-483c-b609-545af0d851c5", "message_id": "95b2e3a4-a3cf-4d3f-8cc8-b27dc26dd385", "role": "user", "content": "Hello, world!", "metadata": {}}}
{"timestamp": "2026-05-16T02:46:15.220409", "event": "message_added", "data": {"project_id": "2657f5eb-0782-41fe-bd1f-2328cdf3c3f9", "conversation_id": "f0809a13-f7dd-4ec9-911f-8e6536ac3374", "message_id": "a1ef448f-aa16-4745-b423-3199e654962f", "role": "user", "content": "Message 1", "metadata": {}}}
{"timestamp": "2026-05-16T02:46:15.222518", "event": "message_added", "data": {"project_id": "2657f5eb-0782-41fe-bd1f-2328cdf3c3f9", "conversation_id": "f0809a13-f7dd-4ec9-911f-8e6536ac3374", "message_id": "c97efbd3-4913-481f-9b2d-fd611a2f75b1", "role": "assistant", "content": "Response 1", "metadata": {}}}
{"timestamp": "2026-05-16T02:46:14.745337", "event": "message_added", "data": {"project_id": "066970d5-93cd-4d69-a1ca-dd77fabbbf4f", "conversation_id": "83eed8da-8dfd-4788-89e7-91c08eb23b89", "message_id": "865c4f41-695b-42a5-9027-359da61c33db", "role": "user", "content": "这是一个重要的消息，记住目标", "metadata": {}}}
{"timestamp": "2026-05-16T02:46:15.591426", "event": "message_added", "data": {"project_id": "9827a25d-7615-4566-9912-185bbda50534", "conversation_id": "8f345fb3-fad1-4309-bb5f-c0bda0c7fcb4", "message_id": "8a785913-b7da-49dc-bc21-ea126169c57a", "role": "user", "content": "Hello", "metadata": {}}}
{"timestamp": "2026-05-16T02:46:15.668831", "event": "context_built", "data": {"project": "上下文测试"}}
{"timestamp": "2026-05-16T02:48:24.783815", "event": "message_added", "data": {"project_id": "9065b3d5-9bd7-4f21-ac05-03c8bbe7859d", "conversation_id": "dffb51ea-8202-4e1d-ac4e-d84ea9ce08ed", "message_id": "9c7e14c3-20e6-42e6-8bb9-7e1c1297f1c0", "role": "user", "content": "Hello, world!", "metadata": {}}}
{"timestamp": "2026-05-16T02:48:25.045598", "event": "message_added", "data": {"project_id": "816e856e-03d2-4273-b1f9-175388b18ae3", "conversation_id": "db63ce1f-1397-41a4-8237-d254621cedb3", "message_id": "e0d0d846-c9a2-4604-a1d9-56e24c14e540", "role": "user", "content": "Message 1", "metadata": {}}}
{"timestamp": "2026-05-16T02:48:25.049933", "event": "message_added", "data": {"project_id": "816e856e-03d2-4273-b1f9-175388b18ae3", "conversation_id": "db63ce1f-1397-41a4-8237-d254621cedb3", "message_id": "a3d3ba13-3940-4d56-916a-fa0207a77b9e", "role": "assistant", "content": "Response 1", "metadata": {}}}
{"timestamp": "2026-05-16T02:48:25.386868", "event": "message_added", "data": {"project_id": "a58788a2-608c-4ca2-9543-98cff1458e8a", "conversation_id": "85139ffe-28c7-483f-ab61-b8b27f9487b8", "message_id": "79d56d60-6034-4f28-b039-2ccf50ac2de0", "role": "user", "content": "这是一个重要的消息，记住目标", "metadata": {}}}
{"timestamp": "2026-05-16T02:48:26.276440", "event": "message_added", "data": {"project_id": "6c5b2a14-ae24-42fa-b57e-4b8ea6058a38", "conversation_id": "dd961495-a133-4243-b828-890d9c56b2cb", "message_id": "7b74cc32-066a-4a44-a756-5b8abb61e02f", "role": "user", "content": "Hello", "metadata": {}}}
{"timestamp": "2026-05-16T02:48:26.362803", "event": "context_built", "data": {"project": "上下文测试"}}
{"timestamp": "2026-05-16T02:49:50.001761", "event": "message_added", "data": {"project_id": "b61b519e-36ee-438e-95e9-760da4396841", "conversation_id": "4ee36488-fe1c-45e7-847f-0e929c3f150c", "message_id": "dae17443-d5fe-4b1f-ba69-25a644a541cd", "role": "user", "content": "Hello, world!", "metadata": {}}}
{"timestamp": "2026-05-16T02:49:50.256752", "event": "message_added", "data": {"project_id": "eb9a6231-606c-4938-be76-e375f2f1b946", "conversation_id": "4d16bb3c-e004-4902-9a85-8d478362624f", "message_id": "d20f35cc-2e64-4372-b5ae-0648d6a4d753", "role": "user", "content": "Message 1", "metadata": {}}}
{"timestamp": "2026-05-16T02:49:50.259426", "event": "message_added", "data": {"project_id": "eb9a6231-606c-4938-be76-e375f2f1b946", "conversation_id": "4d16bb3c-e004-4902-9a85-8d478362624f", "message_id": "304e0a00-7b7c-4398-ba05-c67830711b5f", "role": "assistant", "content": "Response 1", "metadata": {}}}
{"timestamp": "2026-05-16T02:49:50.582355", "event": "message_added", "data": {"project_id": "f457bb8f-7b30-4b5b-8ab7-32865981f8f6", "conversation_id": "377d0965-9dd5-472a-93f7-5f70e1099f35", "message_id": "fc5db019-55d1-450b-8b93-36b124686c90", "role": "user", "content": "这是一个重要的消息，记住目标", "metadata": {}}}
{"timestamp": "2026-05-16T02:49:51.491991", "event": "message_added", "data": {"project_id": "675e8df0-9fa0-417f-9f65-456dbb37c187", "conversation_id": "ecd17ce2-2faa-4e9d-ac56-3419b9afff01", "message_id": "5cc1c00d-b4c1-4a86-ae06-97d4f573893e", "role": "user", "content": "Hello", "metadata": {}}}
{"timestamp": "2026-05-16T02:49:51.589948", "event": "context_built", "data": {"project": "上下文测试"}}
{"timestamp": "2026-05-16T08:31:07.717193", "event": "message_added", "data": {"project_id": "a4ed62e6-2836-4e81-b4b0-a8540ff72c11", "conversation_id": "6abe544e-35ef-411b-b6b6-d3bfb0116bac", "message_id": "f1d4606e-a158-40e5-8ac7-e7abe5176828", "role": "user", "content": "Hello, world!", "metadata": {}}}
{"timestamp": "2026-05-16T08:31:07.989706", "event": "message_added", "data": {"project_id": "dd3b1b61-b9a3-4c3d-89e8-ba4c906bb029", "conversation_id": "9cd51c5a-3af7-43f5-a6aa-6fbb176b5e32", "message_id": "5359f98d-bfb4-46f8-9702-f16b7215654f", "role": "user", "content": "Message 1", "metadata": {}}}
{"timestamp": "2026-05-16T08:31:07.991382", "event": "message_added", "data": {"project_id": "dd3b1b61-b9a3-4c3d-89e8-ba4c906bb029", "conversation_id": "9cd51c5a-3af7-43f5-a6aa-6fbb176b5e32", "message_id": "a33de228-563e-4cdc-b400-a5dcba204721", "role": "assistant", "content": "Response 1", "metadata": {}}}
{"timestamp": "2026-05-16T08:31:08.442329", "event": "message_added", "data": {"project_id": "a75de0f1-10ca-42b1-9000-c27e66f7638a", "conversation_id": "c8aa8bcb-465a-4982-9450-595d5c73d9fa", "message_id": "0f1eb4d6-d78a-445c-bb7d-3b55e0bad8ae", "role": "user", "content": "这是一个重要的消息，记住目标", "metadata": {}}}
{"timestamp": "2026-05-16T08:31:09.329816", "event": "message_added", "data": {"project_id": "3e8b829e-ae1d-4e38-b4e1-d77d0870a63d", "conversation_id": "2a747587-87c6-4c96-83a4-0c7987226ff2", "message_id": "fc518ba4-851f-41ab-977a-de98438d45a5", "role": "user", "content": "Hello", "metadata": {}}}
{"timestamp": "2026-05-16T08:31:09.409288", "event": "context_built", "data": {"project": "上下文测试"}}
{"timestamp": "2026-05-16T08:33:36.448134", "event": "message_added", "data": {"project_id": "0a4fcac0-1219-4c7d-a9f2-d67f9cf92189", "conversation_id": "1c5c670e-db01-48fe-bc42-4012c52e1a60", "message_id": "92e82513-6eec-47f7-8386-e290a6a2eed7", "role": "user", "content": "Hello, world!", "metadata": {}}}
{"timestamp": "2026-05-16T08:33:36.749505", "event": "message_added", "data": {"project_id": "4ed9aa15-6f54-44bb-a65c-ca89bccf61aa", "conversation_id": "fac38217-a5c1-4ea7-b026-6a52727e8900", "message_id": "4534f1c0-621f-49bf-8324-c296671352e3", "role": "user", "content": "Message 1", "metadata": {}}}
{"timestamp": "2026-05-16T08:33:36.752306", "event": "message_added", "data": {"project_id": "4ed9aa15-6f54-44bb-a65c-ca89bccf61aa", "conversation_id": "fac38217-a5c1-4ea7-b026-6a52727e8900", "message_id": "99fd8cb1-08c4-4311-91af-43f1dad624f4", "role": "assistant", "content": "Response 1", "metadata": {}}}
{"timestamp": "2026-05-16T08:33:37.098350", "event": "message_added", "data": {"project_id": "0a0a6e83-bb4e-47b2-bbe2-6110c9ce17b4", "conversation_id": "40e7e4fd-9862-455a-a301-67f7a92011a3", "message_id": "cd97c166-edc7-4013-a87f-275390f245b1", "role": "user", "content": "这是一个重要的消息，记住目标", "metadata": {}}}
{"timestamp": "2026-05-16T08:33:37.983041", "event": "message_added", "data": {"project_id": "c34e9504-3c89-42f4-865a-b8a196c7dd27", "conversation_id": "941d2fdc-79f3-4b9e-888f-6eb71ccb0957", "message_id": "65a7cead-9711-4344-8098-a4a7020be2f8", "role": "user", "content": "Hello", "metadata": {}}}
{"timestamp": "2026-05-16T08:33:38.066782", "event": "context_built", "data": {"project": "上下文测试"}}
{"timestamp": "2026-05-16T11:25:05.040679", "event": "message_added", "data": {"project_id": "08c92e43-45ae-423e-bb84-fe5d8c94869f", "conversation_id": "de4a4180-6070-4b80-8771-1d5695ceab0f", "message_id": "3054cf73-d928-4eee-8047-a133ca2ff2ce", "role": "user", "content": "Hello, world!", "metadata": {}}}
{"timestamp": "2026-05-16T11:25:05.314732", "event": "message_added", "data": {"project_id": "0fe80b59-de18-4615-ba53-3e0f96d8eb72", "conversation_id": "266571da-677a-4b4d-a106-486a534fadf6", "message_id": "78444d0b-535e-4527-afd9-98b024a70ee5", "role": "user", "content": "Message 1", "metadata": {}}}
{"timestamp": "2026-05-16T11:25:05.317744", "event": "message_added", "data": {"project_id": "0fe80b59-de18-4615-ba53-3e0f96d8eb72", "conversation_id": "266571da-677a-4b4d-a106-486a534fadf6", "message_id": "5ae632ee-d6a3-4b5b-8d8e-bd155a60ecbf", "role": "assistant", "content": "Response 1", "metadata": {}}}
{"timestamp": "2026-05-16T11:25:05.720018", "event": "message_added", "data": {"project_id": "9ea7383b-3801-4dc4-a774-92d00d1f15db", "conversation_id": "097b9535-0c51-4ef0-9f09-f702fa882547", "message_id": "4980800b-67f6-43f6-aa3a-040d345d18e5", "role": "user", "content": "这是一个重要的消息，记住目标", "metadata": {}}}
{"timestamp": "2026-05-16T11:25:06.783309", "event": "message_added", "data": {"project_id": "97f638b4-9fbe-48e9-b329-638ebc0031ac", "conversation_id": "bc5cb55f-819e-48a4-bd25-320574dac9a9", "message_id": "44dd72fc-3f15-483f-9092-e3fab86ffa5a", "role": "user", "content": "Hello", "metadata": {}}}
{"timestamp": "2026-05-16T11:25:06.876072", "event": "context_built", "data": {"project": "上下文测试"}}
{"timestamp": "2026-05-16T11:39:08.043959", "event": "message_added", "data": {"project_id": "7b904ef9-7319-4a4c-9a98-b92e7d599115", "conversation_id": "afd9a5f5-0f08-4334-98e6-dea1a30cf75b", "message_id": "a1822cd5-d14c-45bc-b809-56c6d73237bd", "role": "user", "content": "Hello, world!", "metadata": {}}}
{"timestamp": "2026-05-16T11:39:08.323488", "event": "message_added", "data": {"project_id": "5c04f1b1-5aae-4620-bdc8-69117ad89fc8", "conversation_id": "731e2d90-b51d-404e-9a3b-e2efc3bc6dc9", "message_id": "00ede255-aeb0-4ca3-9b63-4398f62bfd1d", "role": "user", "content": "Message 1", "metadata": {}}}
{"timestamp": "2026-05-16T11:39:08.325271", "event": "message_added", "data": {"project_id": "5c04f1b1-5aae-4620-bdc8-69117ad89fc8", "conversation_id": "731e2d90-b51d-404e-9a3b-e2efc3bc6dc9", "message_id": "4479a195-0e57-4526-9ea1-cc6226b508cb", "role": "assistant", "content": "Response 1", "metadata": {}}}
{"timestamp": "2026-05-16T11:39:08.659905", "event": "message_added", "data": {"project_id": "17847aa2-9922-4cc3-98f0-d909d19783fd", "conversation_id": "7a9034ed-530b-405d-86af-553b8d29c5ff", "message_id": "e5c40dc3-5050-43f9-9fd9-f587c2ecd848", "role": "user", "content": "这是一个重要的消息，记住目标", "metadata": {}}}
{"timestamp": "2026-05-16T11:39:09.528558", "event": "message_added", "data": {"project_id": "49be3788-bb09-41bc-8980-fdb302528f6b", "conversation_id": "435a8c2e-aa08-48cc-b912-34f05ae5aed6", "message_id": "192e8536-55bc-404a-a121-e637999de0ad", "role": "user", "content": "Hello", "metadata": {}}}
{"timestamp": "2026-05-16T11:39:09.604032", "event": "context_built", "data": {"project": "上下文测试"}}
{"timestamp": "2026-05-16T11:45:34.339626", "event": "message_added", "data": {"project_id": "cfe958d4-342d-4662-bef1-37a22e9d009b", "conversation_id": "1502dc08-93d8-441d-b473-c2d7a2632a39", "message_id": "6f6a0fd6-31e1-4ba7-8609-5e84d29306a5", "role": "user", "content": "Hello, world!", "metadata": {}}}
{"timestamp": "2026-05-16T11:45:34.610870", "event": "message_added", "data": {"project_id": "bbedf8d5-83fe-424d-ad07-069e61370008", "conversation_id": "d1b0dfd0-8adb-4e0a-bc4e-0da13944ad62", "message_id": "4c11bf23-ea7a-40ff-9840-d395f9e26fc6", "role": "user", "content": "Message 1", "metadata": {}}}
{"timestamp": "2026-05-16T11:45:34.619274", "event": "message_added", "data": {"project_id": "bbedf8d5-83fe-424d-ad07-069e61370008", "conversation_id": "d1b0dfd0-8adb-4e0a-bc4e-0da13944ad62", "message_id": "2ab02b0a-09fa-490d-a402-743879232c33", "role": "assistant", "content": "Response 1", "metadata": {}}}
{"timestamp": "2026-05-16T11:45:34.971922", "event": "message_added", "data": {"project_id": "65d15610-3d94-4fa6-9665-57f99f75df50", "conversation_id": "6973b780-d8ef-469f-88e7-42877d245979", "message_id": "7fe09ef1-0e70-4c09-be2c-12649db69dba", "role": "user", "content": "这是一个重要的消息，记住目标", "metadata": {}}}
{"timestamp": "2026-05-16T11:45:35.918367", "event": "message_added", "data": {"project_id": "3f39d06f-24ff-4797-81c5-f501c2d69765", "conversation_id": "15b1ae63-4dee-404a-9138-629919f34dd9", "message_id": "a6497e2b-259b-4044-a05d-04c729772334", "role": "user", "content": "Hello", "metadata": {}}}
{"timestamp": "2026-05-16T11:45:35.998950", "event": "context_built", "data": {"project": "上下文测试"}}
{"timestamp": "2026-05-16T11:52:43.476560", "event": "message_added", "data": {"project_id": "84457361-85bf-463c-84af-0866c71c0a4f", "conversation_id": "d78ac52e-cc36-4f45-b371-e6184962b464", "message_id": "1ffb0860-70ea-4da6-9a03-3d33471be148", "role": "user", "content": "Hello, world!", "metadata": {}}}
{"timestamp": "2026-05-16T11:52:43.771083", "event": "message_added", "data": {"project_id": "4fcf1c9d-4776-44fe-a716-766cd35c552b", "conversation_id": "2a1969d6-7506-4608-b7ff-40e79be9415a", "message_id": "4d7d1b13-7e12-4903-9532-a9f6eed7e559", "role": "user", "content": "Message 1", "metadata": {}}}
{"timestamp": "2026-05-16T11:52:43.779870", "event": "message_added", "data": {"project_id": "4fcf1c9d-4776-44fe-a716-766cd35c552b", "conversation_id": "2a1969d6-7506-4608-b7ff-40e79be9415a", "message_id": "1ac2f295-e07e-47a5-93d7-ccce25fc6966", "role": "assistant", "content": "Response 1", "metadata": {}}}
{"timestamp": "2026-05-16T11:52:44.135360", "event": "message_added", "data": {"project_id": "4d4ef53d-f34e-4b57-be81-1de410e9c86e", "conversation_id": "f9c0c02e-326f-4182-b878-a2d4952d2a5b", "message_id": "625906d3-db8a-49c9-882f-d73de85da53d", "role": "user", "content": "这是一个重要的消息，记住目标", "metadata": {}}}
{"timestamp": "2026-05-16T11:52:45.081847", "event": "message_added", "data": {"project_id": "4cbf7148-418f-40af-b0d0-5ff1e1db0c6c", "conversation_id": "28f65093-1ddb-4745-b416-ab638b89e733", "message_id": "c6e5c0ca-5be3-4baf-a5bc-047b213a616f", "role": "user", "content": "Hello", "metadata": {}}}
{"timestamp": "2026-05-16T11:52:45.174589", "event": "context_built", "data": {"project": "上下文测试"}}
{"timestamp": "2026-05-16T11:58:06.891656", "event": "message_added", "data": {"project_id": "de38e62b-3861-4568-995b-705249592e76", "conversation_id": "2f50b263-c8d1-4b3f-9fe3-b8daefe6971e", "message_id": "ab3b1a9f-7367-4504-8387-f622ff7f98de", "role": "user", "content": "Hello, world!", "metadata": {}}}
{"timestamp": "2026-05-16T11:58:07.196123", "event": "message_added", "data": {"project_id": "1f1deb6f-06e6-4314-8995-32fb72cfc41e", "conversation_id": "33131c67-77e3-4cd3-9c35-90aadd3dde7e", "message_id": "36c000e9-bcca-43ff-9296-14ecaed829bc", "role": "user", "content": "Message 1", "metadata": {}}}
{"timestamp": "2026-05-16T11:58:07.200542", "event": "message_added", "data": {"project_id": "1f1deb6f-06e6-4314-8995-32fb72cfc41e", "conversation_id": "33131c67-77e3-4cd3-9c35-90aadd3dde7e", "message_id": "a1c04b1e-042e-4aea-90ed-e12b514e57b6", "role": "assistant", "content": "Response 1", "metadata": {}}}
{"timestamp": "2026-05-16T11:58:07.568693", "event": "message_added", "data": {"project_id": "beddfa0a-2c94-47bf-8806-2eb09f30a7c0", "conversation_id": "d3498c53-66a7-4a6c-8956-14907da8c4e7", "message_id": "53783181-ddf0-4304-a873-08a571b30e37", "role": "user", "content": "这是一个重要的消息，记住目标", "metadata": {}}}
{"timestamp": "2026-05-16T11:58:08.597359", "event": "message_added", "data": {"project_id": "f3a6d01e-7cad-41f6-880d-136e0c4033f3", "conversation_id": "ae5c8d9b-8d58-435a-bb9a-ee8e827d5ce2", "message_id": "7e4f2ced-9398-410e-97dd-8042e57c9863", "role": "user", "content": "Hello", "metadata": {}}}
{"timestamp": "2026-05-16T11:58:08.702309", "event": "context_built", "data": {"project": "上下文测试"}}
{"timestamp": "2026-05-16T11:58:50.694345", "event": "message_added", "data": {"project_id": "6abb7607-b08d-4430-9d5f-9931ccd22cd8", "conversation_id": "f5613e9e-730a-4897-a493-e71202569cac", "message_id": "64618d38-3bfa-410b-862e-9fac6e1a257b", "role": "user", "content": "Hello, world!", "metadata": {}}}
{"timestamp": "2026-05-16T11:58:50.982698", "event": "message_added", "data": {"project_id": "88212335-0ba1-4a81-92d9-f2eabf033a66", "conversation_id": "a5719de0-b9b3-4587-9090-2c2307075fec", "message_id": "7616bb59-c958-43df-82bb-96dd9cd24db8", "role": "user", "content": "Message 1", "metadata": {}}}
{"timestamp": "2026-05-16T11:58:50.988617", "event": "message_added", "data": {"project_id": "88212335-0ba1-4a81-92d9-f2eabf033a66", "conversation_id": "a5719de0-b9b3-4587-9090-2c2307075fec", "message_id": "fb0a5d97-19e9-46a4-9e3c-a564e02aabfa", "role": "assistant", "content": "Response 1", "metadata": {}}}
{"timestamp": "2026-05-16T11:58:51.377805", "event": "message_added", "data": {"project_id": "d51343fe-6926-4d4d-89f7-b1371a52e067", "conversation_id": "354dbb81-8352-48f5-83b2-28ff3dc88d69", "message_id": "4cedf3b8-085f-4335-8508-16158089119b", "role": "user", "content": "这是一个重要的消息，记住目标", "metadata": {}}}
{"timestamp": "2026-05-16T11:58:49.597201", "event": "message_added", "data": {"project_id": "84610136-4452-428c-8e95-f1dd6c9c5efe", "conversation_id": "80cd4eb3-b17d-4648-b1f7-afafe7456b7d", "message_id": "6fde3122-fade-440f-baf5-23382e9b451c", "role": "user", "content": "Hello", "metadata": {}}}
{"timestamp": "2026-05-16T11:58:49.690657", "event": "context_built", "data": {"project": "上下文测试"}}
{"timestamp": "2026-05-16T12:30:48.722427", "event": "message_added", "data": {"project_id": "8b13a0ce-bb7d-44b5-a3c8-5197a3d89038", "conversation_id": "d9e4fa3c-4507-4383-8ed0-957e606dbc77", "message_id": "71d7a1ac-eac4-4418-b0b6-6a9fd56ee501", "role": "user", "content": "Hello, world!", "metadata": {}}}
{"timestamp": "2026-05-16T12:30:48.999730", "event": "message_added", "data": {"project_id": "6fb625c5-5be3-4f8a-a70d-e00d8d3e8c69", "conversation_id": "a4e2dcc6-9572-4ea2-ac23-68c8ca31be3c", "message_id": "f2fe505b-9b09-42f9-8383-e9948e99a397", "role": "user", "content": "Message 1", "metadata": {}}}
{"timestamp": "2026-05-16T12:30:49.002041", "event": "message_added", "data": {"project_id": "6fb625c5-5be3-4f8a-a70d-e00d8d3e8c69", "conversation_id": "a4e2dcc6-9572-4ea2-ac23-68c8ca31be3c", "message_id": "a89a63bf-fb8a-448f-84de-82c1e1d88168", "role": "assistant", "content": "Response 1", "metadata": {}}}
{"timestamp": "2026-05-16T12:30:49.386253", "event": "message_added", "data": {"project_id": "ae75d53c-e837-459e-a478-93fb337e98c5", "conversation_id": "b01747fc-857d-4cbc-9a91-ac0944629f45", "message_id": "49eb183d-7fde-4388-86b7-f3417e0d3e55", "role": "user", "content": "这是一个重要的消息，记住目标", "metadata": {}}}
{"timestamp": "2026-05-16T12:30:50.380358", "event": "message_added", "data": {"project_id": "52a7edbe-4fd1-4614-9be1-0fe6bdda1328", "conversation_id": "33cdd2a5-25a0-441b-93de-4044313a8f44", "message_id": "6161281f-b724-4910-8f5b-f99487e60aea", "role": "user", "content": "Hello", "metadata": {}}}
{"timestamp": "2026-05-16T12:30:50.470053", "event": "context_built", "data": {"project": "上下文测试"}}
{"timestamp": "2026-05-16T12:57:13.361598", "event": "message_added", "data": {"project_id": "0d368016-45c4-49da-8a3c-cfd27261feba", "conversation_id": "aaff01d9-3e7e-42f2-853f-cc6f6408d5c9", "message_id": "e9617d88-8b60-451a-a39b-481c3b937487", "role": "user", "content": "Hello, world!", "metadata": {}}}
{"timestamp": "2026-05-16T12:57:13.664152", "event": "message_added", "data": {"project_id": "b4418ee2-7f34-4469-93ae-887d99082630", "conversation_id": "5cbb4116-94ff-42d6-b83e-f8e79e865ba6", "message_id": "77556525-0f59-46a4-b385-a2e68c6275dd", "role": "user", "content": "Message 1", "metadata": {}}}
{"timestamp": "2026-05-16T12:57:13.669534", "event": "message_added", "data": {"project_id": "b4418ee2-7f34-4469-93ae-887d99082630", "conversation_id": "5cbb4116-94ff-42d6-b83e-f8e79e865ba6", "message_id": "ff6a735f-5245-4bad-b9b3-827a15848807", "role": "assistant", "content": "Response 1", "metadata": {}}}
{"timestamp": "2026-05-16T12:57:13.991868", "event": "message_added", "data": {"project_id": "f874fcaa-5d60-456d-8e6e-6f02e0717174", "conversation_id": "e6a11b41-e0ae-40f4-8b44-c7b03f110264", "message_id": "e5a27386-1c95-4d58-9ee8-bada97f44f62", "role": "user", "content": "这是一个重要的消息，记住目标", "metadata": {}}}
{"timestamp": "2026-05-16T12:57:14.944525", "event": "message_added", "data": {"project_id": "698cce0f-ccfd-4d91-b67e-61674ce992d1", "conversation_id": "be667239-d03c-4f41-9c90-1f95a464f8b7", "message_id": "d05fd98d-d871-4b2c-bd9b-e58678420fc3", "role": "user", "content": "Hello", "metadata": {}}}
{"timestamp": "2026-05-16T12:57:15.039545", "event": "context_built", "data": {"project": "上下文测试"}}
{"timestamp": "2026-05-16T14:01:16.633633", "event": "message_added", "data": {"project_id": "812635be-1927-481f-9768-7a997f3d838f", "conversation_id": "703f1e2c-5d58-466b-9b17-1ce593cea59c", "message_id": "3cc706a8-6a6c-47a8-abbf-9895490bce9b", "role": "user", "content": "Hello, world!", "metadata": {}}}
{"timestamp": "2026-05-16T14:01:16.895399", "event": "message_added", "data": {"project_id": "741c99ed-dba6-41d3-8a27-6a5a50049a9d", "conversation_id": "d140541b-215b-4bf3-aeb7-0324c150d3f5", "message_id": "c68f4d20-2c6a-49ac-8fb0-366cdb4d2982", "role": "user", "content": "Message 1", "metadata": {}}}
{"timestamp": "2026-05-16T14:01:16.899055", "event": "message_added", "data": {"project_id": "741c99ed-dba6-41d3-8a27-6a5a50049a9d", "conversation_id": "d140541b-215b-4bf3-aeb7-0324c150d3f5", "message_id": "862c31ae-d451-47ea-8b96-f6d113ab5b27", "role": "assistant", "content": "Response 1", "metadata": {}}}
{"timestamp": "2026-05-16T14:01:17.304593", "event": "message_added", "data": {"project_id": "66daf544-6b7d-4640-9112-ef81b6d6d774", "conversation_id": "1daebbdd-264f-4b97-887b-f2bd38af8f2b", "message_id": "a73534a4-d64f-485b-b023-c771d8d3f863", "role": "user", "content": "这是一个重要的消息，记住目标", "metadata": {}}}
{"timestamp": "2026-05-16T14:01:18.259709", "event": "message_added", "data": {"project_id": "ad6e4ccb-fec0-4e3a-95d4-1ac83b5ac7b2", "conversation_id": "7ec94729-5232-4300-8ec9-68776cd8aa85", "message_id": "9ed78e0e-bfbb-4686-ab5e-4dcf3b4aea2b", "role": "user", "content": "Hello", "metadata": {}}}
{"timestamp": "2026-05-16T14:01:18.344849", "event": "context_built", "data": {"project": "上下文测试"}}
{"timestamp": "2026-05-16T14:15:24.579199", "event": "message_added", "data": {"project_id": "81f16be1-2e22-49e3-98a7-d9570f22a80f", "conversation_id": "e1cbf810-22b0-4740-b751-79cd7c9ffacd", "message_id": "98630c9e-0e56-430c-b167-96a29a484b02", "role": "user", "content": "Hello, world!", "metadata": {}}}
{"timestamp": "2026-05-16T14:15:24.882152", "event": "message_added", "data": {"project_id": "2fca5f45-eae3-4657-84f5-9274484c8d16", "conversation_id": "7d6940d9-426a-4e75-890b-104126f2fd6b", "message_id": "e92c051f-e473-4ed2-8842-2c8e3ca31e18", "role": "user", "content": "Message 1", "metadata": {}}}
{"timestamp": "2026-05-16T14:15:24.886457", "event": "message_added", "data": {"project_id": "2fca5f45-eae3-4657-84f5-9274484c8d16", "conversation_id": "7d6940d9-426a-4e75-890b-104126f2fd6b", "message_id": "ca72147e-b936-46f2-8622-1b992c8faeda", "role": "assistant", "content": "Response 1", "metadata": {}}}
{"timestamp": "2026-05-16T14:15:25.264045", "event": "message_added", "data": {"project_id": "903f78fb-2e42-43d2-829e-53a5ed1af4c1", "conversation_id": "5481dc99-6462-49d9-a86c-e522e6c1d862", "message_id": "18117fab-f66b-4bde-9d5c-e4bdb6b7df14", "role": "user", "content": "这是一个重要的消息，记住目标", "metadata": {}}}
{"timestamp": "2026-05-16T14:15:26.268222", "event": "message_added", "data": {"project_id": "d8d986c2-51e1-4841-be69-f29b4d6d7bd9", "conversation_id": "cbd54dbd-5aa5-49b8-b107-ad9d0e3983d7", "message_id": "b51a7794-4ea5-409d-9f0f-17e4e7c7950d", "role": "user", "content": "Hello", "metadata": {}}}
{"timestamp": "2026-05-16T14:15:26.367777", "event": "context_built", "data": {"project": "上下文测试"}}
{"timestamp": "2026-05-16T14:37:02.863294", "event": "message_added", "data": {"project_id": "075968b7-b42f-4e1e-853d-99c3cf263849", "conversation_id": "38ac94c6-df60-4cb6-a3ad-d208d1a5108d", "message_id": "9aae1c4e-0c52-4908-a271-adcf047feb67", "role": "user", "content": "Hello, world!", "metadata": {}}}
{"timestamp": "2026-05-16T14:37:03.167515", "event": "message_added", "data": {"project_id": "1a373f35-aa77-4c76-9827-3f0424841d14", "conversation_id": "8ff80daa-948a-42c1-969a-86db6036a16c", "message_id": "fc1a2c67-cd4f-4127-9adc-084b9e32dc8e", "role": "user", "content": "Message 1", "metadata": {}}}
{"timestamp": "2026-05-16T14:37:03.171548", "event": "message_added", "data": {"project_id": "1a373f35-aa77-4c76-9827-3f0424841d14", "conversation_id": "8ff80daa-948a-42c1-969a-86db6036a16c", "message_id": "48bd57e9-0210-4ddc-83e0-535afc861ce6", "role": "assistant", "content": "Response 1", "metadata": {}}}
{"timestamp": "2026-05-16T14:37:03.553132", "event": "message_added", "data": {"project_id": "4001b4e8-32f3-47bd-befb-6483ceae3470", "conversation_id": "c4d9d1c1-a17d-48fd-83e9-d7f2b5c1a4a9", "message_id": "29555a22-6625-401e-971e-a981285d78ca", "role": "user", "content": "这是一个重要的消息，记住目标", "metadata": {}}}
{"timestamp": "2026-05-16T14:37:04.553099", "event": "message_added", "data": {"project_id": "4b4baf36-f3f5-4ec1-aee8-6342d2f0559c", "conversation_id": "0fe21281-d198-4d8e-a646-7381496d42e2", "message_id": "d88ccc34-7cc6-4e9e-bd5a-0e130c197877", "role": "user", "content": "Hello", "metadata": {}}}
{"timestamp": "2026-05-16T14:37:04.659214", "event": "context_built", "data": {"project": "上下文测试"}}
{"timestamp": "2026-05-16T15:32:20.130489", "event": "message_added", "data": {"project_id": "7a471d55-acad-4252-baab-566c8282e36a", "conversation_id": "21eb632b-b2fc-480e-9057-37ce1da3637f", "message_id": "0dbcabef-0772-4d8c-a374-b7f208b9104a", "role": "user", "content": "Hello, world!", "metadata": {}}}
{"timestamp": "2026-05-16T15:32:20.425543", "event": "message_added", "data": {"project_id": "2942f948-79bb-4ccc-9fdd-5949013a5ae8", "conversation_id": "fabe1d52-8138-4099-ac5b-209690b8e591", "message_id": "3a5c408f-819e-48e3-89ba-a4eb79d00ecd", "role": "user", "content": "Message 1", "metadata": {}}}
{"timestamp": "2026-05-16T15:32:20.426953", "event": "message_added", "data": {"project_id": "2942f948-79bb-4ccc-9fdd-5949013a5ae8", "conversation_id": "fabe1d52-8138-4099-ac5b-209690b8e591", "message_id": "26fcdb09-6cab-4592-b941-9709f6f92142", "role": "assistant", "content": "Response 1", "metadata": {}}}
{"timestamp": "2026-05-16T15:32:20.880148", "event": "message_added", "data": {"project_id": "5ee6a606-c69e-47ce-bbee-c0d056a4749c", "conversation_id": "dd5961b1-50ff-483e-8e36-023bf6a2fa17", "message_id": "ca65a0fe-9821-442f-8c7d-f4687b5309d1", "role": "user", "content": "这是一个重要的消息，记住目标", "metadata": {}}}
{"timestamp": "2026-05-16T15:32:21.872609", "event": "message_added", "data": {"project_id": "f177ff5f-5d5a-4f87-b146-37af5626afa3", "conversation_id": "c08e1dd8-1795-46a0-91c0-d4e5835ddcb0", "message_id": "7074f721-8e75-421c-bf6f-5a515c9965ef", "role": "user", "content": "Hello", "metadata": {}}}
{"timestamp": "2026-05-16T15:32:21.983554", "event": "context_built", "data": {"project": "上下文测试"}}
{"timestamp": "2026-05-16T23:31:53.582003", "event": "message_added", "data": {"project_id": "4db7e66d-5e2a-4ebb-a865-1b81ae2b02d3", "conversation_id": "54c10a7e-63fd-4992-a5a1-053626c7b7ac", "message_id": "1d784919-843f-478e-88dc-657d6a77f7ff", "role": "user", "content": "Hello, world!", "metadata": {}}}
{"timestamp": "2026-05-16T23:31:53.887633", "event": "message_added", "data": {"project_id": "b2b66157-fbe4-4df2-89c0-7278b91056a9", "conversation_id": "31e6ad5c-8a86-47c2-90f4-0399df0fb2c0", "message_id": "2ca0eada-6bb9-4385-ae33-fc77790e62fe", "role": "user", "content": "Message 1", "metadata": {}}}
{"timestamp": "2026-05-16T23:31:53.891901", "event": "message_added", "data": {"project_id": "b2b66157-fbe4-4df2-89c0-7278b91056a9", "conversation_id": "31e6ad5c-8a86-47c2-90f4-0399df0fb2c0", "message_id": "eb0eca14-ffe9-4c95-8997-be7af0ddf0ce", "role": "assistant", "content": "Response 1", "metadata": {}}}
{"timestamp": "2026-05-16T23:31:54.263131", "event": "message_added", "data": {"project_id": "00008117-2552-40da-8191-3ef3589d7eaa", "conversation_id": "322dc885-88a6-426d-b769-6f7aec0c1fe0", "message_id": "c8a2f107-188f-4416-a416-0c51e341170f", "role": "user", "content": "这是一个重要的消息，记住目标", "metadata": {}}}
{"timestamp": "2026-05-16T23:31:55.291344", "event": "message_added", "data": {"project_id": "4fd8c975-f246-44be-8ed4-61174abab123", "conversation_id": "41740690-88a2-4669-8e04-6b6ff2cd6b27", "message_id": "daf1c7dd-546a-4065-8a07-c26d5c4a415f", "role": "user", "content": "Hello", "metadata": {}}}
{"timestamp": "2026-05-16T23:31:55.414026", "event": "context_built", "data": {"project": "上下文测试"}}
{"timestamp": "2026-05-16T23:39:00.970446", "event": "message_added", "data": {"project_id": "689db45d-2de5-4161-a643-92ee28d7a9d8", "conversation_id": "ba044362-a470-451f-8ac6-5a47439c5bd3", "message_id": "01db466e-966b-4d21-b71c-3a81328ec56d", "role": "user", "content": "Hello, world!", "metadata": {}}}
{"timestamp": "2026-05-16T23:39:01.277841", "event": "message_added", "data": {"project_id": "67623d8a-a441-484e-85f0-0aec6839c3d4", "conversation_id": "127f8153-3d35-4cfe-9898-f4cf133ccd32", "message_id": "d1803a5b-2837-444d-9116-24a5693e229a", "role": "user", "content": "Message 1", "metadata": {}}}
{"timestamp": "2026-05-16T23:39:01.280878", "event": "message_added", "data": {"project_id": "67623d8a-a441-484e-85f0-0aec6839c3d4", "conversation_id": "127f8153-3d35-4cfe-9898-f4cf133ccd32", "message_id": "192d7d74-1df1-4b6b-8651-e1553aea0423", "role": "assistant", "content": "Response 1", "metadata": {}}}
{"timestamp": "2026-05-16T23:39:01.641851", "event": "message_added", "data": {"project_id": "9e7e39d4-b946-4e3b-93ab-3eecbe2597ed", "conversation_id": "fb7b9f1b-be43-4b9e-be47-077d40c7718c", "message_id": "52b3f0ca-8546-4da3-837e-9f064240d1fc", "role": "user", "content": "这是一个重要的消息，记住目标", "metadata": {}}}
{"timestamp": "2026-05-16T23:39:02.671144", "event": "message_added", "data": {"project_id": "b516a92a-5eaf-4de8-97e3-68eb9dbcf931", "conversation_id": "ad919aab-a3dc-431c-ab85-07b04256f4f5", "message_id": "f3e55108-fa22-4868-8c9a-a167e28a2985", "role": "user", "content": "Hello", "metadata": {}}}
{"timestamp": "2026-05-16T23:39:02.767591", "event": "context_built", "data": {"project": "上下文测试"}}
{"timestamp": "2026-05-16T23:44:39.780397", "event": "message_added", "data": {"project_id": "3b48d59a-4601-4766-b8c0-aa4686c761fb", "conversation_id": "77744d63-2885-4551-aacc-6f3b002d0b13", "message_id": "c984300b-e843-4966-8121-72622b6ad40c", "role": "user", "content": "Hello, world!", "metadata": {}}}
{"timestamp": "2026-05-16T23:44:40.075153", "event": "message_added", "data": {"project_id": "54a24b9c-da03-4ab2-b6a3-b87642f5488a", "conversation_id": "5a788d2d-91b5-454e-9355-5600aec5a94b", "message_id": "0fd299e2-9343-4b0c-b6e4-9f7163bfd1df", "role": "user", "content": "Message 1", "metadata": {}}}
{"timestamp": "2026-05-16T23:44:40.076596", "event": "message_added", "data": {"project_id": "54a24b9c-da03-4ab2-b6a3-b87642f5488a", "conversation_id": "5a788d2d-91b5-454e-9355-5600aec5a94b", "message_id": "8adc042e-4db9-450c-b231-acbfb9293f2b", "role": "assistant", "content": "Response 1", "metadata": {}}}
{"timestamp": "2026-05-16T23:44:37.890149", "event": "message_added", "data": {"project_id": "2cd0c901-a4ae-4723-8767-3b0251c3cebe", "conversation_id": "66f3b769-09b2-43cb-8d4f-d9215691364d", "message_id": "a01c66b9-86b1-4cac-ba43-3c1d01113ca1", "role": "user", "content": "这是一个重要的消息，记住目标", "metadata": {}}}
{"timestamp": "2026-05-16T23:44:38.915290", "event": "message_added", "data": {"project_id": "bc3abb71-91c5-4995-90ea-5afef0ae2d2a", "conversation_id": "3f39ba15-c91f-4fa9-b91b-730801c75cff", "message_id": "1ff5dccb-82f3-4df1-b424-10ae5165b683", "role": "user", "content": "Hello", "metadata": {}}}
{"timestamp": "2026-05-16T23:44:39.012449", "event": "context_built", "data": {"project": "上下文测试"}}
{"timestamp": "2026-05-17T12:01:43.431531", "event": "message_added", "data": {"project_id": "7a7216b9-c43f-4c82-9f3c-3c76a9c0e6cf", "conversation_id": "e3dd1652-2291-4b57-955c-c9421e3e3d70", "message_id": "6ddda1ec-1ed2-4b64-8b9c-aba9d850f5fe", "role": "user", "content": "Hello, world!", "metadata": {}}}
{"timestamp": "2026-05-17T12:01:43.781167", "event": "message_added", "data": {"project_id": "e26b7f06-a4fd-41bf-bdb6-77318d34232d", "conversation_id": "ae26d8ee-af2d-4af9-8dcd-dcb80c9cb350", "message_id": "aa8ec042-33cb-4582-bc30-496f4013f14e", "role": "user", "content": "Message 1", "metadata": {}}}
{"timestamp": "2026-05-17T12:01:43.784653", "event": "message_added", "data": {"project_id": "e26b7f06-a4fd-41bf-bdb6-77318d34232d", "conversation_id": "ae26d8ee-af2d-4af9-8dcd-dcb80c9cb350", "message_id": "1e52fadd-34f3-4620-8d73-a07a83926ffd", "role": "assistant", "content": "Response 1", "metadata": {}}}
{"timestamp": "2026-05-17T12:01:44.580801", "event": "message_added", "data": {"project_id": "9c73fa1e-d928-4f74-bb30-7e29d5d44664", "conversation_id": "6d07b580-8707-434d-8491-7bb00b6ac1d6", "message_id": "a28b92fb-ecc8-4946-a8d6-de34044a560b", "role": "user", "content": "这是一个重要的消息，记住目标", "metadata": {}}}
{"timestamp": "2026-05-17T12:01:45.688817", "event": "message_added", "data": {"project_id": "933e963d-9663-47d6-be4c-51ff22c9de29", "conversation_id": "a5a9032b-d089-4e51-893c-98ee08f77f32", "message_id": "7c7d20fe-d713-489c-8f40-72b0ad61a420", "role": "user", "content": "Hello", "metadata": {}}}
{"timestamp": "2026-05-17T12:01:45.812134", "event": "context_built", "data": {"project": "上下文测试"}}
{"timestamp": "2026-05-17T12:25:35.842918", "event": "message_added", "data": {"project_id": "1e46fa2c-e115-4b82-b731-819baa07f9db", "conversation_id": "3fb3b6b9-43d5-4193-b064-85f2485d1eed", "message_id": "19374efd-1e0d-4e61-8f5f-f81c4450a71f", "role": "user", "content": "Hello, world!", "metadata": {}}}
{"timestamp": "2026-05-17T12:25:36.149919", "event": "message_added", "data": {"project_id": "f86cd540-4f82-4e1e-8b80-d8c97833f0eb", "conversation_id": "743479a4-dd43-4e7c-9634-c1f18cb70cfd", "message_id": "c19e4684-df47-41e0-a373-7fa8a8b47503", "role": "user", "content": "Message 1", "metadata": {}}}
{"timestamp": "2026-05-17T12:25:36.152505", "event": "message_added", "data": {"project_id": "f86cd540-4f82-4e1e-8b80-d8c97833f0eb", "conversation_id": "743479a4-dd43-4e7c-9634-c1f18cb70cfd", "message_id": "36ae327c-7b0d-4503-9fda-df42d84caced", "role": "assistant", "content": "Response 1", "metadata": {}}}
{"timestamp": "2026-05-17T12:25:36.538228", "event": "message_added", "data": {"project_id": "289cff82-9829-4177-99a0-dc06f5f6f4b8", "conversation_id": "a90a59ae-3f8b-421d-aa1c-164479338dc9", "message_id": "45acd0c1-c52a-4222-a32b-94a241338a22", "role": "user", "content": "这是一个重要的消息，记住目标", "metadata": {}}}
{"timestamp": "2026-05-17T12:25:37.565724", "event": "message_added", "data": {"project_id": "9347aaa7-af2b-4712-b603-5ef7d2fd73d4", "conversation_id": "3c7094e6-bc2b-4e0e-b29b-9fd55613fe9b", "message_id": "ae2fa6c4-d20e-4b07-a480-919f55bf9a37", "role": "user", "content": "Hello", "metadata": {}}}
{"timestamp": "2026-05-17T12:25:37.664994", "event": "context_built", "data": {"project": "上下文测试"}}
{"timestamp": "2026-05-17T12:39:23.702914", "event": "message_added", "data": {"project_id": "36c146e1-0d89-4cba-8c34-08e836cf9cf5", "conversation_id": "bbe6d4b7-3ea9-4d5a-b311-da5bf02d478e", "message_id": "5f1b7fac-c2d6-413c-a1aa-5676211f61cc", "role": "user", "content": "Hello, world!", "metadata": {}}}
{"timestamp": "2026-05-17T12:39:24.001382", "event": "message_added", "data": {"project_id": "54cffc63-c79a-46b1-95b3-7366210c5dd6", "conversation_id": "5c860771-ed98-403e-8b6c-043c79af8d67", "message_id": "dc670a63-68f0-40d7-80f9-262e978fe323", "role": "user", "content": "Message 1", "metadata": {}}}
{"timestamp": "2026-05-17T12:39:24.003630", "event": "message_added", "data": {"project_id": "54cffc63-c79a-46b1-95b3-7366210c5dd6", "conversation_id": "5c860771-ed98-403e-8b6c-043c79af8d67", "message_id": "c5be1036-e298-42fc-876d-640f8f736507", "role": "assistant", "content": "Response 1", "metadata": {}}}
{"timestamp": "2026-05-17T12:39:24.486163", "event": "message_added", "data": {"project_id": "77f8725f-2cf9-4b9c-a8ea-a3ab1c2eb381", "conversation_id": "3222e3de-3c0f-4bc1-8202-2f7e6b02c60e", "message_id": "32d4a928-94bf-4958-af23-397e001ae084", "role": "user", "content": "这是一个重要的消息，记住目标", "metadata": {}}}
{"timestamp": "2026-05-17T12:39:25.445105", "event": "message_added", "data": {"project_id": "5eda3396-54cc-4a3a-b5e6-a2fc2dd41331", "conversation_id": "a2f2fb78-1fc5-4b32-ad20-4f8657557199", "message_id": "1f5086f2-e983-49d1-a52d-3a32bef29a4a", "role": "user", "content": "Hello", "metadata": {}}}
{"timestamp": "2026-05-17T12:39:25.557352", "event": "context_built", "data": {"project": "上下文测试"}}
{"timestamp": "2026-05-17T16:08:53.970451", "event": "message_added", "data": {"project_id": "26788c80-e359-4da8-9029-4085c943ef6e", "conversation_id": "c0b02760-3b93-43a4-8aa8-907caef1ffbb", "message_id": "43916fdd-e501-49fc-9dc5-763905503f9d", "role": "user", "content": "Hello, world!", "metadata": {}}}
{"timestamp": "2026-05-17T16:08:54.271792", "event": "message_added", "data": {"project_id": "21153a3f-ef7d-4eb3-8b50-d5dd29c9c68b", "conversation_id": "5eebc6b0-e2a8-47eb-9203-78b5b4804f4c", "message_id": "c8d5a14e-695f-4d80-bb31-f20cb5a18354", "role": "user", "content": "Message 1", "metadata": {}}}
{"timestamp": "2026-05-17T16:08:54.275058", "event": "message_added", "data": {"project_id": "21153a3f-ef7d-4eb3-8b50-d5dd29c9c68b", "conversation_id": "5eebc6b0-e2a8-47eb-9203-78b5b4804f4c", "message_id": "e1218e10-06f1-4bf0-a914-262ef8f4b36c", "role": "assistant", "content": "Response 1", "metadata": {}}}
{"timestamp": "2026-05-17T16:08:54.749144", "event": "message_added", "data": {"project_id": "624eee80-85ff-4770-96f4-bc7115a57140", "conversation_id": "aae28491-92a5-4f86-80ab-aabf118a2990", "message_id": "b162bafd-ce47-4d31-9274-9e3a0e6f3612", "role": "user", "content": "这是一个重要的消息，记住目标", "metadata": {}}}
{"timestamp": "2026-05-17T16:08:55.691648", "event": "message_added", "data": {"project_id": "f7137769-4627-49f6-adc2-bf03fc417b8f", "conversation_id": "0e84535b-aab1-460b-a43c-37e07a403207", "message_id": "21cc0de5-a17f-4b48-aa25-1606673dbed7", "role": "user", "content": "Hello", "metadata": {}}}
{"timestamp": "2026-05-17T16:08:55.787385", "event": "context_built", "data": {"project": "上下文测试"}}
{"timestamp": "2026-05-17T20:26:38.725538", "event": "message_added", "data": {"project_id": "9dee82ba-71b5-4733-aaad-1353b20aea12", "conversation_id": "239866fc-38bc-4853-9201-0a9e08a6c636", "message_id": "3298adf5-4486-4156-b1a2-d3b314ac0630", "role": "user", "content": "Hello, world!", "metadata": {}}}
{"timestamp": "2026-05-17T20:26:39.091118", "event": "message_added", "data": {"project_id": "aa645d69-9dad-4988-a8b3-befdfd407ae6", "conversation_id": "ca37cf4f-1190-4f35-be3d-6898c730f22a", "message_id": "6e8fc37a-ee21-44a5-9697-9ff342850252", "role": "user", "content": "Message 1", "metadata": {}}}
{"timestamp": "2026-05-17T20:26:39.093424", "event": "message_added", "data": {"project_id": "aa645d69-9dad-4988-a8b3-befdfd407ae6", "conversation_id": "ca37cf4f-1190-4f35-be3d-6898c730f22a", "message_id": "9134a243-e515-47e7-b86b-dc68c2daa056", "role": "assistant", "content": "Response 1", "metadata": {}}}
{"timestamp": "2026-05-17T20:26:39.672994", "event": "message_added", "data": {"project_id": "7af8db5a-a24e-4cd5-9390-93c89dac04e2", "conversation_id": "fc4927f9-833c-427a-a5bd-1f8e06ecaa39", "message_id": "1c76ca37-f035-4b6f-8a19-ea038af7f067", "role": "user", "content": "这是一个重要的消息，记住目标", "metadata": {}}}
{"timestamp": "2026-05-17T20:26:40.763744", "event": "message_added", "data": {"project_id": "ff55e596-5c60-4ff3-9ca5-998cb7120025", "conversation_id": "6616b339-9e12-4316-ac89-1cd3f7e138e4", "message_id": "d2775fdb-2906-470c-b455-cdb59cccb715", "role": "user", "content": "Hello", "metadata": {}}}
{"timestamp": "2026-05-17T20:26:40.876390", "event": "context_built", "data": {"project": "上下文测试"}}
{"timestamp": "2026-05-17T20:29:02.610318", "event": "message_added", "data": {"project_id": "e7a6dc50-ee2c-44be-b1fe-bfd466c11225", "conversation_id": "2d228798-741c-4279-b0d9-aec89c131376", "message_id": "faa995c0-0803-413a-afc9-1644857f14e1", "role": "user", "content": "Hello, world!", "metadata": {}}}
{"timestamp": "2026-05-17T20:29:02.937777", "event": "message_added", "data": {"project_id": "90958775-23ac-43c8-b4db-e833908a4fc9", "conversation_id": "bcfa3b8e-d17c-42b1-bdfc-be58a7583361", "message_id": "8be44194-be09-4692-b559-d75936039a93", "role": "user", "content": "Message 1", "metadata": {}}}
{"timestamp": "2026-05-17T20:29:02.939234", "event": "message_added", "data": {"project_id": "90958775-23ac-43c8-b4db-e833908a4fc9", "conversation_id": "bcfa3b8e-d17c-42b1-bdfc-be58a7583361", "message_id": "ef6348ad-1d15-444d-90c3-4b2ecd3c29cc", "role": "assistant", "content": "Response 1", "metadata": {}}}
{"timestamp": "2026-05-17T20:29:03.351311", "event": "message_added", "data": {"project_id": "e38e019f-c0cc-4186-90e9-375dc66b77b4", "conversation_id": "42e27589-c7ea-41f6-bbae-ca4634fafdd5", "message_id": "ebd6ab01-8abf-4c22-b4fc-e0da84bab385", "role": "user", "content": "这是一个重要的消息，记住目标", "metadata": {}}}
{"timestamp": "2026-05-17T20:29:04.331370", "event": "message_added", "data": {"project_id": "0c2b8f09-89ef-44a4-aa70-fb67bfec2363", "conversation_id": "4f85e5e8-c936-4d9c-9819-43c989702f67", "message_id": "4accd740-fac0-4f64-a1e8-645693c64d27", "role": "user", "content": "Hello", "metadata": {}}}
{"timestamp": "2026-05-17T20:29:04.451987", "event": "context_built", "data": {"project": "上下文测试"}}
{"timestamp": "2026-05-17T20:30:18.400007", "event": "message_added", "data": {"project_id": "f798061e-b241-40a4-8d00-591742e14dbc", "conversation_id": "33d454d3-adda-4434-9650-6241372b6fd0", "message_id": "8458c8c8-9d8b-4c81-86ec-4a16a4c3ecec", "role": "user", "content": "Hello, world!", "metadata": {}}}
{"timestamp": "2026-05-17T20:30:18.684138", "event": "message_added", "data": {"project_id": "22757063-94cd-44c7-b2b4-cf8c6f61f3c5", "conversation_id": "2bb232db-654b-4844-92c9-ecec2086dddd", "message_id": "c6850e59-9621-41ad-b981-2ac63c8a3eba", "role": "user", "content": "Message 1", "metadata": {}}}
{"timestamp": "2026-05-17T20:30:18.687631", "event": "message_added", "data": {"project_id": "22757063-94cd-44c7-b2b4-cf8c6f61f3c5", "conversation_id": "2bb232db-654b-4844-92c9-ecec2086dddd", "message_id": "1a053c1e-6f90-4a79-9e02-d3210f021529", "role": "assistant", "content": "Response 1", "metadata": {}}}
{"timestamp": "2026-05-17T20:30:19.090707", "event": "message_added", "data": {"project_id": "54272d67-c188-4816-98fd-0efde75e6ae8", "conversation_id": "648ae40a-e213-4704-914a-423778996571", "message_id": "8af102ad-9486-404f-bc2f-11a4bf4b221c", "role": "user", "content": "这是一个重要的消息，记住目标", "metadata": {}}}
{"timestamp": "2026-05-17T20:30:19.998816", "event": "message_added", "data": {"project_id": "2c628e1e-a8ee-4e16-b075-d2c3b52a8b9c", "conversation_id": "16db0d39-b89d-4f36-b224-56b0d669ef92", "message_id": "8f0b4b66-778b-4601-b20a-4b9badd69b52", "role": "user", "content": "Hello", "metadata": {}}}
{"timestamp": "2026-05-17T20:30:20.111488", "event": "context_built", "data": {"project": "上下文测试"}}
{"timestamp": "2026-05-18T01:02:24.565258", "event": "message_added", "data": {"project_id": "c4b2e4c7-1470-494f-9180-9f32323572e8", "conversation_id": "2cf7a9ce-bd77-48c1-8c63-9be5f9e3e754", "message_id": "ad03b8f4-37c5-4690-8dc6-dba8247aa215", "role": "user", "content": "Hello, world!", "metadata": {}}}
{"timestamp": "2026-05-18T01:02:24.879932", "event": "message_added", "data": {"project_id": "e11040c6-da07-47fb-8c48-64e855eef5dc", "conversation_id": "8377bc6d-c8de-4009-aab4-7289a80ac887", "message_id": "51cc7069-ae8a-4f4c-8046-ca7b69b1adb7", "role": "user", "content": "Message 1", "metadata": {}}}
{"timestamp": "2026-05-18T01:02:24.881633", "event": "message_added", "data": {"project_id": "e11040c6-da07-47fb-8c48-64e855eef5dc", "conversation_id": "8377bc6d-c8de-4009-aab4-7289a80ac887", "message_id": "eb959424-100e-426c-9313-14fc4e5ea555", "role": "assistant", "content": "Response 1", "metadata": {}}}
{"timestamp": "2026-05-18T01:02:25.606979", "event": "message_added", "data": {"project_id": "eaabff91-3047-45ae-b4df-254cffad7ee0", "conversation_id": "8d7a47f7-6a12-4548-9216-e4fff3a0d3e4", "message_id": "12f5eece-ae66-40ae-8c55-26375a055ec3", "role": "user", "content": "这是一个重要的消息，记住目标", "metadata": {}}}
{"timestamp": "2026-05-18T01:02:26.614120", "event": "message_added", "data": {"project_id": "6239ba88-ab92-4686-9062-f294e6ea2e18", "conversation_id": "9ab10dcb-016d-4b9b-b8b1-83b51978098f", "message_id": "4d65191b-01ac-4d94-9a95-281801cb2750", "role": "user", "content": "Hello", "metadata": {}}}
{"timestamp": "2026-05-18T01:02:26.693840", "event": "context_built", "data": {"project": "上下文测试"}}
{"timestamp": "2026-05-18T01:27:43.395507", "event": "message_added", "data": {"project_id": "66e91a74-9ee9-489f-a811-453053fd8765", "conversation_id": "d4a0528b-437b-4b48-ab6c-b107fc72b164", "message_id": "6c433876-1638-46ca-affa-876a989426a9", "role": "user", "content": "Hello, world!", "metadata": {}}}
{"timestamp": "2026-05-18T01:27:43.656863", "event": "message_added", "data": {"project_id": "99b568e7-9358-4c05-9b68-9335992e5278", "conversation_id": "2d4cb21d-6592-4b73-b23e-480e1f159e09", "message_id": "89c9eb2d-0fa4-4cda-a8b6-d757a190b380", "role": "user", "content": "Message 1", "metadata": {}}}
{"timestamp": "2026-05-18T01:27:43.659525", "event": "message_added", "data": {"project_id": "99b568e7-9358-4c05-9b68-9335992e5278", "conversation_id": "2d4cb21d-6592-4b73-b23e-480e1f159e09", "message_id": "61614eb8-74c5-4ee0-9ffe-f38bf79548c6", "role": "assistant", "content": "Response 1", "metadata": {}}}
{"timestamp": "2026-05-18T01:27:43.989968", "event": "message_added", "data": {"project_id": "b23f5e62-7c7c-4fe0-9182-5b9fbb700ed9", "conversation_id": "75cff5b8-90a3-4802-9261-51e438b8967b", "message_id": "98195651-e8ba-4081-ba9f-5d5eb2d34581", "role": "user", "content": "这是一个重要的消息，记住目标", "metadata": {}}}
{"timestamp": "2026-05-19T00:58:05.230618", "event": "message_added", "data": {"project_id": "25be755c-a999-4d95-bda2-639e4c7e9a38", "conversation_id": "d8e1ea9b-0397-4b3d-a2e3-7d293ee102f2", "message_id": "e3c3ea05-d3d1-4b83-83ce-9343d25be8cb", "role": "user", "content": "Hello, world!", "metadata": {}}}
{"timestamp": "2026-05-19T00:58:05.497146", "event": "message_added", "data": {"project_id": "aea69b30-0594-4e1c-83e4-22c8e50c3e6b", "conversation_id": "e8486a4d-006e-468d-9db8-c5133405e1cd", "message_id": "0ce37c1d-7706-4ba7-a6e3-5607560d3fcc", "role": "user", "content": "Message 1", "metadata": {}}}
{"timestamp": "2026-05-19T00:58:05.498097", "event": "message_added", "data": {"project_id": "aea69b30-0594-4e1c-83e4-22c8e50c3e6b", "conversation_id": "e8486a4d-006e-468d-9db8-c5133405e1cd", "message_id": "1a7ef196-2177-4be4-afaf-77145e5c51c0", "role": "assistant", "content": "Response 1", "metadata": {}}}
{"timestamp": "2026-05-19T00:58:06.154756", "event": "message_added", "data": {"project_id": "6b0d6d73-4c9d-4b00-9365-8df5467c6683", "conversation_id": "79090e33-de40-4079-ae06-d89259994bfa", "message_id": "ccbecd76-460c-40ba-b564-5ca7de17016f", "role": "user", "content": "这是一个重要的消息，记住目标", "metadata": {}}}
{"timestamp": "2026-05-19T00:58:07.006494", "event": "message_added", "data": {"project_id": "53d360a2-3fcc-42e2-b2dc-68977b3d660b", "conversation_id": "41a53c84-0859-4660-aa2a-9c6eae43e03e", "message_id": "863f643b-cac7-4ff9-93bb-546a2cb8f08d", "role": "user", "content": "Hello", "metadata": {}}}
{"timestamp": "2026-05-19T00:58:07.104792", "event": "context_built", "data": {"project": "上下文测试"}}
{"timestamp": "2026-05-19T01:11:20.776673", "event": "message_added", "data": {"project_id": "4935436f-931f-4983-bd9f-5051e284b136", "conversation_id": "e79aaf05-2d4c-4f51-8917-522b7021289f", "message_id": "b5d89f6e-a0f8-41bc-b5cc-4e80f6e36215", "role": "user", "content": "Hello, world!", "metadata": {}}}
{"timestamp": "2026-05-19T01:11:21.025262", "event": "message_added", "data": {"project_id": "f87157a9-c05b-4714-9ef1-4ca6b8b17983", "conversation_id": "e1efe32d-aef8-4820-bef9-cebf170243c4", "message_id": "7e305745-46bb-4d77-a462-cec9296a48a4", "role": "user", "content": "Message 1", "metadata": {}}}
{"timestamp": "2026-05-19T01:11:21.026719", "event": "message_added", "data": {"project_id": "f87157a9-c05b-4714-9ef1-4ca6b8b17983", "conversation_id": "e1efe32d-aef8-4820-bef9-cebf170243c4", "message_id": "d1d94057-06f3-42d7-afa9-5a0e470aefc0", "role": "assistant", "content": "Response 1", "metadata": {}}}
{"timestamp": "2026-05-19T01:11:21.435506", "event": "message_added", "data": {"project_id": "d58fad36-e573-41dc-8901-38867000dce7", "conversation_id": "d65ad3c8-5b35-4256-b9f0-a9e4d5bc5e5c", "message_id": "d8d76d41-f140-4ee1-87d8-54308cc24059", "role": "user", "content": "这是一个重要的消息，记住目标", "metadata": {}}}
{"timestamp": "2026-05-19T01:11:22.395292", "event": "message_added", "data": {"project_id": "75e0be1a-f2ff-460b-94ef-22fb72515a7c", "conversation_id": "a02876b6-b41f-4357-83c2-6aefa942922d", "message_id": "89b5a39e-9f50-498d-a49b-80818b8d2d7a", "role": "user", "content": "Hello", "metadata": {}}}
{"timestamp": "2026-05-19T01:11:22.486040", "event": "context_built", "data": {"project": "上下文测试"}}
{"timestamp": "2026-05-19T01:15:42.250482", "event": "message_added", "data": {"project_id": "4a342f42-51fe-473d-ba32-e01ada0555ff", "conversation_id": "0826955f-92bb-446d-bf8b-07ebe8961e40", "message_id": "ab1c07ed-d8ca-4122-b36f-23f0f6d13b1b", "role": "user", "content": "Hello, world!", "metadata": {}}}
{"timestamp": "2026-05-19T01:15:42.620828", "event": "message_added", "data": {"project_id": "6fc7ffff-7ceb-41c2-bc0d-1b8cbce7822a", "conversation_id": "8c48a113-eb08-403a-8f39-422cbef6620d", "message_id": "7404d91a-781f-449c-bbd3-07dae74e2a08", "role": "user", "content": "Message 1", "metadata": {}}}
{"timestamp": "2026-05-19T01:15:42.622792", "event": "message_added", "data": {"project_id": "6fc7ffff-7ceb-41c2-bc0d-1b8cbce7822a", "conversation_id": "8c48a113-eb08-403a-8f39-422cbef6620d", "message_id": "14717e27-e96f-4f9d-ad79-f0cdd6e82117", "role": "assistant", "content": "Response 1", "metadata": {}}}
{"timestamp": "2026-05-19T01:15:43.071146", "event": "message_added", "data": {"project_id": "42654a8c-f60d-460d-8ad3-f2ca09db8938", "conversation_id": "3f663c6a-bc11-4cee-895e-91cad4d9edf0", "message_id": "31854e03-7ef7-43f5-962b-94c40f082ef1", "role": "user", "content": "这是一个重要的消息，记住目标", "metadata": {}}}
{"timestamp": "2026-05-19T01:15:44.347620", "event": "message_added", "data": {"project_id": "ef60be2c-14bd-400b-81be-8e00d610cfd0", "conversation_id": "27e5b90d-ecb6-46c4-b766-0d24e36a9101", "message_id": "096ff46a-18d0-430c-9194-163fe615cccc", "role": "user", "content": "Hello", "metadata": {}}}
{"timestamp": "2026-05-19T01:15:44.495760", "event": "context_built", "data": {"project": "上下文测试"}}
{"timestamp": "2026-05-19T01:39:13.652630", "event": "message_added", "data": {"project_id": "7bcd8c11-01c2-4c38-ac95-99cb896baa12", "conversation_id": "8fb8b65f-97d1-4c14-b116-1c01f8b2a34a", "message_id": "0c551ee4-6560-46f8-81e7-ba50fc74083d", "role": "user", "content": "Hello, world!", "metadata": {}}}
{"timestamp": "2026-05-19T01:39:13.967618", "event": "message_added", "data": {"project_id": "4cf5ab6a-4a3d-4e69-bd99-7f0739611f41", "conversation_id": "b6580696-37c0-48be-a6cd-8d966953c7c2", "message_id": "2770244e-1c36-4d00-b7e9-54511d8dfe96", "role": "user", "content": "Message 1", "metadata": {}}}
{"timestamp": "2026-05-19T01:39:13.970578", "event": "message_added", "data": {"project_id": "4cf5ab6a-4a3d-4e69-bd99-7f0739611f41", "conversation_id": "b6580696-37c0-48be-a6cd-8d966953c7c2", "message_id": "37126fa4-09e1-4731-824b-0d38ab032427", "role": "assistant", "content": "Response 1", "metadata": {}}}
{"timestamp": "2026-05-19T01:39:14.370947", "event": "message_added", "data": {"project_id": "78c5cfa8-6721-440d-b3ea-211d0a2e960b", "conversation_id": "af611170-28a6-4468-9c2f-2ec938859691", "message_id": "8fba4806-40c2-4c56-a770-54a99ba7ebcf", "role": "user", "content": "这是一个重要的消息，记住目标", "metadata": {}}}
{"timestamp": "2026-05-19T01:39:15.434303", "event": "message_added", "data": {"project_id": "060595ed-50c2-46f4-b422-7e8ecd7d4cb4", "conversation_id": "4d2849e8-3484-4c39-85f7-293b85653c3b", "message_id": "ffbed6d1-4977-4d42-9859-9a5ef1973fec", "role": "user", "content": "Hello", "metadata": {}}}
{"timestamp": "2026-05-19T01:39:15.558275", "event": "context_built", "data": {"project": "上下文测试"}}
{"timestamp": "2026-05-19T08:51:39.328489", "event": "message_added", "data": {"project_id": "4a6572ea-5203-4d2b-bfe0-6a99ef15ec56", "conversation_id": "43f53029-3ede-4e83-8034-e2dcb7b75202", "message_id": "3ecf94b5-b0ad-425a-a7dc-d07b2f123a6f", "role": "user", "content": "Hello, world!", "metadata": {}}}
{"timestamp": "2026-05-19T08:51:39.634868", "event": "message_added", "data": {"project_id": "79e2b44a-1872-40f6-9274-73bed3974a41", "conversation_id": "c74af66f-6fca-40dc-850e-ec2fbca0897d", "message_id": "336b2948-2bca-4c76-84ed-ac395dce8e74", "role": "user", "content": "Message 1", "metadata": {}}}
{"timestamp": "2026-05-19T08:51:39.638355", "event": "message_added", "data": {"project_id": "79e2b44a-1872-40f6-9274-73bed3974a41", "conversation_id": "c74af66f-6fca-40dc-850e-ec2fbca0897d", "message_id": "a9b3451a-211c-4c41-8f38-286563e3ae37", "role": "assistant", "content": "Response 1", "metadata": {}}}
{"timestamp": "2026-05-19T08:51:40.192757", "event": "message_added", "data": {"project_id": "7991e934-3c1b-4685-a546-cfc10b875fde", "conversation_id": "1229a753-621c-4b48-a1b3-72b36bb153bd", "message_id": "cf2ee820-726e-405d-ba55-e2c11b3df8bd", "role": "user", "content": "这是一个重要的消息，记住目标", "metadata": {}}}
{"timestamp": "2026-05-19T08:51:41.188145", "event": "message_added", "data": {"project_id": "b6ebb332-33d1-4ad9-9d08-d853377dbb12", "conversation_id": "c1380851-c168-4d89-9c4c-134d7e4c97a9", "message_id": "577871e6-6662-4911-b93c-9e3e66394b40", "role": "user", "content": "Hello", "metadata": {}}}
{"timestamp": "2026-05-19T08:51:41.287505", "event": "context_built", "data": {"project": "上下文测试"}}
{"timestamp": "2026-05-19T09:16:52.261847", "event": "message_added", "data": {"project_id": "91b7ee9e-c247-460c-8e25-f65374205b76", "conversation_id": "d127e4cf-4d2f-4b5f-9d46-587be845ca68", "message_id": "a3aee099-af8c-43b6-9784-2ea324a0b2bf", "role": "user", "content": "Hello, world!", "metadata": {}}}
{"timestamp": "2026-05-19T09:16:52.594414", "event": "message_added", "data": {"project_id": "f23a1892-9956-4412-9d8d-87ece737d569", "conversation_id": "e362fa41-ca71-4de5-8628-77ccfe8d5073", "message_id": "0c6a5f8e-1e35-44bd-996d-0aca5722c375", "role": "user", "content": "Message 1", "metadata": {}}}
{"timestamp": "2026-05-19T09:16:52.596192", "event": "message_added", "data": {"project_id": "f23a1892-9956-4412-9d8d-87ece737d569", "conversation_id": "e362fa41-ca71-4de5-8628-77ccfe8d5073", "message_id": "24912637-7069-4247-add2-93168919c643", "role": "assistant", "content": "Response 1", "metadata": {}}}
{"timestamp": "2026-05-19T09:16:52.905309", "event": "message_added", "data": {"project_id": "18a377c5-100b-4601-bc9c-992c4305611f", "conversation_id": "6042e141-adc2-43f0-921c-e226fc6a815a", "message_id": "d876ba4c-871b-4007-8ade-63eeaae23040", "role": "user", "content": "这是一个重要的消息，记住目标", "metadata": {}}}
{"timestamp": "2026-05-19T09:16:53.782587", "event": "message_added", "data": {"project_id": "e92d9121-2190-4fb6-acdc-ae6fec42748f", "conversation_id": "388a8825-742d-44bd-b2d2-4210adcb50bd", "message_id": "44574c76-a6ad-4a05-9a10-ed5693a2ada6", "role": "user", "content": "Hello", "metadata": {}}}
{"timestamp": "2026-05-19T09:16:53.888788", "event": "context_built", "data": {"project": "上下文测试"}}
{"timestamp": "2026-05-19T09:35:43.803160", "event": "message_added", "data": {"project_id": "557b4f13-ea08-4c0f-b4fa-a6ccac62e00a", "conversation_id": "65eee44f-89aa-4af8-9ccb-5ab5d5f374d4", "message_id": "21618ad8-af52-40ab-ac76-34cdadb6d01c", "role": "user", "content": "Hello, world!", "metadata": {}}}
{"timestamp": "2026-05-19T09:35:44.125342", "event": "message_added", "data": {"project_id": "355815a6-d06a-41b1-ba61-6543739f789e", "conversation_id": "b51317cc-209d-4375-b234-2dcafd91f85d", "message_id": "d197d469-588f-419e-8f4d-f19a618b7326", "role": "user", "content": "Message 1", "metadata": {}}}
{"timestamp": "2026-05-19T09:35:44.127057", "event": "message_added", "data": {"project_id": "355815a6-d06a-41b1-ba61-6543739f789e", "conversation_id": "b51317cc-209d-4375-b234-2dcafd91f85d", "message_id": "4145990c-e60c-453c-ab1c-d1b79360a1db", "role": "assistant", "content": "Response 1", "metadata": {}}}
{"timestamp": "2026-05-19T09:35:44.495583", "event": "message_added", "data": {"project_id": "e53c920a-c134-4f00-a1ff-53b914983114", "conversation_id": "b6c4eb0a-faca-463a-a325-c919cc97672a", "message_id": "ba0410ec-c15d-441f-a338-61ac85ed2b70", "role": "user", "content": "这是一个重要的消息，记住目标", "metadata": {}}}
{"timestamp": "2026-05-19T09:35:45.437073", "event": "message_added", "data": {"project_id": "54ec79bd-93b8-4531-8fc4-f9be774ce8c6", "conversation_id": "5486f20d-773c-44f9-804b-853be7563042", "message_id": "d7c7a478-7717-4b0a-8234-f3fbbb3c042a", "role": "user", "content": "Hello", "metadata": {}}}
{"timestamp": "2026-05-19T09:35:45.552785", "event": "context_built", "data": {"project": "上下文测试"}}
{"timestamp": "2026-05-19T10:58:01.854375", "event": "message_added", "data": {"project_id": "393104b6-11dd-44a6-9c26-81ea9141b542", "conversation_id": "e7ec0d20-a087-4b52-92e3-72c69fe2738e", "message_id": "7c7ab7f4-eefd-4490-8865-f56af3f360f9", "role": "user", "content": "Hello, world!", "metadata": {}}}
{"timestamp": "2026-05-19T10:58:02.220175", "event": "message_added", "data": {"project_id": "4fc9fcd5-a843-4d01-ace8-ee26751fe171", "conversation_id": "560f02fd-4a49-4f37-8336-fd0aad0da557", "message_id": "c750f617-8ea4-4b3e-bcba-afd8f6c3d3bd", "role": "user", "content": "Message 1", "metadata": {}}}
{"timestamp": "2026-05-19T10:58:02.227925", "event": "message_added", "data": {"project_id": "4fc9fcd5-a843-4d01-ace8-ee26751fe171", "conversation_id": "560f02fd-4a49-4f37-8336-fd0aad0da557", "message_id": "9df69cdd-e9ae-4758-a47b-c4eb79b3dbf0", "role": "assistant", "content": "Response 1", "metadata": {}}}
{"timestamp": "2026-05-19T10:58:02.721309", "event": "message_added", "data": {"project_id": "7b93d094-0061-4fa9-9a22-009cde6976dd", "conversation_id": "f823a2e6-3625-4ae2-921b-e3615e851f34", "message_id": "47b8e95c-ce2a-4305-9857-131ebb64d614", "role": "user", "content": "这是一个重要的消息，记住目标", "metadata": {}}}
{"timestamp": "2026-05-19T10:58:03.621323", "event": "message_added", "data": {"project_id": "d01e607b-0cc7-4554-9f14-e79df535404b", "conversation_id": "3760c6b3-feb2-461a-95f6-f46da88012bb", "message_id": "dc97869c-9217-4d93-9320-0c23c1b5b3b2", "role": "user", "content": "Hello", "metadata": {}}}
{"timestamp": "2026-05-19T10:58:03.714823", "event": "context_built", "data": {"project": "上下文测试"}}
{"timestamp": "2026-05-19T11:43:45.685980", "event": "message_added", "data": {"project_id": "da02424a-9731-44b6-b62e-fcff8e273b21", "conversation_id": "2af5824c-8b92-4fe0-827e-4f4d34ba7968", "message_id": "824f69af-5d55-4a1f-937a-4f4afa1c89ad", "role": "user", "content": "Hello, world!", "metadata": {}}}
{"timestamp": "2026-05-19T11:43:45.972406", "event": "message_added", "data": {"project_id": "966d7123-9a15-49ed-9cd4-bd1dd406723a", "conversation_id": "10552286-0a7e-42ff-80f6-722c4616bb7f", "message_id": "6a0ffa82-de94-4798-88ac-49b41fbac80b", "role": "user", "content": "Message 1", "metadata": {}}}
{"timestamp": "2026-05-19T11:43:45.974120", "event": "message_added", "data": {"project_id": "966d7123-9a15-49ed-9cd4-bd1dd406723a", "conversation_id": "10552286-0a7e-42ff-80f6-722c4616bb7f", "message_id": "88f70206-cce3-4540-aa42-59b190de9bbd", "role": "assistant", "content": "Response 1", "metadata": {}}}
{"timestamp": "2026-05-19T11:43:46.406546", "event": "message_added", "data": {"project_id": "3908a6ea-e687-4a90-8ccc-ac95bfcd7a49", "conversation_id": "8c5c9d61-d4c0-4e89-a46d-b942d37799a7", "message_id": "8321f63d-18a9-4f4f-98b4-3e9a7091ce04", "role": "user", "content": "这是一个重要的消息，记住目标", "metadata": {}}}
{"timestamp": "2026-05-19T11:43:47.406684", "event": "message_added", "data": {"project_id": "c39d0410-5a6f-4fe3-9a99-bc7a2830df37", "conversation_id": "afdc48f0-ef0c-4f7d-949b-e138182a15c1", "message_id": "6b982f6c-31d1-4449-be23-4d6183ef6fe9", "role": "user", "content": "Hello", "metadata": {}}}
{"timestamp": "2026-05-19T11:43:47.499835", "event": "context_built", "data": {"project": "上下文测试"}}
{"timestamp": "2026-05-19T15:15:55.533948", "event": "message_added", "data": {"project_id": "b51700a8-1dcf-4d1d-94ed-ae0c6edaedc5", "conversation_id": "13f34767-30ec-4a14-b0b0-4c37c4d187ae", "message_id": "80cd7206-de95-48c6-955d-9bc7bae6db43", "role": "user", "content": "Hello, world!", "metadata": {}}}
{"timestamp": "2026-05-19T15:15:55.539615", "event": "message_added", "data": {"project_id": "472fdd51-acc7-4ef0-8cef-99e326c21e68", "conversation_id": "376f1cda-a769-4531-b417-0f5bd44845a3", "message_id": "afa9588c-0edd-44c5-b33a-3c97f84374cc", "role": "user", "content": "Message 1", "metadata": {}}}
{"timestamp": "2026-05-19T15:15:55.540770", "event": "message_added", "data": {"project_id": "472fdd51-acc7-4ef0-8cef-99e326c21e68", "conversation_id": "376f1cda-a769-4531-b417-0f5bd44845a3", "message_id": "a19feb15-3f81-4e16-9d05-9529301f60f9", "role": "assistant", "content": "Response 1", "metadata": {}}}
{"timestamp": "2026-05-19T15:15:55.548188", "event": "message_added", "data": {"project_id": "4cb7b06d-3444-4f62-8887-867d016b8a55", "conversation_id": "53ea2623-0e86-4aac-9ec2-03338bc4cfcf", "message_id": "199014ed-fa20-44b5-a2cc-9c8108f53bd1", "role": "user", "content": "这是一个重要的消息，记住目标", "metadata": {}}}
{"timestamp": "2026-05-19T15:15:55.565388", "event": "message_added", "data": {"project_id": "3da4a04d-b5e4-499a-a6bf-6fc0fa8e979c", "conversation_id": "b68360d4-857c-4ac8-8c8d-90fe1d2df017", "message_id": "31e0946f-0642-454c-b649-a7285f9d8cd9", "role": "user", "content": "Hello", "metadata": {}}}
{"timestamp": "2026-05-19T15:15:55.566821", "event": "context_built", "data": {"project": "上下文测试"}}
{"timestamp": "2026-05-19T15:17:53.861247", "event": "message_added", "data": {"project_id": "b9d0c720-f313-4efa-9f04-7bb7b7aaa621", "conversation_id": "be72a125-22cc-4f89-82b5-580502e398c7", "message_id": "15dc0c1e-49e1-4f8e-9f50-3a773b5eb539", "role": "user", "content": "Hello, world!", "metadata": {}}}
{"timestamp": "2026-05-19T15:17:53.868707", "event": "message_added", "data": {"project_id": "83851244-8aa4-4d44-8f49-cd236d6e2c40", "conversation_id": "9a3b1db3-a1da-449f-8975-b4edf71082f0", "message_id": "a53c9f0e-be83-4247-b89d-6aba4291e1b7", "role": "user", "content": "Message 1", "metadata": {}}}
{"timestamp": "2026-05-19T15:17:53.869944", "event": "message_added", "data": {"project_id": "83851244-8aa4-4d44-8f49-cd236d6e2c40", "conversation_id": "9a3b1db3-a1da-449f-8975-b4edf71082f0", "message_id": "bbb895d5-5483-4cf9-81a4-38258b3b414f", "role": "assistant", "content": "Response 1", "metadata": {}}}
{"timestamp": "2026-05-19T15:17:53.878660", "event": "message_added", "data": {"project_id": "66e9b170-813d-418d-8478-860f9f739265", "conversation_id": "1152b119-4ed5-474c-8388-cbcfcb13f0e1", "message_id": "09e5a7ac-0dc6-4088-ba0d-2051376f2688", "role": "user", "content": "这是一个重要的消息，记住目标", "metadata": {}}}
{"timestamp": "2026-05-19T15:17:53.900296", "event": "message_added", "data": {"project_id": "9a523382-eeea-4584-85a6-38c002786d07", "conversation_id": "6550c39f-8e4f-4c76-93ce-5d12f60a014c", "message_id": "402e06ae-0380-4f5a-9528-c57e612a5b11", "role": "user", "content": "Hello", "metadata": {}}}
{"timestamp": "2026-05-19T15:17:53.902222", "event": "context_built", "data": {"project": "上下文测试"}}
{"timestamp": "2026-05-19T15:19:05.646705", "event": "message_added", "data": {"project_id": "28e88cef-1c63-4a22-ad24-f5a0e165565d", "conversation_id": "f466d3df-ad87-46c2-8045-eeb396736f44", "message_id": "7e81ec4d-04e7-426d-bd5b-a790e481432e", "role": "user", "content": "Hello, world!", "metadata": {}}}
{"timestamp": "2026-05-19T15:19:05.654451", "event": "message_added", "data": {"project_id": "bda0e696-a8ad-41cb-a3bb-f2d1a058efdf", "conversation_id": "4a5018c8-63b3-461f-bc83-21604ac843a5", "message_id": "4750bb92-8bf5-49ff-8969-4a1d63849df7", "role": "user", "content": "Message 1", "metadata": {}}}
{"timestamp": "2026-05-19T15:19:05.655604", "event": "message_added", "data": {"project_id": "bda0e696-a8ad-41cb-a3bb-f2d1a058efdf", "conversation_id": "4a5018c8-63b3-461f-bc83-21604ac843a5", "message_id": "11b49797-6500-410b-9a16-1586212dba3a", "role": "assistant", "content": "Response 1", "metadata": {}}}
{"timestamp": "2026-05-19T15:19:05.664607", "event": "message_added", "data": {"project_id": "9f90dad6-cda1-4c6b-88ab-5d59b4dccb6d", "conversation_id": "c4d93376-ae66-412d-9930-8aab60a2a381", "message_id": "1bcf6e0d-dde7-4655-bef3-9bdd4902ea18", "role": "user", "content": "这是一个重要的消息，记住目标", "metadata": {}}}
{"timestamp": "2026-05-19T15:19:05.688152", "event": "message_added", "data": {"project_id": "837fe3bc-e981-4c07-b958-200dc2d5a9c2", "conversation_id": "ce81830e-f1b2-409d-9032-913c31226be6", "message_id": "e408674e-f2f1-4c00-8eeb-1c3c5dfc588e", "role": "user", "content": "Hello", "metadata": {}}}
{"timestamp": "2026-05-19T15:19:05.690230", "event": "context_built", "data": {"project": "上下文测试"}}
{"timestamp": "2026-05-19T16:19:17.090255", "event": "message_added", "data": {"project_id": "b4c3c7ea-4c03-4f33-9afb-ed0bc1503d94", "conversation_id": "f5f51228-be68-4e6b-993f-1419c22c5dc7", "message_id": "b62f9524-0728-47bb-9b8f-06795fdcb014", "role": "user", "content": "Hello, world!", "metadata": {}}}
{"timestamp": "2026-05-19T16:19:17.406863", "event": "message_added", "data": {"project_id": "9dfc4fa1-5a91-4183-921e-013e6e4bcda3", "conversation_id": "24c1f9ad-812e-4318-88c3-9c089ed39dc9", "message_id": "398e4123-3da2-4939-b19a-50328bc14589", "role": "user", "content": "Message 1", "metadata": {}}}
{"timestamp": "2026-05-19T16:19:17.409099", "event": "message_added", "data": {"project_id": "9dfc4fa1-5a91-4183-921e-013e6e4bcda3", "conversation_id": "24c1f9ad-812e-4318-88c3-9c089ed39dc9", "message_id": "1c8c8490-5f2f-4b0e-ab34-2264d57d576a", "role": "assistant", "content": "Response 1", "metadata": {}}}
{"timestamp": "2026-05-19T16:19:17.920635", "event": "message_added", "data": {"project_id": "05cdc5fd-8b0d-49aa-a521-0357d9d7f2c0", "conversation_id": "1f8b0dde-4d02-4a16-a510-7d2428e53adf", "message_id": "c696f21a-ebd8-4f54-a37d-5561d21f39ed", "role": "user", "content": "这是一个重要的消息，记住目标", "metadata": {}}}
{"timestamp": "2026-05-19T16:19:18.990134", "event": "message_added", "data": {"project_id": "c77b7150-bc30-4781-b900-1170c3aaa3a3", "conversation_id": "ae8a0cab-2da5-4459-914f-64351e162bf2", "message_id": "ef48256b-1662-436f-ad62-3e2a45341d9a", "role": "user", "content": "Hello", "metadata": {}}}
{"timestamp": "2026-05-19T16:19:19.098025", "event": "context_built", "data": {"project": "上下文测试"}}
{"timestamp": "2026-05-19T16:32:14.030285", "event": "message_added", "data": {"project_id": "f2ec3a68-40e7-48e9-9b87-99029e7ab5b5", "conversation_id": "ad2f8371-c358-4c74-b62c-587713a7091b", "message_id": "7609131f-b78d-4802-aab4-2cb733421eb4", "role": "user", "content": "Hello, world!", "metadata": {}}}
{"timestamp": "2026-05-19T16:32:14.315967", "event": "message_added", "data": {"project_id": "d8989d93-63e6-4ac5-ace1-a9c8a4f2e6b2", "conversation_id": "da68f898-2a16-4469-9a6d-365b1c46d11a", "message_id": "670889a3-9fe3-442c-80b5-b89f8e3b63ed", "role": "user", "content": "Message 1", "metadata": {}}}
{"timestamp": "2026-05-19T16:32:14.317900", "event": "message_added", "data": {"project_id": "d8989d93-63e6-4ac5-ace1-a9c8a4f2e6b2", "conversation_id": "da68f898-2a16-4469-9a6d-365b1c46d11a", "message_id": "cc97ad98-1b6d-4085-a047-48a738a699f1", "role": "assistant", "content": "Response 1", "metadata": {}}}
{"timestamp": "2026-05-19T16:32:14.685939", "event": "message_added", "data": {"project_id": "ed90b6cb-8cbe-47c2-85aa-2cf8d50225cd", "conversation_id": "bea794c6-57fb-4dfa-b087-c9866d1d0ed3", "message_id": "cf83a189-406d-433c-a164-a30a08ef7911", "role": "user", "content": "这是一个重要的消息，记住目标", "metadata": {}}}
{"timestamp": "2026-05-19T16:32:15.750349", "event": "message_added", "data": {"project_id": "a1c157aa-4f76-4aa2-9dc2-5359cff90ea7", "conversation_id": "027d0605-8353-410f-922a-1551aa1fd1da", "message_id": "111e5eeb-a070-4d08-8114-fe2fe0966ebc", "role": "user", "content": "Hello", "metadata": {}}}
{"timestamp": "2026-05-19T16:32:15.873745", "event": "context_built", "data": {"project": "上下文测试"}}
{"timestamp": "2026-05-19T16:57:51.055571", "event": "message_added", "data": {"project_id": "4c6d88d4-1c42-4247-a20b-eb652cd1573a", "conversation_id": "77944a2a-d3e4-49e1-84bd-0eb8f1e9cf65", "message_id": "0063e012-531b-4a29-9518-1068cb71cac4", "role": "user", "content": "Hello, world!", "metadata": {}}}
{"timestamp": "2026-05-19T16:57:51.411299", "event": "message_added", "data": {"project_id": "80d59575-5f64-4905-988d-8919b6865aae", "conversation_id": "f2c4032f-6a43-4bc3-baa6-5e40739f3cba", "message_id": "7fae8ce5-943d-49ee-b017-dfe146e01159", "role": "user", "content": "Message 1", "metadata": {}}}
{"timestamp": "2026-05-19T16:57:51.416340", "event": "message_added", "data": {"project_id": "80d59575-5f64-4905-988d-8919b6865aae", "conversation_id": "f2c4032f-6a43-4bc3-baa6-5e40739f3cba", "message_id": "52743bc6-b718-41ad-951b-80f50637d898", "role": "assistant", "content": "Response 1", "metadata": {}}}
{"timestamp": "2026-05-19T16:57:51.863710", "event": "message_added", "data": {"project_id": "4b557a99-b4c5-497a-9997-2d3fdb8130d6", "conversation_id": "6d48cced-dddb-46f4-b37a-984b12b19964", "message_id": "a5a5c776-c738-4e58-96e7-5bc3d596f634", "role": "user", "content": "这是一个重要的消息，记住目标", "metadata": {}}}
{"timestamp": "2026-05-19T16:57:53.090272", "event": "message_added", "data": {"project_id": "3b2d6004-14fc-46ef-bbfc-451fa14f6f2a", "conversation_id": "78f02680-4d02-4946-94c2-ff9a24533510", "message_id": "d2c36805-8fd9-4613-aae0-da153bc9125d", "role": "user", "content": "Hello", "metadata": {}}}
{"timestamp": "2026-05-19T16:57:53.209597", "event": "context_built", "data": {"project": "上下文测试"}}
{"timestamp": "2026-05-19T18:19:57.951165", "event": "message_added", "data": {"project_id": "822ee5e7-bb39-4972-b88a-76d8928c98aa", "conversation_id": "da3a94aa-562b-48db-baa6-05a8fa954e2f", "message_id": "e3588699-612f-4927-b664-ce1d2355fe20", "role": "user", "content": "Hello, world!", "metadata": {}}}
{"timestamp": "2026-05-19T18:19:58.394529", "event": "message_added", "data": {"project_id": "13c8cb1e-1057-48b7-af36-5e6b96057da2", "conversation_id": "d4d76331-4f45-4a9c-ae30-4ce8995a0fef", "message_id": "144ba956-49fe-45a1-9259-cffdc15ba1fe", "role": "user", "content": "Message 1", "metadata": {}}}
{"timestamp": "2026-05-19T18:19:58.398255", "event": "message_added", "data": {"project_id": "13c8cb1e-1057-48b7-af36-5e6b96057da2", "conversation_id": "d4d76331-4f45-4a9c-ae30-4ce8995a0fef", "message_id": "6f0c9e57-309f-4d4f-8c36-e3922ff4ba0d", "role": "assistant", "content": "Response 1", "metadata": {}}}
{"timestamp": "2026-05-19T18:19:58.901728", "event": "message_added", "data": {"project_id": "a4b3ffec-22a7-4707-88f0-33f598c578ee", "conversation_id": "3b235e35-e8ea-4af0-904a-6e72a26792e6", "message_id": "dac554e1-f9b0-437d-b8d5-16f0907fa2d6", "role": "user", "content": "这是一个重要的消息，记住目标", "metadata": {}}}
{"timestamp": "2026-05-19T18:19:59.792799", "event": "message_added", "data": {"project_id": "cf1f501e-a8f4-4f55-b9a9-a6974c03d658", "conversation_id": "3fe868b1-0631-499b-b002-9ad67efae05a", "message_id": "2b5abec2-cb48-4692-9392-7a1923fe18c4", "role": "user", "content": "Hello", "metadata": {}}}
{"timestamp": "2026-05-19T18:19:59.886755", "event": "context_built", "data": {"project": "上下文测试"}}
{"timestamp": "2026-05-19T18:20:50.129716", "event": "message_added", "data": {"project_id": "c1984aaf-7582-442d-af14-b4d61efd65f7", "conversation_id": "6ba4dda8-7c16-4817-bb1f-86360d3264f3", "message_id": "788ef82f-c5a7-494f-b0c2-2e439de6efa6", "role": "user", "content": "Hello, world!", "metadata": {}}}
{"timestamp": "2026-05-19T18:20:50.623098", "event": "message_added", "data": {"project_id": "8790f99b-ef51-4016-8511-8bf06311805a", "conversation_id": "0f83d9ab-6599-46d4-8572-07e03fa2b367", "message_id": "24e0cbcc-98be-435a-80c7-cb9d081d358c", "role": "user", "content": "Message 1", "metadata": {}}}
{"timestamp": "2026-05-19T18:20:50.653308", "event": "message_added", "data": {"project_id": "8790f99b-ef51-4016-8511-8bf06311805a", "conversation_id": "0f83d9ab-6599-46d4-8572-07e03fa2b367", "message_id": "603bfc0c-e3a2-4207-9eae-b590ee20a64e", "role": "assistant", "content": "Response 1", "metadata": {}}}
{"timestamp": "2026-05-19T18:20:51.085475", "event": "message_added", "data": {"project_id": "6f9e0221-1a56-4c55-9c4f-210af38842b1", "conversation_id": "5d3c58c7-3217-47a1-9bad-a0fdd198b4aa", "message_id": "2cf87618-c851-4054-939f-defa1e245600", "role": "user", "content": "这是一个重要的消息，记住目标", "metadata": {}}}
{"timestamp": "2026-05-19T18:20:52.146846", "event": "message_added", "data": {"project_id": "6c8ee424-2aa6-4791-b3ab-d5d119ffb971", "conversation_id": "29773f43-fbb1-420c-9431-ecf636d176b0", "message_id": "5d662ae8-6bdb-4e92-a421-44b8ccbcf059", "role": "user", "content": "Hello", "metadata": {}}}
{"timestamp": "2026-05-19T18:20:52.256649", "event": "context_built", "data": {"project": "上下文测试"}}
{"timestamp": "2026-05-19T18:28:47.642024", "event": "message_added", "data": {"project_id": "2884424f-68a8-4b04-9600-6ecfbea1f75b", "conversation_id": "15c1e771-7b26-4891-a0e6-cdd37a868719", "message_id": "d3eac2a4-c60d-4569-998c-abda5cbe1cb3", "role": "user", "content": "Hello, world!", "metadata": {}}}
{"timestamp": "2026-05-19T18:28:48.119522", "event": "message_added", "data": {"project_id": "8d52fe4f-b7bb-4300-a1a0-da441082250c", "conversation_id": "d2df5951-b41a-49e7-bc1f-de719438299d", "message_id": "fe846718-4bf3-444b-bcb2-3cafdf7d882c", "role": "user", "content": "Message 1", "metadata": {}}}
{"timestamp": "2026-05-19T18:28:48.122476", "event": "message_added", "data": {"project_id": "8d52fe4f-b7bb-4300-a1a0-da441082250c", "conversation_id": "d2df5951-b41a-49e7-bc1f-de719438299d", "message_id": "b17ff27b-05b2-4b2c-8d9c-5d74920b236e", "role": "assistant", "content": "Response 1", "metadata": {}}}
{"timestamp": "2026-05-19T18:28:48.510372", "event": "message_added", "data": {"project_id": "02780759-37ea-424b-8148-9d19b12adfed", "conversation_id": "681951e8-fb8c-4ed8-ab2d-38d00e1e5d19", "message_id": "682346a1-c6b2-473a-afd2-b860b71631ae", "role": "user", "content": "这是一个重要的消息，记住目标", "metadata": {}}}
{"timestamp": "2026-05-19T18:28:46.973469", "event": "message_added", "data": {"project_id": "9208ded4-f8f5-4726-af88-5fa44151c922", "conversation_id": "a21775ed-2cc8-4bc5-93ee-8fba1034e3fb", "message_id": "81994541-6f71-4ac2-a552-45d9aede511f", "role": "user", "content": "Hello", "metadata": {}}}
{"timestamp": "2026-05-19T18:28:47.079838", "event": "context_built", "data": {"project": "上下文测试"}}
{"timestamp": "2026-05-19T19:03:19.539328", "event": "message_added", "data": {"project_id": "b1b32a2d-8a92-4761-8297-4d5b330dc113", "conversation_id": "5c92fc12-2889-441e-a17c-7bba0b3310cf", "message_id": "026192f2-4c6c-462d-98fb-42c474a50478", "role": "user", "content": "Hello, world!", "metadata": {}}}
{"timestamp": "2026-05-19T19:03:19.994614", "event": "message_added", "data": {"project_id": "4c79205a-6358-456f-bb5f-3626bad02255", "conversation_id": "90635d2b-8306-42ff-96ad-c7365be61cbf", "message_id": "8f488423-adca-47f1-9aaf-4416ae69c61d", "role": "user", "content": "Message 1", "metadata": {}}}
{"timestamp": "2026-05-19T19:03:19.995958", "event": "message_added", "data": {"project_id": "4c79205a-6358-456f-bb5f-3626bad02255", "conversation_id": "90635d2b-8306-42ff-96ad-c7365be61cbf", "message_id": "41eb9c38-3b67-4a15-9c02-b294a4e33cb8", "role": "assistant", "content": "Response 1", "metadata": {}}}
{"timestamp": "2026-05-19T19:03:20.376219", "event": "message_added", "data": {"project_id": "2206fbb1-fd80-424e-a1a2-4fdbd5522d7b", "conversation_id": "aff4adec-0e86-4c65-8a63-c00f6a2e8337", "message_id": "7dc7ac1c-aadd-4f03-b848-11a935e95cc6", "role": "user", "content": "这是一个重要的消息，记住目标", "metadata": {}}}
{"timestamp": "2026-05-19T19:03:21.299896", "event": "message_added", "data": {"project_id": "29fe00bc-89a3-4844-a30f-13c58f2fae8c", "conversation_id": "66657558-e317-473c-9589-ada90dffab0e", "message_id": "6aa25f3b-924b-44da-9438-93a7ce43215a", "role": "user", "content": "Hello", "metadata": {}}}
{"timestamp": "2026-05-19T19:03:21.404818", "event": "context_built", "data": {"project": "上下文测试"}}
{"timestamp": "2026-05-19T19:05:42.190710", "event": "message_added", "data": {"project_id": "c93ff1aa-5ce8-4602-ab1e-b999de1526df", "conversation_id": "d710b894-18e0-4e4f-88a1-c0e540c17aba", "message_id": "0dd4e61f-cb4b-48e4-a8fc-489a803f5fc9", "role": "user", "content": "Hello, world!", "metadata": {}}}
{"timestamp": "2026-05-19T19:05:42.612716", "event": "message_added", "data": {"project_id": "e835445d-42f0-4203-9177-c495fff56707", "conversation_id": "4749a0c7-2b5e-4212-8b85-48be79e5c2d7", "message_id": "30a0583d-7547-4f35-a7e4-d6b7e52c0d60", "role": "user", "content": "Message 1", "metadata": {}}}
{"timestamp": "2026-05-19T19:05:42.615506", "event": "message_added", "data": {"project_id": "e835445d-42f0-4203-9177-c495fff56707", "conversation_id": "4749a0c7-2b5e-4212-8b85-48be79e5c2d7", "message_id": "2f31e9d3-9e1f-4f1f-ab0f-54a637eaf24f", "role": "assistant", "content": "Response 1", "metadata": {}}}
{"timestamp": "2026-05-19T19:05:42.961782", "event": "message_added", "data": {"project_id": "30fd1455-11cc-4025-b0a8-51e397c9b328", "conversation_id": "6981162d-c93b-4a01-bc73-85687af5f5f0", "message_id": "f60f9b1e-b8c6-401b-bc93-94860f632b80", "role": "user", "content": "这是一个重要的消息，记住目标", "metadata": {}}}
{"timestamp": "2026-05-19T19:05:43.840494", "event": "message_added", "data": {"project_id": "5da36c7d-c0e3-4891-a1a4-f9ea58599ea3", "conversation_id": "ee4c0bb5-2717-4f51-b714-cf59180e98cc", "message_id": "eef5409c-129e-4d0a-b26d-72442ead8e32", "role": "user", "content": "Hello", "metadata": {}}}
{"timestamp": "2026-05-19T19:05:43.935007", "event": "context_built", "data": {"project": "上下文测试"}}
{"timestamp": "2026-05-19T19:06:55.062108", "event": "message_added", "data": {"project_id": "a1dc27de-3b81-428b-aade-68b2cc14d010", "conversation_id": "6d5b7a8b-e1a0-4e1e-869b-e7bb01a3a988", "message_id": "cf75934a-d5ce-431f-9df3-bcddcf4bf60c", "role": "user", "content": "Hello, world!", "metadata": {}}}
{"timestamp": "2026-05-19T19:06:55.606610", "event": "message_added", "data": {"project_id": "ef441a55-0f30-46c5-90cf-8bd7324a028f", "conversation_id": "c74aab65-9b61-4704-9800-4c81985fd9b9", "message_id": "6a34da52-48c2-4ed8-afb5-d793c60fe579", "role": "user", "content": "Message 1", "metadata": {}}}
{"timestamp": "2026-05-19T19:06:55.609619", "event": "message_added", "data": {"project_id": "ef441a55-0f30-46c5-90cf-8bd7324a028f", "conversation_id": "c74aab65-9b61-4704-9800-4c81985fd9b9", "message_id": "8e2ed66f-32a8-4473-8ab3-faa106f824ed", "role": "assistant", "content": "Response 1", "metadata": {}}}
{"timestamp": "2026-05-19T19:06:56.016098", "event": "message_added", "data": {"project_id": "e4562321-ad5b-462f-8307-a752e048badb", "conversation_id": "4248df58-bfb7-42f3-acc8-e31ce770810d", "message_id": "8f0de8cc-1369-4cb9-b75b-b11a20e16a95", "role": "user", "content": "这是一个重要的消息，记住目标", "metadata": {}}}
{"timestamp": "2026-05-19T19:06:57.084537", "event": "message_added", "data": {"project_id": "14a466bb-e7d7-40a7-b2a1-2968d06aa9fb", "conversation_id": "8311da52-7118-46a0-9a84-e2f0a88f3fbd", "message_id": "7e2c2b00-4f43-40bd-91a4-aab83e72bae4", "role": "user", "content": "Hello", "metadata": {}}}
{"timestamp": "2026-05-19T19:06:57.214292", "event": "context_built", "data": {"project": "上下文测试"}}
{"timestamp": "2026-05-19T19:08:05.399818", "event": "message_added", "data": {"project_id": "5b61f54a-cbdf-4c1f-86b1-3ac2dd7e275c", "conversation_id": "dff7391f-c658-4119-a649-d93a51fa8d2a", "message_id": "1d11b82b-557d-4727-be22-d8ddadc92eb0", "role": "user", "content": "Hello, world!", "metadata": {}}}
{"timestamp": "2026-05-19T19:08:05.866790", "event": "message_added", "data": {"project_id": "5c65f93a-d708-4586-8b02-f885135e0c25", "conversation_id": "4bcdf75b-4b81-4d4e-94f3-dbff4cd0c3c2", "message_id": "a3976d43-fd16-458d-91a0-9bb435e184a2", "role": "user", "content": "Message 1", "metadata": {}}}
{"timestamp": "2026-05-19T19:08:05.870532", "event": "message_added", "data": {"project_id": "5c65f93a-d708-4586-8b02-f885135e0c25", "conversation_id": "4bcdf75b-4b81-4d4e-94f3-dbff4cd0c3c2", "message_id": "80f04852-1661-407d-a8cc-438e5f366ccc", "role": "assistant", "content": "Response 1", "metadata": {}}}
{"timestamp": "2026-05-19T19:08:06.295602", "event": "message_added", "data": {"project_id": "835dc563-2c80-4100-a11a-7dcaa70829b1", "conversation_id": "cbadafb0-7d9b-4fb1-891c-a1dcf5a89bc4", "message_id": "15033aea-b2ea-47a9-b6df-0bffe12330ab", "role": "user", "content": "这是一个重要的消息，记住目标", "metadata": {}}}
{"timestamp": "2026-05-19T19:08:04.848396", "event": "message_added", "data": {"project_id": "6870fdbb-999c-4294-a58a-848c6e93e04e", "conversation_id": "a26411cf-f4dd-4dc0-9d7a-790b2abc31c3", "message_id": "2f1ac19e-7cb1-4865-9ae5-2f75687ef370", "role": "user", "content": "Hello", "metadata": {}}}
{"timestamp": "2026-05-19T19:08:04.958739", "event": "context_built", "data": {"project": "上下文测试"}}
{"timestamp": "2026-05-19T19:24:05.366177", "event": "message_added", "data": {"project_id": "892d900e-5cce-40b0-abc8-082b12ba0b5b", "conversation_id": "bbcbccd3-4630-4fe5-8826-237f3d4f8472", "message_id": "ecaa2aec-3b63-462a-8db8-60b5376693ef", "role": "user", "content": "Hello, world!", "metadata": {}}}
{"timestamp": "2026-05-19T19:24:05.795811", "event": "message_added", "data": {"project_id": "05c71db0-45a0-4cba-a23b-64e012f4b8e8", "conversation_id": "c2e510d0-ff7e-4c3f-84e0-3c620d0101b5", "message_id": "ef9a70f2-d65d-4d46-a952-ed27d8b7ed9a", "role": "user", "content": "Message 1", "metadata": {}}}
{"timestamp": "2026-05-19T19:24:05.798830", "event": "message_added", "data": {"project_id": "05c71db0-45a0-4cba-a23b-64e012f4b8e8", "conversation_id": "c2e510d0-ff7e-4c3f-84e0-3c620d0101b5", "message_id": "fba55a36-29f4-424e-9e5c-bbb84ce0a00c", "role": "assistant", "content": "Response 1", "metadata": {}}}
{"timestamp": "2026-05-19T19:24:06.156499", "event": "message_added", "data": {"project_id": "91b9fe50-ac42-4835-998c-841ed6b21d08", "conversation_id": "a0000144-7375-4f80-af95-a2ee65792d73", "message_id": "120272fc-bc52-40c5-af17-95bbd794fac0", "role": "user", "content": "这是一个重要的消息，记住目标", "metadata": {}}}
{"timestamp": "2026-05-19T19:24:07.022240", "event": "message_added", "data": {"project_id": "e5e110b8-cc45-42e3-93ad-fa494602e167", "conversation_id": "1881d5cb-2ae7-47e6-97e4-f2c113f695ac", "message_id": "f0586d9a-82ac-4109-92e5-fbd27a482574", "role": "user", "content": "Hello", "metadata": {}}}
{"timestamp": "2026-05-19T19:24:07.136101", "event": "context_built", "data": {"project": "上下文测试"}}
{"timestamp": "2026-05-19T20:08:16.915875", "event": "message_added", "data": {"project_id": "06bb9b8a-fa2f-4cba-b1ac-99cefbe96a89", "conversation_id": "fb92b143-4fbc-42b4-8a84-6d69d0a577b6", "message_id": "2758f0cb-0eb6-4efa-8413-1b9f555c16a8", "role": "user", "content": "Hello, world!", "metadata": {}}}
{"timestamp": "2026-05-19T20:08:17.528819", "event": "message_added", "data": {"project_id": "d04bfaf4-40d0-46b2-bf27-9f88a437f97e", "conversation_id": "12b753cf-14d0-405a-8c45-c16526fe9fde", "message_id": "b8677b88-6f20-4782-b45f-9de755d20487", "role": "user", "content": "Message 1", "metadata": {}}}
{"timestamp": "2026-05-19T20:08:17.531462", "event": "message_added", "data": {"project_id": "d04bfaf4-40d0-46b2-bf27-9f88a437f97e", "conversation_id": "12b753cf-14d0-405a-8c45-c16526fe9fde", "message_id": "70d0a5bc-5a8e-4157-86fa-9e7056f83d4f", "role": "assistant", "content": "Response 1", "metadata": {}}}
{"timestamp": "2026-05-19T20:08:18.586152", "event": "message_added", "data": {"project_id": "d583ba64-a5b9-434d-97e3-713368270b42", "conversation_id": "d8d4bb7a-b02d-4e03-8490-1606249ba95d", "message_id": "30c6fbdf-ea89-46d9-97c6-a216fd8b8f00", "role": "user", "content": "这是一个重要的消息，记住目标", "metadata": {}}}
{"timestamp": "2026-05-19T20:08:19.704384", "event": "message_added", "data": {"project_id": "db0067ac-e6cd-4446-a3f4-e167c5ae39a3", "conversation_id": "e19f2ffe-25b8-4688-b5bd-0191549928f9", "message_id": "f64f243d-b314-41d3-b867-357062556797", "role": "user", "content": "Hello", "metadata": {}}}
{"timestamp": "2026-05-19T20:08:19.829606", "event": "context_built", "data": {"project": "上下文测试"}}
{"timestamp": "2026-05-19T20:12:22.136013", "event": "message_added", "data": {"project_id": "adc4ec5a-2824-4c9e-99c4-96a6d76410ad", "conversation_id": "0a300444-e92e-47fb-a3e7-d1a9d005d22f", "message_id": "59175f34-b3a9-4add-a697-bcadd0c2702b", "role": "user", "content": "Hello, world!", "metadata": {}}}
{"timestamp": "2026-05-19T20:12:22.626405", "event": "message_added", "data": {"project_id": "c1296ee7-82ea-427b-9f14-f4e986af305a", "conversation_id": "24838e30-71fe-4748-a04c-bc486bcfb1a4", "message_id": "a3d51972-fbce-48aa-8e61-163cde7e7f80", "role": "user", "content": "Message 1", "metadata": {}}}
{"timestamp": "2026-05-19T20:12:22.629623", "event": "message_added", "data": {"project_id": "c1296ee7-82ea-427b-9f14-f4e986af305a", "conversation_id": "24838e30-71fe-4748-a04c-bc486bcfb1a4", "message_id": "051afb5a-f787-4b02-be5a-2bde30af9b53", "role": "assistant", "content": "Response 1", "metadata": {}}}
{"timestamp": "2026-05-19T20:12:23.029260", "event": "message_added", "data": {"project_id": "e4a34d49-52fa-44c6-96a5-cc9532ceabcf", "conversation_id": "8090e6aa-b476-43d8-bfd3-3ecce11cb0ed", "message_id": "1836366a-74b4-419c-a9a2-ef431bc904b6", "role": "user", "content": "这是一个重要的消息，记住目标", "metadata": {}}}
{"timestamp": "2026-05-19T20:12:24.058872", "event": "message_added", "data": {"project_id": "c534d303-f851-440b-9bf9-6c4ceab7374f", "conversation_id": "07310497-4502-4f9e-956e-d9b890451d5c", "message_id": "dc972658-fd9c-4d93-a13f-feb60d32d919", "role": "user", "content": "Hello", "metadata": {}}}
{"timestamp": "2026-05-19T20:12:24.168492", "event": "context_built", "data": {"project": "上下文测试"}}
{"timestamp": "2026-05-19T20:18:12.544649", "event": "message_added", "data": {"project_id": "d080217e-8bb0-455f-9013-bb4862bf5fea", "conversation_id": "f7445fa3-a597-4e43-bfda-77653478deeb", "message_id": "95a34a58-65af-46c6-8f86-0b6c73f247e8", "role": "user", "content": "Hello, world!", "metadata": {}}}
{"timestamp": "2026-05-19T20:18:13.036481", "event": "message_added", "data": {"project_id": "58fb4a8d-55cd-4f94-ba88-c22ff75a57d9", "conversation_id": "9a2bae64-7637-4e83-8d71-15b416bf68d1", "message_id": "4919cef0-3bb4-4ede-94ab-a53d16e0b9af", "role": "user", "content": "Message 1", "metadata": {}}}
{"timestamp": "2026-05-19T20:18:13.038293", "event": "message_added", "data": {"project_id": "58fb4a8d-55cd-4f94-ba88-c22ff75a57d9", "conversation_id": "9a2bae64-7637-4e83-8d71-15b416bf68d1", "message_id": "00c50773-af55-4726-a0a9-5c73d2a80742", "role": "assistant", "content": "Response 1", "metadata": {}}}
{"timestamp": "2026-05-19T20:18:13.449829", "event": "message_added", "data": {"project_id": "8cd8b960-63c2-437f-a9d4-4fbe6742ce8a", "conversation_id": "b310466b-687a-4d97-81bb-6d3efc9ec135", "message_id": "abab425c-3652-4a46-a9ef-db2b1c0220bc", "role": "user", "content": "这是一个重要的消息，记住目标", "metadata": {}}}
{"timestamp": "2026-05-19T20:18:14.384796", "event": "message_added", "data": {"project_id": "8543a152-2da5-4c74-a770-9caff3f27baf", "conversation_id": "edaf4f9e-a8a9-42d9-ac93-eff7a2c5cbbe", "message_id": "ca8a9e56-42b4-40a1-b55b-7b705dd95862", "role": "user", "content": "Hello", "metadata": {}}}
{"timestamp": "2026-05-19T20:18:14.496783", "event": "context_built", "data": {"project": "上下文测试"}}
{"timestamp": "2026-05-19T20:57:41.419826", "event": "message_added", "data": {"project_id": "f62f8195-7d2b-4f46-a3c6-43b8ea069687", "conversation_id": "7eeb3028-9d00-4b86-a4ab-610911035cbb", "message_id": "8d82eb7f-716e-45fa-9d30-75cbc8f1eee2", "role": "user", "content": "Hello, world!", "metadata": {}}}
{"timestamp": "2026-05-19T20:57:41.878957", "event": "message_added", "data": {"project_id": "072e4687-0605-44b9-87ba-704a6aecb696", "conversation_id": "f21f283b-98ad-4514-97bc-faa6897cb550", "message_id": "372ee230-3edd-4166-bbe8-33cffb6de6dc", "role": "user", "content": "Message 1", "metadata": {}}}
{"timestamp": "2026-05-19T20:57:41.881794", "event": "message_added", "data": {"project_id": "072e4687-0605-44b9-87ba-704a6aecb696", "conversation_id": "f21f283b-98ad-4514-97bc-faa6897cb550", "message_id": "527b8ace-2484-465c-a789-f70ffba6acea", "role": "assistant", "content": "Response 1", "metadata": {}}}
{"timestamp": "2026-05-19T20:57:42.290009", "event": "message_added", "data": {"project_id": "367eee74-6142-4293-b3d5-d2e1c46b6513", "conversation_id": "0632817e-b2d0-4b72-818c-a3a3679fcc21", "message_id": "d5346c6c-9fe3-4475-bfb7-85c136d60e17", "role": "user", "content": "这是一个重要的消息，记住目标", "metadata": {}}}
{"timestamp": "2026-05-19T20:57:43.266502", "event": "message_added", "data": {"project_id": "93a38432-14d2-40fb-9aea-58bd8e0686cc", "conversation_id": "2ada1d50-2b7f-4b32-9f14-ac351bd72858", "message_id": "76869547-b52c-4c6c-9475-1662e1d7d18d", "role": "user", "content": "Hello", "metadata": {}}}
{"timestamp": "2026-05-19T20:57:43.374882", "event": "context_built", "data": {"project": "上下文测试"}}
{"timestamp": "2026-05-20T03:59:44.495971", "event": "message_added", "data": {"project_id": "b1192b8b-4020-478a-ae9d-5218262c591b", "conversation_id": "241f9c48-69a2-4115-a7fd-a39453929ebb", "message_id": "d39b647d-96de-4b2e-a300-891bc5f1aa09", "role": "user", "content": "Hello, world!", "metadata": {}}}
{"timestamp": "2026-05-20T03:59:44.966194", "event": "message_added", "data": {"project_id": "4eb97bc4-cc7a-451b-b01f-2ebe9645d1d4", "conversation_id": "a67ac2ac-a75a-47ab-826e-4b273f6f36bd", "message_id": "58c613b5-21d7-490c-88dc-1df14bcd6f42", "role": "user", "content": "Message 1", "metadata": {}}}
{"timestamp": "2026-05-20T03:59:44.967563", "event": "message_added", "data": {"project_id": "4eb97bc4-cc7a-451b-b01f-2ebe9645d1d4", "conversation_id": "a67ac2ac-a75a-47ab-826e-4b273f6f36bd", "message_id": "126316ee-559f-40ed-8aa7-22f7d3dc6dc6", "role": "assistant", "content": "Response 1", "metadata": {}}}
{"timestamp": "2026-05-20T03:59:45.696265", "event": "message_added", "data": {"project_id": "1cb0e534-3569-4a0c-8b23-887297119bf6", "conversation_id": "6ce0b6d9-81eb-4b63-a96e-518f99f33fcb", "message_id": "0602f673-f2a4-49db-a387-0fcfdd0c816c", "role": "user", "content": "这是一个重要的消息，记住目标", "metadata": {}}}
{"timestamp": "2026-05-20T03:59:46.699971", "event": "message_added", "data": {"project_id": "2c831a39-c7af-4079-b206-3c70a8d486f2", "conversation_id": "f2a838bc-228a-47d4-8486-761d2c6daace", "message_id": "efa394dd-7049-49ee-92f2-11fcc927d6f7", "role": "user", "content": "Hello", "metadata": {}}}
{"timestamp": "2026-05-20T03:59:46.854777", "event": "context_built", "data": {"project": "上下文测试"}}
{"timestamp": "2026-05-20T04:07:42.934923", "event": "message_added", "data": {"project_id": "a42fe7f2-a8db-4857-a1ec-5427e0e73a54", "conversation_id": "d6e8edcf-9f70-44ff-b83e-31132a6a054a", "message_id": "d5ee11b5-596f-4c7a-b115-d32a6d9e2d8a", "role": "user", "content": "Hello, world!", "metadata": {}}}
{"timestamp": "2026-05-20T04:07:43.418984", "event": "message_added", "data": {"project_id": "4adf5a55-a31f-4837-8dd3-f02deafeab02", "conversation_id": "b8500995-604f-4137-a976-28cb2f35afc8", "message_id": "81df293c-24fb-4afa-b757-5298f25682e8", "role": "user", "content": "Message 1", "metadata": {}}}
{"timestamp": "2026-05-20T04:07:43.420472", "event": "message_added", "data": {"project_id": "4adf5a55-a31f-4837-8dd3-f02deafeab02", "conversation_id": "b8500995-604f-4137-a976-28cb2f35afc8", "message_id": "c2e7fe14-e19c-453b-9e34-089fb6716e9d", "role": "assistant", "content": "Response 1", "metadata": {}}}
{"timestamp": "2026-05-20T04:07:43.870445", "event": "message_added", "data": {"project_id": "e4788eed-f16f-4609-b375-1b7decb628f0", "conversation_id": "2b2cf64c-ccfd-44d8-a99a-5d5da1099982", "message_id": "97ed00d5-8d0f-46f3-8366-77422a411088", "role": "user", "content": "这是一个重要的消息，记住目标", "metadata": {}}}
{"timestamp": "2026-05-20T04:07:44.959851", "event": "message_added", "data": {"project_id": "d00bc06d-4b16-4985-9e8d-f338f085d5c7", "conversation_id": "63c6361e-77cd-4e1f-8669-cc028189c4e5", "message_id": "6f6a9532-706d-410a-abda-78212694597b", "role": "user", "content": "Hello", "metadata": {}}}
{"timestamp": "2026-05-20T04:07:45.079002", "event": "context_built", "data": {"project": "上下文测试"}}
{"timestamp": "2026-05-20T04:11:53.000483", "event": "message_added", "data": {"project_id": "7df767f6-adc7-40c6-a3f3-5f0babb33454", "conversation_id": "c897f11a-576a-4392-8474-8a2ace38a0ea", "message_id": "2536e7f8-d48e-4c07-bbaf-1ba9eff9a860", "role": "user", "content": "Hello, world!", "metadata": {}}}
{"timestamp": "2026-05-20T04:11:53.466339", "event": "message_added", "data": {"project_id": "89c7129a-eea8-4521-a79b-e7ec38cc7177", "conversation_id": "bb5ac648-e294-4b66-830b-ad1bee10bfa4", "message_id": "9f5a8ea2-7f01-4b29-a0d9-898f3937946e", "role": "user", "content": "Message 1", "metadata": {}}}
{"timestamp": "2026-05-20T04:11:53.479650", "event": "message_added", "data": {"project_id": "89c7129a-eea8-4521-a79b-e7ec38cc7177", "conversation_id": "bb5ac648-e294-4b66-830b-ad1bee10bfa4", "message_id": "8065670b-84fd-499e-8731-abae7cbbb6c8", "role": "assistant", "content": "Response 1", "metadata": {}}}
{"timestamp": "2026-05-20T04:11:53.904876", "event": "message_added", "data": {"project_id": "c05dca75-7531-4960-8970-0c53b829d13c", "conversation_id": "5e34e7c0-c27f-439d-a736-300ca609dedd", "message_id": "a6d31494-a2d6-44ae-ae67-ff3d610e4496", "role": "user", "content": "这是一个重要的消息，记住目标", "metadata": {}}}
{"timestamp": "2026-05-20T04:11:54.896063", "event": "message_added", "data": {"project_id": "297cf3e8-2705-4a64-90ca-0b01bf957730", "conversation_id": "4c94335a-d1f6-4877-ab6d-eb5c5c4c6db1", "message_id": "5f0427b3-98d3-4c09-8df7-1c5e352656a2", "role": "user", "content": "Hello", "metadata": {}}}
{"timestamp": "2026-05-20T04:11:55.012717", "event": "context_built", "data": {"project": "上下文测试"}}
{"timestamp": "2026-05-20T06:21:02.270923", "event": "message_added", "data": {"project_id": "95927952-3408-4756-8f8c-fef28c46801c", "conversation_id": "05ef1027-568c-4898-b6bf-7bf75beeec03", "message_id": "4914db5e-c6ba-4ba4-bcc2-6cfdcf147e9e", "role": "user", "content": "Hello, world!", "metadata": {}}}
{"timestamp": "2026-05-20T06:21:02.747057", "event": "message_added", "data": {"project_id": "2edbbe52-c991-4e0a-a624-1e0c3265e084", "conversation_id": "a0683196-f4ce-4fba-90ce-8b4bcfd60982", "message_id": "828ddeed-52fa-4619-8560-72f54a8d8b94", "role": "user", "content": "Message 1", "metadata": {}}}
{"timestamp": "2026-05-20T06:21:02.749994", "event": "message_added", "data": {"project_id": "2edbbe52-c991-4e0a-a624-1e0c3265e084", "conversation_id": "a0683196-f4ce-4fba-90ce-8b4bcfd60982", "message_id": "0d843a2f-b8f6-465b-802e-046a89fe8ba9", "role": "assistant", "content": "Response 1", "metadata": {}}}
{"timestamp": "2026-05-20T06:21:03.170704", "event": "message_added", "data": {"project_id": "6bc84e9a-503f-45af-a89d-d9f3255655e7", "conversation_id": "f532d130-fb49-479e-ae76-8dfce5e60e38", "message_id": "4ed5ab4d-01d5-48a1-82d8-3429525a3bc7", "role": "user", "content": "这是一个重要的消息，记住目标", "metadata": {}}}
{"timestamp": "2026-05-20T06:21:04.185958", "event": "message_added", "data": {"project_id": "abd21323-8e43-4ec5-87ef-23a5ca816e40", "conversation_id": "dd9c4605-1076-42cf-b1b1-8744b50d7217", "message_id": "b7bcc107-b9cc-450f-9fea-9fe289827cbb", "role": "user", "content": "Hello", "metadata": {}}}
{"timestamp": "2026-05-20T06:21:04.298986", "event": "context_built", "data": {"project": "上下文测试"}}
{"timestamp": "2026-05-20T07:15:37.001613", "event": "message_added", "data": {"project_id": "d2406702-9355-4e06-87c1-c39006e9082e", "conversation_id": "c2454451-98d2-4df4-a6c6-5e080f0f55e5", "message_id": "c70f4bc5-06fc-4e0d-88ff-6d7c3de1a0e9", "role": "user", "content": "Hello, world!", "metadata": {}}}
{"timestamp": "2026-05-20T07:15:37.525480", "event": "message_added", "data": {"project_id": "3dbe46c8-1e7e-4c2c-9775-9da5cb32b1f8", "conversation_id": "abd44524-0cd9-4e19-9720-95b9d99b50e4", "message_id": "6c490ec3-6603-4200-a86f-a4410bdb9014", "role": "user", "content": "Message 1", "metadata": {}}}
{"timestamp": "2026-05-20T07:15:37.529259", "event": "message_added", "data": {"project_id": "3dbe46c8-1e7e-4c2c-9775-9da5cb32b1f8", "conversation_id": "abd44524-0cd9-4e19-9720-95b9d99b50e4", "message_id": "40eaa45a-1635-44a2-b312-be2fab8d0fdb", "role": "assistant", "content": "Response 1", "metadata": {}}}
{"timestamp": "2026-05-20T07:15:38.085891", "event": "message_added", "data": {"project_id": "6e078cad-b88e-461a-a273-b047dcc86739", "conversation_id": "104d51e8-2a30-4367-989b-ccbae4d3d001", "message_id": "314668d8-6f86-4cc2-863f-2b9d3c58d430", "role": "user", "content": "这是一个重要的消息，记住目标", "metadata": {}}}
{"timestamp": "2026-05-20T07:15:39.128771", "event": "message_added", "data": {"project_id": "f3cf6b6a-06f4-49b1-a3c7-e8c591d91e58", "conversation_id": "f56310a3-455f-4f61-b411-44ad30e4a6f1", "message_id": "b115b166-52b5-40f1-b633-25a03b33a12c", "role": "user", "content": "Hello", "metadata": {}}}
{"timestamp": "2026-05-20T07:15:39.246224", "event": "context_built", "data": {"project": "上下文测试"}}
{"timestamp": "2026-05-20T07:16:37.793755", "event": "message_added", "data": {"project_id": "4c695217-3a71-49f1-9336-b921d180b122", "conversation_id": "d891db6e-5735-4011-a027-c307fb6720be", "message_id": "701ffc33-3469-46aa-809d-1bdbfec31ec4", "role": "user", "content": "Hello, world!", "metadata": {}}}
{"timestamp": "2026-05-20T07:16:38.317969", "event": "message_added", "data": {"project_id": "73ef0ee5-4887-45b4-8b40-b82dbb301cf9", "conversation_id": "a7ae762c-8451-4d60-aa95-2ce0c3b90b2b", "message_id": "9b403935-f5ed-4575-8a35-346208322f83", "role": "user", "content": "Message 1", "metadata": {}}}
{"timestamp": "2026-05-20T07:16:38.321496", "event": "message_added", "data": {"project_id": "73ef0ee5-4887-45b4-8b40-b82dbb301cf9", "conversation_id": "a7ae762c-8451-4d60-aa95-2ce0c3b90b2b", "message_id": "a8b74a77-48fc-47a8-b31c-1c1cd0f4bf8a", "role": "assistant", "content": "Response 1", "metadata": {}}}
{"timestamp": "2026-05-20T07:16:38.738294", "event": "message_added", "data": {"project_id": "073ee06e-be03-4d6d-8a18-1e8cdc553333", "conversation_id": "756ca3eb-4915-41c6-b33e-90f63575690f", "message_id": "d3ae8aee-04e7-438a-ad85-9d0ed7e68892", "role": "user", "content": "这是一个重要的消息，记住目标", "metadata": {}}}
{"timestamp": "2026-05-20T07:16:39.802379", "event": "message_added", "data": {"project_id": "3ae574c6-4265-4668-83d4-b0bf75dc3206", "conversation_id": "c3eaf3c1-dae1-4ed7-b3bf-2351908718c9", "message_id": "504f9906-99db-4dc5-90b9-652107d4124f", "role": "user", "content": "Hello", "metadata": {}}}
{"timestamp": "2026-05-20T07:16:39.937618", "event": "context_built", "data": {"project": "上下文测试"}}
{"timestamp": "2026-05-20T15:50:04.773953", "event": "message_added", "data": {"project_id": "97314426-8da5-45ed-bb86-6b40519b8a71", "conversation_id": "70069a23-e9b6-47fb-b677-08eb82fc4e9d", "message_id": "9c70aef3-5d21-4c8e-9698-b40888894c2e", "role": "user", "content": "Hello, world!", "metadata": {}}}
{"timestamp": "2026-05-20T15:50:05.251211", "event": "message_added", "data": {"project_id": "361dd529-802d-4781-a721-1c3a4ef58eb1", "conversation_id": "3f46ebb0-c887-4b89-98c3-9f837ff676d2", "message_id": "e1cf1cbc-e358-4a13-b48a-fb297fe37536", "role": "user", "content": "Message 1", "metadata": {}}}
{"timestamp": "2026-05-20T15:50:05.257508", "event": "message_added", "data": {"project_id": "361dd529-802d-4781-a721-1c3a4ef58eb1", "conversation_id": "3f46ebb0-c887-4b89-98c3-9f837ff676d2", "message_id": "7aad95e2-c945-4933-8f5a-f08360881c56", "role": "assistant", "content": "Response 1", "metadata": {}}}
{"timestamp": "2026-05-20T15:50:05.746165", "event": "message_added", "data": {"project_id": "f3d09fd2-1473-4233-b05e-58dc531d4168", "conversation_id": "b514d515-35f0-42f1-b388-a2229c811eae", "message_id": "1044fb56-eef0-489c-8092-9c225406953c", "role": "user", "content": "这是一个重要的消息，记住目标", "metadata": {}}}
{"timestamp": "2026-05-20T15:50:06.694188", "event": "message_added", "data": {"project_id": "437a0c54-5dbe-4533-8774-ba3b3427a6fa", "conversation_id": "5f229ab7-5f74-4605-8018-5fb55108a993", "message_id": "3fb91753-0cc6-4b5e-b7e9-399068b3e440", "role": "user", "content": "Hello", "metadata": {}}}
{"timestamp": "2026-05-20T15:50:06.799000", "event": "context_built", "data": {"project": "上下文测试"}}
{"timestamp": "2026-05-20T15:51:09.968953", "event": "message_added", "data": {"project_id": "4ac97939-9293-42d9-bc53-7ef04fb9d61e", "conversation_id": "a05b1f98-e018-4859-bedd-be279f7f0446", "message_id": "1055ecf3-76a7-4aa8-8a1a-81f8ec120ce9", "role": "user", "content": "Hello, world!", "metadata": {}}}
{"timestamp": "2026-05-20T15:51:10.440742", "event": "message_added", "data": {"project_id": "43f23ac0-049f-48a8-beb5-e5abb5c0bcd6", "conversation_id": "96c0ee3b-2ca1-4d81-b30a-146cebcae6dc", "message_id": "c9621847-e8e9-41f5-8b2d-c892860ea74a", "role": "user", "content": "Message 1", "metadata": {}}}
{"timestamp": "2026-05-20T15:51:10.441836", "event": "message_added", "data": {"project_id": "43f23ac0-049f-48a8-beb5-e5abb5c0bcd6", "conversation_id": "96c0ee3b-2ca1-4d81-b30a-146cebcae6dc", "message_id": "172bbb76-46c2-4a2a-a647-45f72d7212be", "role": "assistant", "content": "Response 1", "metadata": {}}}
{"timestamp": "2026-05-20T15:51:10.847138", "event": "message_added", "data": {"project_id": "32d57f64-2a50-4a37-9087-a04f84128c0a", "conversation_id": "c3564724-6875-4208-8f64-831544cf2184", "message_id": "5413e2eb-c6bb-4a51-b8a2-7e76a6b855a4", "role": "user", "content": "这是一个重要的消息，记住目标", "metadata": {}}}
{"timestamp": "2026-05-20T15:51:11.806415", "event": "message_added", "data": {"project_id": "b7c69542-1ab5-4a8c-b94c-66921a4c5d58", "conversation_id": "706f5fbf-564b-42bf-afba-6b086239c86f", "message_id": "1d0c7f7d-1ea6-4434-ba7d-3007fef29749", "role": "user", "content": "Hello", "metadata": {}}}
{"timestamp": "2026-05-20T15:51:11.914521", "event": "context_built", "data": {"project": "上下文测试"}}
{"timestamp": "2026-05-20T16:01:24.786315", "event": "message_added", "data": {"project_id": "3df80250-3e78-47ba-a499-3e2df2f9f591", "conversation_id": "eb7f7d31-fee0-4523-8849-40cbfc036051", "message_id": "8773cd46-cd80-4e97-b71e-69ae986bb9ac", "role": "user", "content": "Hello, world!", "metadata": {}}}
{"timestamp": "2026-05-20T16:01:25.258476", "event": "message_added", "data": {"project_id": "10b3c6c8-c1b7-4ce7-b390-c707bbb75a3f", "conversation_id": "5ec14e7a-4ea8-4ee7-a201-cf86085190b0", "message_id": "b28c673e-1cc9-4d24-b646-6cbcc536804b", "role": "user", "content": "Message 1", "metadata": {}}}
{"timestamp": "2026-05-20T16:01:25.261020", "event": "message_added", "data": {"project_id": "10b3c6c8-c1b7-4ce7-b390-c707bbb75a3f", "conversation_id": "5ec14e7a-4ea8-4ee7-a201-cf86085190b0", "message_id": "8b84b9cf-eafc-49d4-872b-ef2309ac266c", "role": "assistant", "content": "Response 1", "metadata": {}}}
{"timestamp": "2026-05-20T16:01:25.692516", "event": "message_added", "data": {"project_id": "338c63c1-416a-4227-896e-f452381cecf6", "conversation_id": "ce0a9011-686c-4a3d-bcc9-e4f77bb6025b", "message_id": "cd911714-9718-4751-ad02-5bc7c74020fd", "role": "user", "content": "这是一个重要的消息，记住目标", "metadata": {}}}
{"timestamp": "2026-05-20T16:01:26.681445", "event": "message_added", "data": {"project_id": "11836e6d-f3c5-433f-be18-6c37dd300512", "conversation_id": "b1167098-1b10-4900-b9ce-e72dec3bad84", "message_id": "ab475f3d-0fee-47e1-80f8-10e4b438263e", "role": "user", "content": "Hello", "metadata": {}}}
{"timestamp": "2026-05-20T16:01:26.806021", "event": "context_built", "data": {"project": "上下文测试"}}
{"timestamp": "2026-05-20T16:22:53.625001", "event": "message_added", "data": {"project_id": "44d32ee7-fe33-4fcf-ab7b-5d8fb32da331", "conversation_id": "048926cf-4dfc-438a-a93c-700242344444", "message_id": "b6a71dcc-a5ab-4034-9d0d-62e16c095e28", "role": "user", "content": "Hello, world!", "metadata": {}}}
{"timestamp": "2026-05-20T16:22:54.137953", "event": "message_added", "data": {"project_id": "020a2e43-685e-4651-a6e1-bff933eb8718", "conversation_id": "95f8bfd7-fc2c-43ce-af96-bcf8cb829f87", "message_id": "3df5a939-9e38-4768-83df-f84c31bca3c5", "role": "user", "content": "Message 1", "metadata": {}}}
{"timestamp": "2026-05-20T16:22:54.140546", "event": "message_added", "data": {"project_id": "020a2e43-685e-4651-a6e1-bff933eb8718", "conversation_id": "95f8bfd7-fc2c-43ce-af96-bcf8cb829f87", "message_id": "77ec8e83-da09-41fb-a343-d6dcb985bde5", "role": "assistant", "content": "Response 1", "metadata": {}}}
{"timestamp": "2026-05-20T16:22:54.568103", "event": "message_added", "data": {"project_id": "86befd03-70a1-4505-a036-809dfddb2f01", "conversation_id": "7771a20a-e968-4dab-9283-3a2d322e6197", "message_id": "00149f3a-3f64-4047-8643-42c1f1091d19", "role": "user", "content": "这是一个重要的消息，记住目标", "metadata": {}}}
{"timestamp": "2026-05-20T16:22:54.585706", "event": "message_added", "data": {"project_id": "c40c928e-1942-4a05-84d6-9b17ce942053", "conversation_id": "0078c3a4-a1c1-46b0-979a-bae46e4d4eed", "message_id": "94f37e06-bc00-4274-bd39-f16739da7e26", "role": "user", "content": "Hello", "metadata": {}}}
{"timestamp": "2026-05-20T16:22:54.711314", "event": "context_built", "data": {"project": "上下文测试"}}
{"timestamp": "2026-05-20T16:34:57.504579", "event": "message_added", "data": {"project_id": "6c704c59-2a53-4950-a874-c5e41c34f6d2", "conversation_id": "7a752703-7820-49e0-8427-17043d2d7a21", "message_id": "170aa7e7-fae8-4736-8209-39d5bfd2d76b", "role": "user", "content": "Hello, world!", "metadata": {}}}
{"timestamp": "2026-05-20T16:34:57.834555", "event": "message_added", "data": {"project_id": "c21fd2f6-6869-4afa-93f4-d565fd5becc7", "conversation_id": "81ca0b08-909a-4c8d-b462-cf509937d5dd", "message_id": "85fe2712-8232-4741-904b-e4ed62b49591", "role": "user", "content": "Message 1", "metadata": {}}}
{"timestamp": "2026-05-20T16:34:57.839284", "event": "message_added", "data": {"project_id": "c21fd2f6-6869-4afa-93f4-d565fd5becc7", "conversation_id": "81ca0b08-909a-4c8d-b462-cf509937d5dd", "message_id": "82e55bbb-56de-4cd9-b430-90b3bd0da88d", "role": "assistant", "content": "Response 1", "metadata": {}}}
{"timestamp": "2026-05-20T16:34:58.252840", "event": "message_added", "data": {"project_id": "1d6b88b0-6a2b-4bcf-a0fa-9eaf0c7b701e", "conversation_id": "0a175d2c-e621-45bb-a19a-8406b389585a", "message_id": "12d5ff40-1ec1-4d13-a9db-444c3311c54c", "role": "user", "content": "这是一个重要的消息，记住目标", "metadata": {}}}
{"timestamp": "2026-05-20T16:34:59.310383", "event": "message_added", "data": {"project_id": "b1cfaea9-66d2-47eb-9a6b-536caa382cb0", "conversation_id": "72687d44-3043-4dd4-9ebe-46fc1bec4f4c", "message_id": "a696e72f-9b53-484b-a95b-5e8122d99390", "role": "user", "content": "Hello", "metadata": {}}}
{"timestamp": "2026-05-20T16:34:59.442760", "event": "context_built", "data": {"project": "上下文测试"}}
{"timestamp": "2026-05-20T18:15:43.521359", "event": "message_added", "data": {"project_id": "8953c3c0-90c9-4207-b1c4-e1d1a3b47e83", "conversation_id": "97ed5fa0-a307-4979-bd6e-d1529af327b2", "message_id": "d6bdea55-b474-475a-8124-80196c039f72", "role": "user", "content": "Hello, world!", "metadata": {}}}
{"timestamp": "2026-05-20T18:15:43.849622", "event": "message_added", "data": {"project_id": "3ee5dd62-570f-4056-a347-2b60311881b8", "conversation_id": "8a5574a4-de06-4212-83fb-e8f287720436", "message_id": "24735400-4745-4ed6-a61b-c196b47ffd60", "role": "user", "content": "Message 1", "metadata": {}}}
{"timestamp": "2026-05-20T18:15:43.852410", "event": "message_added", "data": {"project_id": "3ee5dd62-570f-4056-a347-2b60311881b8", "conversation_id": "8a5574a4-de06-4212-83fb-e8f287720436", "message_id": "a97eb0e7-794f-4def-bd57-51cfbb715efa", "role": "assistant", "content": "Response 1", "metadata": {}}}
{"timestamp": "2026-05-20T18:15:44.357202", "event": "message_added", "data": {"project_id": "ccf3199d-f910-4853-8226-f9cfc154db45", "conversation_id": "9893af1d-9f4f-41a5-af3d-d7c2f8c737a5", "message_id": "00f17d5a-c310-4065-aa6a-6bd879aa40c4", "role": "user", "content": "这是一个重要的消息，记住目标", "metadata": {}}}
{"timestamp": "2026-05-20T18:15:45.348451", "event": "message_added", "data": {"project_id": "d0240ea5-d148-4762-b8b8-33e7e714b0bf", "conversation_id": "363218be-01b3-49cf-b998-445f38806415", "message_id": "1f72dcab-bd6d-4786-8f11-1f7297804def", "role": "user", "content": "Hello", "metadata": {}}}
{"timestamp": "2026-05-20T18:15:45.458641", "event": "context_built", "data": {"project": "上下文测试"}}
{"timestamp": "2026-05-20T19:45:01.977561", "event": "message_added", "data": {"project_id": "3cb792e5-9692-40bb-814a-66bd08c8544f", "conversation_id": "14d70e77-b141-413e-a159-cce871cd3c06", "message_id": "d012fcc0-c8be-45c2-a13f-ca0b4ae0f3f6", "role": "user", "content": "Hello, world!", "metadata": {}}}
{"timestamp": "2026-05-20T19:45:02.404745", "event": "message_added", "data": {"project_id": "2b5f1712-9e7f-4be8-a277-8ce852339424", "conversation_id": "a46c1103-8c25-48df-9347-91d330de89ae", "message_id": "4f0579e3-cd11-467f-b5f4-b8021704ca28", "role": "user", "content": "Message 1", "metadata": {}}}
{"timestamp": "2026-05-20T19:45:02.406493", "event": "message_added", "data": {"project_id": "2b5f1712-9e7f-4be8-a277-8ce852339424", "conversation_id": "a46c1103-8c25-48df-9347-91d330de89ae", "message_id": "9b176f1e-0e07-4955-bfcb-1f5ccb9dfb38", "role": "assistant", "content": "Response 1", "metadata": {}}}
{"timestamp": "2026-05-20T19:45:02.932070", "event": "message_added", "data": {"project_id": "143ff3c9-b61a-48dd-9e3f-aa95099973f6", "conversation_id": "630acb34-43d4-40d1-a026-c7c86da47672", "message_id": "282d8d4d-5a99-47db-b7d1-a8095f29c2c6", "role": "user", "content": "这是一个重要的消息，记住目标", "metadata": {}}}
{"timestamp": "2026-05-20T19:45:04.204975", "event": "message_added", "data": {"project_id": "0ecc646f-94e3-43b7-a77b-ab0e046a7ee5", "conversation_id": "9c060f46-95ac-4b09-927b-1d54747a572d", "message_id": "89501b6e-614a-4bb9-afe0-b4ca3e496c95", "role": "user", "content": "Hello", "metadata": {}}}
{"timestamp": "2026-05-20T19:45:04.318427", "event": "context_built", "data": {"project": "上下文测试"}}
{"timestamp": "2026-05-20T20:58:45.793435", "event": "message_added", "data": {"project_id": "1d15c91c-ad98-4168-86bf-7c200da11b14", "conversation_id": "7c09750e-22ce-4e27-953a-99e8aa94ff98", "message_id": "a9061f6c-67ef-41c1-979f-bde7bf0aaa2f", "role": "user", "content": "Hello, world!", "metadata": {}}}
{"timestamp": "2026-05-20T20:58:46.158416", "event": "message_added", "data": {"project_id": "7e997527-9cd1-4465-a78c-93319a6dce33", "conversation_id": "d4ec79a6-c633-4ce8-9666-4d5c6294e051", "message_id": "92e28aed-0c31-4fb5-b2a1-bd71b972d97d", "role": "user", "content": "Message 1", "metadata": {}}}
{"timestamp": "2026-05-20T20:58:46.162195", "event": "message_added", "data": {"project_id": "7e997527-9cd1-4465-a78c-93319a6dce33", "conversation_id": "d4ec79a6-c633-4ce8-9666-4d5c6294e051", "message_id": "d9856f08-6b9e-44fc-93c0-55344803a31d", "role": "assistant", "content": "Response 1", "metadata": {}}}
{"timestamp": "2026-05-20T20:58:46.737719", "event": "message_added", "data": {"project_id": "97ba6bcb-e34c-4e52-8301-37004eb42429", "conversation_id": "5d78624c-3976-47b5-949d-b6c96d095eaf", "message_id": "1d6df7be-e2b4-4075-b737-6b661b77e80f", "role": "user", "content": "这是一个重要的消息，记住目标", "metadata": {}}}
{"timestamp": "2026-05-20T20:58:47.858448", "event": "message_added", "data": {"project_id": "6debbdd6-8dde-429a-b66c-51a33d71b27d", "conversation_id": "48da262f-0d0b-4b32-95a5-acb2da8c16f3", "message_id": "a8d995c9-3f5e-4766-9314-c3f2748917d8", "role": "user", "content": "Hello", "metadata": {}}}
{"timestamp": "2026-05-20T20:58:47.977210", "event": "context_built", "data": {"project": "上下文测试"}}
{"timestamp": "2026-05-20T21:28:37.836966", "event": "message_added", "data": {"project_id": "f19913b2-4167-4cff-96c5-fedb10893e82", "conversation_id": "5b9d7f54-5321-489c-838b-f2d68cb75cfe", "message_id": "20138878-a04d-4afa-8156-15eeb7960194", "role": "user", "content": "Hello, world!", "metadata": {}}}
{"timestamp": "2026-05-20T21:28:38.182167", "event": "message_added", "data": {"project_id": "f3d61b35-4c8c-40bb-abbf-d0ea809754ca", "conversation_id": "effdf197-3633-4545-85e9-fbbdb1bef941", "message_id": "943f46ad-5f08-4f2e-955e-36d5e5f5d0a3", "role": "user", "content": "Message 1", "metadata": {}}}
{"timestamp": "2026-05-20T21:28:38.185138", "event": "message_added", "data": {"project_id": "f3d61b35-4c8c-40bb-abbf-d0ea809754ca", "conversation_id": "effdf197-3633-4545-85e9-fbbdb1bef941", "message_id": "a259ac9e-8ec8-4ae5-93d3-070604121e11", "role": "assistant", "content": "Response 1", "metadata": {}}}
{"timestamp": "2026-05-20T21:28:38.659410", "event": "message_added", "data": {"project_id": "9101cda1-6195-4be0-ac01-cc24047db31b", "conversation_id": "9f49e2b1-dc4f-4823-88b2-69fc11ff38c6", "message_id": "5a3e13a4-5a10-4595-812d-8bfc7e5160d0", "role": "user", "content": "这是一个重要的消息，记住目标", "metadata": {}}}
{"timestamp": "2026-05-20T21:28:39.809624", "event": "message_added", "data": {"project_id": "1b6ffd19-1c37-4593-99a2-b0034f5e811a", "conversation_id": "09d3001e-1d95-4c24-b541-a9f4aad27bc2", "message_id": "638fa453-12ee-494d-9340-01cde3826409", "role": "user", "content": "Hello", "metadata": {}}}
{"timestamp": "2026-05-20T21:28:39.948422", "event": "context_built", "data": {"project": "上下文测试"}}
{"timestamp": "2026-05-20T21:43:22.553766", "event": "message_added", "data": {"project_id": "817e0744-65af-4154-8b99-69caf9c899fe", "conversation_id": "3ac82cc2-f2ad-43cf-aba3-8d1f6694bed2", "message_id": "7e88dcca-2434-4b98-9d25-e5b0f1346cf6", "role": "user", "content": "Hello, world!", "metadata": {}}}
{"timestamp": "2026-05-20T21:43:22.916832", "event": "message_added", "data": {"project_id": "493a51e5-db33-40dd-9949-3c6768dc04e2", "conversation_id": "8a2e6edb-1a98-41ca-90de-d0fae7e2b54d", "message_id": "3f82d459-6d58-40ee-9815-b58f51fc5bd9", "role": "user", "content": "Message 1", "metadata": {}}}
{"timestamp": "2026-05-20T21:43:22.918622", "event": "message_added", "data": {"project_id": "493a51e5-db33-40dd-9949-3c6768dc04e2", "conversation_id": "8a2e6edb-1a98-41ca-90de-d0fae7e2b54d", "message_id": "c79922ab-8386-4835-ad95-8359b4510409", "role": "assistant", "content": "Response 1", "metadata": {}}}
{"timestamp": "2026-05-20T21:43:23.347159", "event": "message_added", "data": {"project_id": "8e8a481c-f000-4660-beaf-f402cd5a6a77", "conversation_id": "4977cecb-c337-4ba9-b219-48b17b1539aa", "message_id": "79368070-d300-4889-b252-0b658e291309", "role": "user", "content": "这是一个重要的消息，记住目标", "metadata": {}}}
{"timestamp": "2026-05-20T21:43:24.390046", "event": "message_added", "data": {"project_id": "dc197f7d-1f29-46ed-acab-2b0ec638dc6f", "conversation_id": "d40e8640-a491-4157-a5c1-85e357031864", "message_id": "4677b5ee-bd6b-41eb-a64f-9640b78e739d", "role": "user", "content": "Hello", "metadata": {}}}
{"timestamp": "2026-05-20T21:43:24.509094", "event": "context_built", "data": {"project": "上下文测试"}}
{"timestamp": "2026-05-21T09:48:43.761758", "event": "message_added", "data": {"project_id": "2434cf81-5bd9-471f-9336-655fe14cf414", "conversation_id": "a359c75a-7b6b-48f6-b067-32101b670b3a", "message_id": "a8d55221-8646-4bf3-9d42-9b2c4010fda7", "role": "user", "content": "Hello, world!", "metadata": {}}}
{"timestamp": "2026-05-21T09:48:44.110883", "event": "message_added", "data": {"project_id": "eef254e8-720e-413e-b6c4-350e0fc40070", "conversation_id": "290d91ad-e07c-4bea-abc5-e6bcf1e79623", "message_id": "fba9195c-3c18-41be-a121-ddafeb275e20", "role": "user", "content": "Message 1", "metadata": {}}}
{"timestamp": "2026-05-21T09:48:44.112425", "event": "message_added", "data": {"project_id": "eef254e8-720e-413e-b6c4-350e0fc40070", "conversation_id": "290d91ad-e07c-4bea-abc5-e6bcf1e79623", "message_id": "2cb64bab-1df8-4f44-9b99-f00fbcc5a849", "role": "assistant", "content": "Response 1", "metadata": {}}}
{"timestamp": "2026-05-21T09:48:44.678123", "event": "message_added", "data": {"project_id": "6850f398-7f2c-47fc-9cf8-97ac0a580ca9", "conversation_id": "6fedc604-5a95-4565-a606-419bd2802044", "message_id": "189da62e-dcbd-46c6-a629-6e0e57eca498", "role": "user", "content": "这是一个重要的消息，记住目标", "metadata": {}}}
{"timestamp": "2026-05-21T09:48:43.276821", "event": "message_added", "data": {"project_id": "bb1b6130-38d5-4fb2-8fb0-4eee6071e94e", "conversation_id": "437437a8-c762-43e0-a721-3f5f72c1c8a6", "message_id": "44a6a441-2512-4c65-8b1d-5e0b1c2a0ff3", "role": "user", "content": "Hello", "metadata": {}}}
{"timestamp": "2026-05-21T09:48:43.398742", "event": "context_built", "data": {"project": "上下文测试"}}
{"timestamp": "2026-05-21T09:56:27.625800", "event": "message_added", "data": {"project_id": "d331a59b-812a-4ac9-8084-589309e0bfad", "conversation_id": "6db3f5bd-f02b-4a35-8269-a2a6891c0f2b", "message_id": "12e4bd0d-248d-401b-8b45-d316f15c57f6", "role": "user", "content": "Hello, world!", "metadata": {}}}
{"timestamp": "2026-05-21T09:56:28.036203", "event": "message_added", "data": {"project_id": "749e9188-595b-4d65-8b01-7f83e0abaa6b", "conversation_id": "385c3798-9a0c-400b-8b32-42a7bb8825f9", "message_id": "0769c5fe-90ae-4759-9a7f-29641078bd85", "role": "user", "content": "Message 1", "metadata": {}}}
{"timestamp": "2026-05-21T09:56:28.039411", "event": "message_added", "data": {"project_id": "749e9188-595b-4d65-8b01-7f83e0abaa6b", "conversation_id": "385c3798-9a0c-400b-8b32-42a7bb8825f9", "message_id": "7353ac34-4981-446a-97db-6f43f82b3692", "role": "assistant", "content": "Response 1", "metadata": {}}}
{"timestamp": "2026-05-21T09:56:28.489896", "event": "message_added", "data": {"project_id": "dd9ab816-3245-4153-b848-ef93c7dc2b50", "conversation_id": "2fd8cc41-fa89-4e30-a98b-977d396bf8f3", "message_id": "c0494086-0972-4213-b2ab-8412db2c2747", "role": "user", "content": "这是一个重要的消息，记住目标", "metadata": {}}}
{"timestamp": "2026-05-21T09:56:29.636934", "event": "message_added", "data": {"project_id": "55ca91b4-2f19-494a-9162-6cca41926773", "conversation_id": "5046975a-4f74-4bc8-bb15-82833db50e75", "message_id": "c8a2570e-dd3a-4dda-8558-deb02d6418b4", "role": "user", "content": "Hello", "metadata": {}}}
{"timestamp": "2026-05-21T09:56:29.771394", "event": "context_built", "data": {"project": "上下文测试"}}
{"timestamp": "2026-05-21T09:57:35.569166", "event": "message_added", "data": {"project_id": "c5f7a00d-778d-4968-b630-d954d1f66955", "conversation_id": "ad635268-e69b-4a5a-82ea-24d7cdd2d656", "message_id": "d541d21c-0aa3-458f-8eee-0d0b2932d3ec", "role": "user", "content": "Hello, world!", "metadata": {}}}
{"timestamp": "2026-05-21T09:57:35.934822", "event": "message_added", "data": {"project_id": "113909d7-77fb-417f-b74d-5ed49cd6a69b", "conversation_id": "0e226465-e663-4c7b-99fa-13870d2ddd81", "message_id": "2c3f9715-634b-4c5a-8d11-e80027e1bbc3", "role": "user", "content": "Message 1", "metadata": {}}}
{"timestamp": "2026-05-21T09:57:35.937709", "event": "message_added", "data": {"project_id": "113909d7-77fb-417f-b74d-5ed49cd6a69b", "conversation_id": "0e226465-e663-4c7b-99fa-13870d2ddd81", "message_id": "12f66cc1-01ab-47c7-8940-acdc017b09c7", "role": "assistant", "content": "Response 1", "metadata": {}}}
{"timestamp": "2026-05-21T09:57:36.393954", "event": "message_added", "data": {"project_id": "550248c1-cbda-45e5-9928-0eae5ae82dae", "conversation_id": "893ed563-6a41-4782-8b93-2209238724a2", "message_id": "c99bc7d1-6658-4c53-84c8-043bba661512", "role": "user", "content": "这是一个重要的消息，记住目标", "metadata": {}}}
{"timestamp": "2026-05-21T09:57:37.763436", "event": "message_added", "data": {"project_id": "244eb78a-596a-41b9-86f9-98564df33afe", "conversation_id": "69263a89-82e7-464c-9fac-0098fc88c886", "message_id": "601f5b87-5810-46ae-99b6-db8c44839e5e", "role": "user", "content": "Hello", "metadata": {}}}
{"timestamp": "2026-05-21T09:57:37.898660", "event": "context_built", "data": {"project": "上下文测试"}}
{"timestamp": "2026-05-21T10:03:53.266837", "event": "message_added", "data": {"project_id": "baf0b113-a17c-4e74-8682-add6fa8a7b63", "conversation_id": "9bffbb55-c8db-42d5-a569-fa53f3e65ead", "message_id": "8ecec69a-0379-4f7a-b7c3-3d90a169ce17", "role": "user", "content": "Hello, world!", "metadata": {}}}
{"timestamp": "2026-05-21T10:03:53.654339", "event": "message_added", "data": {"project_id": "088aec21-e482-4a0d-be56-0d8e51e4e416", "conversation_id": "4373bdd2-9273-4ff4-abf0-fd7bb37acde8", "message_id": "868904c6-0252-420a-9867-5de83c66fbeb", "role": "user", "content": "Message 1", "metadata": {}}}
{"timestamp": "2026-05-21T10:03:53.655656", "event": "message_added", "data": {"project_id": "088aec21-e482-4a0d-be56-0d8e51e4e416", "conversation_id": "4373bdd2-9273-4ff4-abf0-fd7bb37acde8", "message_id": "41da78cd-21b1-4c27-80e1-801be0b69213", "role": "assistant", "content": "Response 1", "metadata": {}}}
{"timestamp": "2026-05-21T10:03:54.110309", "event": "message_added", "data": {"project_id": "ad203136-8963-4dfe-9e62-d5cb7449ff6c", "conversation_id": "9b86f55d-6f9a-4319-8f54-bd6c84536d4e", "message_id": "62a9b2ed-cf79-4ea8-8584-0235851fd993", "role": "user", "content": "这是一个重要的消息，记住目标", "metadata": {}}}
{"timestamp": "2026-05-21T10:03:55.354623", "event": "message_added", "data": {"project_id": "8c2a24d4-b651-4015-b39c-e6bf42dff9ee", "conversation_id": "16bcf2e8-260f-4556-a6a7-39cb78a38e49", "message_id": "5532541e-c9a0-462c-b26a-9e288668d84e", "role": "user", "content": "Hello", "metadata": {}}}
{"timestamp": "2026-05-21T10:03:55.476652", "event": "context_built", "data": {"project": "上下文测试"}}
{"timestamp": "2026-05-21T10:05:09.164512", "event": "message_added", "data": {"project_id": "a8a969ba-aa7f-4e03-824d-177e8793eee5", "conversation_id": "c073998e-88cc-4245-b793-80a2e3720be4", "message_id": "4136c7df-069d-4ef9-84bd-45df0e12fec2", "role": "user", "content": "Hello, world!", "metadata": {}}}
{"timestamp": "2026-05-21T10:05:09.548866", "event": "message_added", "data": {"project_id": "4efc6b7c-454d-47ee-8f41-37e7cdbd3aec", "conversation_id": "1dff11d1-d526-4437-95e1-557f706d009a", "message_id": "d87b5537-b883-4113-8a14-d28e44ea7c4a", "role": "user", "content": "Message 1", "metadata": {}}}
{"timestamp": "2026-05-21T10:05:09.550252", "event": "message_added", "data": {"project_id": "4efc6b7c-454d-47ee-8f41-37e7cdbd3aec", "conversation_id": "1dff11d1-d526-4437-95e1-557f706d009a", "message_id": "5e097420-ca4b-4fe0-8c1b-40b1f63a1933", "role": "assistant", "content": "Response 1", "metadata": {}}}
{"timestamp": "2026-05-21T10:05:10.001793", "event": "message_added", "data": {"project_id": "1904daef-77a2-40b7-abb3-a104be0d04ac", "conversation_id": "f96a2b73-33c1-412d-b365-2931bd29d4db", "message_id": "2fe6fe23-7e20-4dc4-95c7-3a4a611ffd14", "role": "user", "content": "这是一个重要的消息，记住目标", "metadata": {}}}
{"timestamp": "2026-05-21T10:05:11.308729", "event": "message_added", "data": {"project_id": "ec2fca9f-4796-41b9-9922-fe1f0fe6c576", "conversation_id": "dccd4eae-78ae-4d13-9a6d-3472532f7333", "message_id": "d6e70ba0-9fa2-4b31-9f52-58bdd71c1d4b", "role": "user", "content": "Hello", "metadata": {}}}
{"timestamp": "2026-05-21T10:05:11.427047", "event": "context_built", "data": {"project": "上下文测试"}}
{"timestamp": "2026-05-21T10:10:18.821147", "event": "message_added", "data": {"project_id": "36ed1461-84a6-4f08-a9fb-66cf77b5f8c4", "conversation_id": "ca9cbdb3-20d7-46a8-8616-80b497ae0897", "message_id": "7d59e3fe-00c3-474a-b376-47e78641543c", "role": "user", "content": "Hello, world!", "metadata": {}}}
{"timestamp": "2026-05-21T10:10:19.209055", "event": "message_added", "data": {"project_id": "6a0a7b37-999e-40ff-b659-fd4437f48e47", "conversation_id": "a773a0c4-f3ef-4c1e-8266-1d834c8be297", "message_id": "ff44b563-3924-448b-91ab-53f267b92bba", "role": "user", "content": "Message 1", "metadata": {}}}
{"timestamp": "2026-05-21T10:10:19.212437", "event": "message_added", "data": {"project_id": "6a0a7b37-999e-40ff-b659-fd4437f48e47", "conversation_id": "a773a0c4-f3ef-4c1e-8266-1d834c8be297", "message_id": "4d2ded75-3ea0-4508-84c8-1368c3a2fa1b", "role": "assistant", "content": "Response 1", "metadata": {}}}
{"timestamp": "2026-05-21T10:10:19.670593", "event": "message_added", "data": {"project_id": "6b22fdc0-9b3b-4a93-85da-5908276d1221", "conversation_id": "f0e7c422-0a27-4876-b2f4-63afae243bdd", "message_id": "0692a39e-6e1e-4cef-aa97-c0a297692c88", "role": "user", "content": "这是一个重要的消息，记住目标", "metadata": {}}}
{"timestamp": "2026-05-21T10:10:20.964961", "event": "message_added", "data": {"project_id": "e0df20b7-26e5-42a2-bb96-ee832f417839", "conversation_id": "69c76c1e-19f0-451d-93e6-59a3eb45435c", "message_id": "891e054e-adca-4f40-82f3-7ea57aaa7ed6", "role": "user", "content": "Hello", "metadata": {}}}
{"timestamp": "2026-05-21T10:10:21.098402", "event": "context_built", "data": {"project": "上下文测试"}}
{"timestamp": "2026-05-21T10:11:30.898245", "event": "message_added", "data": {"project_id": "2b9eb743-e533-402c-b868-6d079e6df730", "conversation_id": "1d79ee15-2854-465f-affc-481c0631c606", "message_id": "e4d7c194-7868-4474-9bd3-f4f873c074cd", "role": "user", "content": "Hello, world!", "metadata": {}}}
{"timestamp": "2026-05-21T10:11:31.281237", "event": "message_added", "data": {"project_id": "3cdf87a2-be66-4fd4-8851-578c667b784f", "conversation_id": "abd45c50-159e-469e-b705-11acc9128c2e", "message_id": "fbc0996d-e674-4e9f-ac18-b5be24c238ca", "role": "user", "content": "Message 1", "metadata": {}}}
{"timestamp": "2026-05-21T10:11:31.284691", "event": "message_added", "data": {"project_id": "3cdf87a2-be66-4fd4-8851-578c667b784f", "conversation_id": "abd45c50-159e-469e-b705-11acc9128c2e", "message_id": "443c045f-b226-405c-a81c-457bf6213f75", "role": "assistant", "content": "Response 1", "metadata": {}}}
{"timestamp": "2026-05-21T10:11:31.743002", "event": "message_added", "data": {"project_id": "86f0c989-a6f8-4fab-a5bb-6507792b2c81", "conversation_id": "5998470d-44d1-4264-a928-1f66c7e080a5", "message_id": "27fbe790-a12d-4d21-bde8-b0535a26bfd4", "role": "user", "content": "这是一个重要的消息，记住目标", "metadata": {}}}
{"timestamp": "2026-05-21T10:11:32.974006", "event": "message_added", "data": {"project_id": "bf94f849-7d96-4a57-b73d-f665cfda01b8", "conversation_id": "bbf6b32b-22ec-4b07-8062-642c7404cadf", "message_id": "6ce02ac9-d222-49f9-bf40-ff32dd3b002b", "role": "user", "content": "Hello", "metadata": {}}}
{"timestamp": "2026-05-21T10:11:33.095917", "event": "context_built", "data": {"project": "上下文测试"}}
{"timestamp": "2026-05-21T10:16:53.918344", "event": "message_added", "data": {"project_id": "9e977dfc-a8ad-4c48-a7bd-39079aa9679c", "conversation_id": "463f8ad3-8308-44fa-988e-79dd912645e9", "message_id": "242236fa-72a8-4bcc-855d-1ddac3b74c1e", "role": "user", "content": "Hello, world!", "metadata": {}}}
{"timestamp": "2026-05-21T10:16:54.297208", "event": "message_added", "data": {"project_id": "4e1045e9-8728-4903-b9f3-8e36a20c3257", "conversation_id": "a31f5c8a-3d54-4387-b066-67c6e1d40064", "message_id": "3cf99a3c-013e-46b3-96ae-c534a4dec6fe", "role": "user", "content": "Message 1", "metadata": {}}}
{"timestamp": "2026-05-21T10:16:54.300845", "event": "message_added", "data": {"project_id": "4e1045e9-8728-4903-b9f3-8e36a20c3257", "conversation_id": "a31f5c8a-3d54-4387-b066-67c6e1d40064", "message_id": "b28d1dc3-262c-45b1-929d-3ce957fadaab", "role": "assistant", "content": "Response 1", "metadata": {}}}
{"timestamp": "2026-05-21T10:16:54.804363", "event": "message_added", "data": {"project_id": "ed3635c7-0d99-4f18-8289-385f3af0a4f2", "conversation_id": "423a49b8-2142-4f6d-a00e-ae86d3c0467d", "message_id": "c9a8d19c-e3c4-4fc0-b244-40050c56ee50", "role": "user", "content": "这是一个重要的消息，记住目标", "metadata": {}}}
{"timestamp": "2026-05-21T10:16:56.122254", "event": "message_added", "data": {"project_id": "373cd277-8c88-49cc-a419-2a35d919364c", "conversation_id": "8abcef84-1059-4ccc-a2ae-fdc4ecf4cd47", "message_id": "3f38c405-ce17-4d39-b23b-8ce7b5af5b31", "role": "user", "content": "Hello", "metadata": {}}}
{"timestamp": "2026-05-21T10:16:56.258399", "event": "context_built", "data": {"project": "上下文测试"}}
{"timestamp": "2026-05-21T10:29:25.228537", "event": "message_added", "data": {"project_id": "6593e272-de07-469c-b0fe-fc9d7025bbe9", "conversation_id": "20613114-3149-4773-b781-29b3b6c394e0", "message_id": "8c57472b-913e-4d68-bf96-830ddcda502a", "role": "user", "content": "Hello, world!", "metadata": {}}}
{"timestamp": "2026-05-21T10:29:25.597380", "event": "message_added", "data": {"project_id": "f9c41837-63ae-4a87-8b46-c86d74ffb7c7", "conversation_id": "5636e683-5836-49c2-98c3-84694dbec0aa", "message_id": "6dde1d88-5b9a-4bc4-b0a7-cf63c75a6bf5", "role": "user", "content": "Message 1", "metadata": {}}}
{"timestamp": "2026-05-21T10:29:25.623877", "event": "message_added", "data": {"project_id": "f9c41837-63ae-4a87-8b46-c86d74ffb7c7", "conversation_id": "5636e683-5836-49c2-98c3-84694dbec0aa", "message_id": "5d608cda-3428-41a1-a378-cbd87956d46d", "role": "assistant", "content": "Response 1", "metadata": {}}}
{"timestamp": "2026-05-21T10:29:26.080923", "event": "message_added", "data": {"project_id": "58191539-15a0-48a4-b69b-6e7df4571e32", "conversation_id": "c6971820-b23b-4afa-809d-668e783deb2a", "message_id": "3a4075cd-fecb-4c4d-afd6-1a54b25e4b31", "role": "user", "content": "这是一个重要的消息，记住目标", "metadata": {}}}
{"timestamp": "2026-05-21T10:29:27.385212", "event": "message_added", "data": {"project_id": "53435b2a-e6b0-4f1b-a20e-f8b0fc87c7eb", "conversation_id": "0d2100bd-b64d-4204-b285-106d44ea5dd8", "message_id": "450c5908-7eb9-468f-b50e-9bc7062f2776", "role": "user", "content": "Hello", "metadata": {}}}
{"timestamp": "2026-05-21T10:29:27.519198", "event": "context_built", "data": {"project": "上下文测试"}}
{"timestamp": "2026-05-21T10:30:49.164684", "event": "message_added", "data": {"project_id": "2f264059-26de-4e16-8337-4a260c1d26ba", "conversation_id": "ddc3197e-8ef1-487e-bada-8d70b3328622", "message_id": "2dcb1ed5-2cd2-439a-a181-7a32ea310782", "role": "user", "content": "Hello, world!", "metadata": {}}}
{"timestamp": "2026-05-21T10:30:49.529015", "event": "message_added", "data": {"project_id": "7325f46d-18b5-4fc8-8a0a-f95fea32904f", "conversation_id": "f196fd47-2539-473c-8224-cc4887d7f347", "message_id": "a62bd949-c1fc-43b4-a927-fea2162d1e5f", "role": "user", "content": "Message 1", "metadata": {}}}
{"timestamp": "2026-05-21T10:30:49.532539", "event": "message_added", "data": {"project_id": "7325f46d-18b5-4fc8-8a0a-f95fea32904f", "conversation_id": "f196fd47-2539-473c-8224-cc4887d7f347", "message_id": "e6f329aa-6562-4fee-bbb3-409149f93439", "role": "assistant", "content": "Response 1", "metadata": {}}}
{"timestamp": "2026-05-21T10:30:49.975692", "event": "message_added", "data": {"project_id": "9dd712e2-7a4b-4436-9f30-511fcec49e37", "conversation_id": "9d93399f-5831-4027-be4b-116822501826", "message_id": "6663f0ec-3166-41a8-9a2d-2c7e9c9d66f5", "role": "user", "content": "这是一个重要的消息，记住目标", "metadata": {}}}
{"timestamp": "2026-05-21T10:30:51.290708", "event": "message_added", "data": {"project_id": "e49e2fb5-788c-4133-afe5-c4a9f03d2f3f", "conversation_id": "d9410e23-8795-4d14-949c-f5f86e541a84", "message_id": "9dc8b649-dd94-4e36-9541-6c1b35d0dafc", "role": "user", "content": "Hello", "metadata": {}}}
{"timestamp": "2026-05-21T10:30:51.413916", "event": "context_built", "data": {"project": "上下文测试"}}
{"timestamp": "2026-05-21T10:32:17.972255", "event": "message_added", "data": {"project_id": "a607937e-2a36-4bd8-a3c4-60fadf33578c", "conversation_id": "35b1139b-23a6-48bd-b897-ec5435af6c52", "message_id": "d3e27dd0-8f56-4e1d-9e89-59fa9edaeb4f", "role": "user", "content": "Hello, world!", "metadata": {}}}
{"timestamp": "2026-05-21T10:32:18.329937", "event": "message_added", "data": {"project_id": "67a07c85-b6d0-41f5-9eb5-14ee659d6041", "conversation_id": "96d4d0a8-bee6-4a18-817d-bf22407aaf64", "message_id": "7919f82c-959b-4058-8cc6-4722304aa8d5", "role": "user", "content": "Message 1", "metadata": {}}}
{"timestamp": "2026-05-21T10:32:18.331447", "event": "message_added", "data": {"project_id": "67a07c85-b6d0-41f5-9eb5-14ee659d6041", "conversation_id": "96d4d0a8-bee6-4a18-817d-bf22407aaf64", "message_id": "a779c739-83c9-4651-8386-3c8c0decf410", "role": "assistant", "content": "Response 1", "metadata": {}}}
{"timestamp": "2026-05-21T10:32:18.814537", "event": "message_added", "data": {"project_id": "8df1a385-bff5-4f10-8bad-f855fbee4486", "conversation_id": "99269298-1271-42b9-a468-5f02ad68de91", "message_id": "4b21ff92-a41b-4335-81fb-daff4179894d", "role": "user", "content": "这是一个重要的消息，记住目标", "metadata": {}}}
{"timestamp": "2026-05-21T10:32:20.146155", "event": "message_added", "data": {"project_id": "51a7a1ec-4742-4c50-a6de-ff3c57255590", "conversation_id": "142be089-f70a-4c09-b37c-94943bcc86e4", "message_id": "3f1cecf0-dc72-42c2-ad13-467810180391", "role": "user", "content": "Hello", "metadata": {}}}
{"timestamp": "2026-05-21T10:32:20.264197", "event": "context_built", "data": {"project": "上下文测试"}}
{"timestamp": "2026-05-21T10:36:09.030041", "event": "message_added", "data": {"project_id": "355ad644-d082-4d88-9e65-c84e1ff7581f", "conversation_id": "c9b8a300-b80f-458f-88ec-9b96442aaf7a", "message_id": "cdc8a585-4b92-403b-982f-02a09395650e", "role": "user", "content": "Hello, world!", "metadata": {}}}
{"timestamp": "2026-05-21T10:36:09.410702", "event": "message_added", "data": {"project_id": "031826e8-8607-429e-9e6a-05946e911718", "conversation_id": "ae4807a6-f997-4b1e-9ad4-ede8f09ee34b", "message_id": "2579ef66-7aa2-4709-a9f0-bba5dfe204aa", "role": "user", "content": "Message 1", "metadata": {}}}
{"timestamp": "2026-05-21T10:36:09.412311", "event": "message_added", "data": {"project_id": "031826e8-8607-429e-9e6a-05946e911718", "conversation_id": "ae4807a6-f997-4b1e-9ad4-ede8f09ee34b", "message_id": "d371a848-6d81-4646-8180-56c2a0e320f4", "role": "assistant", "content": "Response 1", "metadata": {}}}
{"timestamp": "2026-05-21T10:36:09.882794", "event": "message_added", "data": {"project_id": "36ca8838-d836-4322-891c-304648e40ee5", "conversation_id": "12da096a-9e07-449e-af06-799caec63bf0", "message_id": "aaa1c777-1757-42f3-ba35-c532ce907141", "role": "user", "content": "这是一个重要的消息，记住目标", "metadata": {}}}
{"timestamp": "2026-05-21T10:36:11.186525", "event": "message_added", "data": {"project_id": "0589b421-4b66-4da8-abae-405b73651a3a", "conversation_id": "fcd00d41-e2a7-483d-9d2e-b6723e00f759", "message_id": "32adf238-3e56-4e96-9fd1-5462f04ed615", "role": "user", "content": "Hello", "metadata": {}}}
{"timestamp": "2026-05-21T10:36:11.325114", "event": "context_built", "data": {"project": "上下文测试"}}
{"timestamp": "2026-05-21T10:37:23.952127", "event": "message_added", "data": {"project_id": "cfdc711d-d222-4a1a-9ea8-b07259ee2f13", "conversation_id": "35448234-d6c8-4016-8135-1805e210d7e8", "message_id": "2457a622-29aa-4ba8-bdb2-f2d275c301b8", "role": "user", "content": "Hello, world!", "metadata": {}}}
{"timestamp": "2026-05-21T10:37:24.334837", "event": "message_added", "data": {"project_id": "432ff548-4b19-4f6c-ab21-df4b3abc3301", "conversation_id": "82303584-8832-4f01-af05-a39b75174c93", "message_id": "a008ffeb-c46c-48d2-b93a-4bd27a230f90", "role": "user", "content": "Message 1", "metadata": {}}}
{"timestamp": "2026-05-21T10:37:24.337800", "event": "message_added", "data": {"project_id": "432ff548-4b19-4f6c-ab21-df4b3abc3301", "conversation_id": "82303584-8832-4f01-af05-a39b75174c93", "message_id": "f5741b9f-c649-4199-a546-3e6bd838c7c0", "role": "assistant", "content": "Response 1", "metadata": {}}}
{"timestamp": "2026-05-21T10:37:24.805021", "event": "message_added", "data": {"project_id": "588dba4f-64bc-4a9c-89a2-a141380085c9", "conversation_id": "9da62cf3-2a36-4ca6-ba66-2ffce6778911", "message_id": "6552cc98-c206-4649-aee7-7f094ece77a7", "role": "user", "content": "这是一个重要的消息，记住目标", "metadata": {}}}
{"timestamp": "2026-05-21T10:37:26.120949", "event": "message_added", "data": {"project_id": "832b562a-00d4-4ae7-b060-653da530dd28", "conversation_id": "29d0e590-8822-4811-9055-3f544dd8371b", "message_id": "2f7188fe-0658-4cc8-8897-867628f79bbe", "role": "user", "content": "Hello", "metadata": {}}}
{"timestamp": "2026-05-21T10:37:26.247356", "event": "context_built", "data": {"project": "上下文测试"}}
{"timestamp": "2026-05-21T11:52:34.900013", "event": "message_added", "data": {"project_id": "b5c6e75d-cf26-44df-9670-fa22a68b12f9", "conversation_id": "f6ed02eb-8297-44d6-bcad-ac7998f0417b", "message_id": "0b749ce4-685f-40eb-b024-4dda4c49ae20", "role": "user", "content": "Hello, world!", "metadata": {}}}
{"timestamp": "2026-05-21T11:52:35.298675", "event": "message_added", "data": {"project_id": "ff69a980-d19d-4814-827c-874cd837daf4", "conversation_id": "1d08fb99-944d-47e5-93a1-45ee1a23d864", "message_id": "15a5d219-1075-4020-a009-efddba47977e", "role": "user", "content": "Message 1", "metadata": {}}}
{"timestamp": "2026-05-21T11:52:35.301220", "event": "message_added", "data": {"project_id": "ff69a980-d19d-4814-827c-874cd837daf4", "conversation_id": "1d08fb99-944d-47e5-93a1-45ee1a23d864", "message_id": "5d7926a6-c9ec-4036-b608-d8951ab4f4f4", "role": "assistant", "content": "Response 1", "metadata": {}}}
{"timestamp": "2026-05-21T11:52:35.889678", "event": "message_added", "data": {"project_id": "1cf177ee-093c-4403-9551-d60c21658533", "conversation_id": "6f23410e-0084-45f9-b7c3-5aaf1971c5ae", "message_id": "611f007f-790d-472e-9962-0ab78ca82f73", "role": "user", "content": "这是一个重要的消息，记住目标", "metadata": {}}}
{"timestamp": "2026-05-21T11:52:37.269344", "event": "message_added", "data": {"project_id": "4f9f0fd2-9adc-489f-bf4c-f9494b0bb060", "conversation_id": "33ff696c-1ed6-4f31-b0de-7e4cf3dc1a53", "message_id": "d969d42d-c9cf-4892-a097-743edcd162cf", "role": "user", "content": "Hello", "metadata": {}}}
{"timestamp": "2026-05-21T11:52:37.395093", "event": "context_built", "data": {"project": "上下文测试"}}
{"timestamp": "2026-05-21T11:54:05.361905", "event": "message_added", "data": {"project_id": "83f4e74f-59e5-42d7-8f38-353811fa5f96", "conversation_id": "2096e435-dfd6-4933-9728-ca9ab95df1cf", "message_id": "9fe609e0-b109-4fab-a666-d3b4cb17a61e", "role": "user", "content": "Hello, world!", "metadata": {}}}
{"timestamp": "2026-05-21T11:54:05.701061", "event": "message_added", "data": {"project_id": "b50af862-db89-4732-9ada-38b004571b92", "conversation_id": "9241cef2-eec1-4c3b-a241-ac25e8a375dc", "message_id": "7e85c855-4cba-4219-97f5-f7acb3f43041", "role": "user", "content": "Message 1", "metadata": {}}}
{"timestamp": "2026-05-21T11:54:05.702505", "event": "message_added", "data": {"project_id": "b50af862-db89-4732-9ada-38b004571b92", "conversation_id": "9241cef2-eec1-4c3b-a241-ac25e8a375dc", "message_id": "5612a931-e4d8-45da-ade8-86156f10d406", "role": "assistant", "content": "Response 1", "metadata": {}}}
{"timestamp": "2026-05-21T11:54:06.143993", "event": "message_added", "data": {"project_id": "9bbd496b-23db-4f51-a1b8-8fddf8291f7e", "conversation_id": "70a2bfac-f5f2-4ccb-b615-dde5748317f4", "message_id": "cdd24f9f-9c04-448e-b0a1-0672e3f2821e", "role": "user", "content": "这是一个重要的消息，记住目标", "metadata": {}}}
{"timestamp": "2026-05-21T11:54:07.541264", "event": "message_added", "data": {"project_id": "5980fe20-d727-4151-95da-d21a867ddae9", "conversation_id": "8ee5ef46-bf7f-4dc4-8f8d-e008dd87fe7d", "message_id": "ba2dc878-26c0-436c-b89a-eed76851d784", "role": "user", "content": "Hello", "metadata": {}}}
{"timestamp": "2026-05-21T11:54:07.688404", "event": "context_built", "data": {"project": "上下文测试"}}
{"timestamp": "2026-05-21T12:05:35.810553", "event": "message_added", "data": {"project_id": "6148f9b6-5415-48c5-8b9f-d1f6059f9459", "conversation_id": "143c8062-df5b-418d-89b7-dfcb0d84300b", "message_id": "20575658-b701-4394-932f-57abada8000c", "role": "user", "content": "Hello, world!", "metadata": {}}}
{"timestamp": "2026-05-21T12:05:36.204992", "event": "message_added", "data": {"project_id": "fa28d051-0dcb-4efa-87eb-ec18ce8cd1a2", "conversation_id": "78e0acb6-e1ea-45c0-baff-41344873ea78", "message_id": "c8d26d31-3f67-45cc-b0a3-8c424d2fbfd9", "role": "user", "content": "Message 1", "metadata": {}}}
{"timestamp": "2026-05-21T12:05:36.209316", "event": "message_added", "data": {"project_id": "fa28d051-0dcb-4efa-87eb-ec18ce8cd1a2", "conversation_id": "78e0acb6-e1ea-45c0-baff-41344873ea78", "message_id": "0ee01a55-0fc4-4272-ab27-bd9a29e71e67", "role": "assistant", "content": "Response 1", "metadata": {}}}
{"timestamp": "2026-05-21T12:05:36.711906", "event": "message_added", "data": {"project_id": "e6a393b8-f4e3-473f-a133-64d9f88e6f84", "conversation_id": "d16d25e6-cf01-4637-b08f-319979b53582", "message_id": "c86c57b2-e742-4322-b34c-8b666e569df0", "role": "user", "content": "这是一个重要的消息，记住目标", "metadata": {}}}
{"timestamp": "2026-05-21T12:05:38.120128", "event": "message_added", "data": {"project_id": "157f27ae-fce9-4fc8-a095-f8846a351fa1", "conversation_id": "27585530-e328-4ea3-bbbb-2d7d30b1cb4d", "message_id": "c779b6ad-d0e3-4c14-8b38-356271f678bb", "role": "user", "content": "Hello", "metadata": {}}}
{"timestamp": "2026-05-21T12:05:38.260927", "event": "context_built", "data": {"project": "上下文测试"}}
{"timestamp": "2026-05-21T12:20:54.055662", "event": "message_added", "data": {"project_id": "bb29010e-0324-4a1f-93dc-b1363724fa57", "conversation_id": "8f3079f1-d970-48cc-867c-f8cbc85492b7", "message_id": "f060af32-6bd9-410d-9355-3d406bca8e2e", "role": "user", "content": "Hello, world!", "metadata": {}}}
{"timestamp": "2026-05-21T12:20:54.421792", "event": "message_added", "data": {"project_id": "c97aaa63-db9b-46a1-8888-862f489e6041", "conversation_id": "47a33a40-c5cc-47e4-b1d7-709adbf3a83f", "message_id": "7174125a-e429-4472-a86e-04411334bf62", "role": "user", "content": "Message 1", "metadata": {}}}
{"timestamp": "2026-05-21T12:20:54.422534", "event": "message_added", "data": {"project_id": "c97aaa63-db9b-46a1-8888-862f489e6041", "conversation_id": "47a33a40-c5cc-47e4-b1d7-709adbf3a83f", "message_id": "a67b032d-fc64-45fc-a923-51567d7c2d07", "role": "assistant", "content": "Response 1", "metadata": {}}}
{"timestamp": "2026-05-21T12:20:54.878094", "event": "message_added", "data": {"project_id": "943e3374-6007-43dc-91bb-7e46bce17359", "conversation_id": "727b0de5-ed62-407d-9a54-4662e4ad1667", "message_id": "85698e54-eb41-46fa-8cce-36349449b1f5", "role": "user", "content": "这是一个重要的消息，记住目标", "metadata": {}}}
{"timestamp": "2026-05-21T12:20:56.180743", "event": "message_added", "data": {"project_id": "19c47de7-5c3c-43bb-a974-d91de2a53e69", "conversation_id": "d227009f-20d4-4a9c-8c88-fbb830bffce0", "message_id": "bc065b0e-68e2-4b5e-a46a-b0b438233d6b", "role": "user", "content": "Hello", "metadata": {}}}
{"timestamp": "2026-05-21T12:20:56.305034", "event": "context_built", "data": {"project": "上下文测试"}}
{"timestamp": "2026-05-21T12:22:13.355155", "event": "message_added", "data": {"project_id": "f65ee824-f21f-4c05-a607-effd82515019", "conversation_id": "bc41a4b3-fe40-405f-badb-3fb20732c62e", "message_id": "d0b4a9da-6b25-4a92-9d03-40f562f0aca9", "role": "user", "content": "Hello, world!", "metadata": {}}}
{"timestamp": "2026-05-21T12:22:13.789513", "event": "message_added", "data": {"project_id": "dcaa4322-eb83-49b2-bd63-4acae002a774", "conversation_id": "0b9b6c50-1ae0-494e-9686-353b1d289bf3", "message_id": "ac78b127-d5d9-4201-a4f2-8eacce7a8684", "role": "user", "content": "Message 1", "metadata": {}}}
{"timestamp": "2026-05-21T12:22:13.791273", "event": "message_added", "data": {"project_id": "dcaa4322-eb83-49b2-bd63-4acae002a774", "conversation_id": "0b9b6c50-1ae0-494e-9686-353b1d289bf3", "message_id": "5656151f-c504-4e7a-94bb-1128af6513ab", "role": "assistant", "content": "Response 1", "metadata": {}}}
{"timestamp": "2026-05-21T12:22:14.321514", "event": "message_added", "data": {"project_id": "b91e1e78-bc29-4a40-a8c8-803f8957b7e1", "conversation_id": "1f5f3888-276f-426e-aa24-d71b0f1201a2", "message_id": "d3fe4a43-3c9b-4d2d-ac5b-97d22eaee989", "role": "user", "content": "这是一个重要的消息，记住目标", "metadata": {}}}
{"timestamp": "2026-05-21T12:22:15.769063", "event": "message_added", "data": {"project_id": "2ddb10b9-423e-4ff3-95be-974d04b098c3", "conversation_id": "2a9e873f-99b1-4ced-ab2f-9b1bc8d0fa9c", "message_id": "2e561e3b-3f05-456a-8c50-1e619cd0f1ce", "role": "user", "content": "Hello", "metadata": {}}}
{"timestamp": "2026-05-21T12:22:15.919340", "event": "context_built", "data": {"project": "上下文测试"}}
{"timestamp": "2026-05-21T12:34:56.548337", "event": "message_added", "data": {"project_id": "5f5ae99a-c95e-45ad-8ba3-f263afb11b5c", "conversation_id": "b3f76366-ca9a-4a39-b62a-01a657915cca", "message_id": "a44233b4-7da2-4b9e-9ad8-65277fa016bf", "role": "user", "content": "Hello, world!", "metadata": {}}}
{"timestamp": "2026-05-21T12:34:56.943944", "event": "message_added", "data": {"project_id": "2931dff3-715c-4dc2-a578-5d276c5420a6", "conversation_id": "9ebcf851-d2fd-4159-9d61-d41bc53030f2", "message_id": "c3e8b806-71ae-451f-9af3-6e3319996727", "role": "user", "content": "Message 1", "metadata": {}}}
{"timestamp": "2026-05-21T12:34:56.948591", "event": "message_added", "data": {"project_id": "2931dff3-715c-4dc2-a578-5d276c5420a6", "conversation_id": "9ebcf851-d2fd-4159-9d61-d41bc53030f2", "message_id": "4d1627bc-63f9-41b9-855f-61633546ffc7", "role": "assistant", "content": "Response 1", "metadata": {}}}
{"timestamp": "2026-05-21T12:34:57.473468", "event": "message_added", "data": {"project_id": "04b295dd-fca4-440d-8239-79b4fa06f838", "conversation_id": "ea3a8a9a-7d18-4a9a-94f0-8586379bc59e", "message_id": "5c72c7d8-6767-43ce-b53d-26f6be83fddd", "role": "user", "content": "这是一个重要的消息，记住目标", "metadata": {}}}
{"timestamp": "2026-05-21T12:34:58.943370", "event": "message_added", "data": {"project_id": "ccc4fe6c-7c42-46f4-921a-01adb1319acc", "conversation_id": "539f8b33-00bd-4f83-b886-45c23e518b45", "message_id": "a29d64b2-d6a6-4917-872c-676ea91966ab", "role": "user", "content": "Hello", "metadata": {}}}
{"timestamp": "2026-05-21T12:34:59.090789", "event": "context_built", "data": {"project": "上下文测试"}}
{"timestamp": "2026-05-21T12:36:18.922738", "event": "message_added", "data": {"project_id": "18d84ffa-57c5-4d82-bb0d-e392b1efe793", "conversation_id": "c0f76258-a8f2-401a-88eb-40adb12cf7d0", "message_id": "fdd146bf-5ee1-466d-9773-5b3da069d5da", "role": "user", "content": "Hello, world!", "metadata": {}}}
{"timestamp": "2026-05-21T12:36:19.323049", "event": "message_added", "data": {"project_id": "07bb7231-caee-4710-9b2b-71c8f4eee46c", "conversation_id": "840c9f89-b1fe-4eb2-8351-7fd922ede2e9", "message_id": "3124044e-ff9e-4e5c-8a6d-4dfedcaec69f", "role": "user", "content": "Message 1", "metadata": {}}}
{"timestamp": "2026-05-21T12:36:19.326082", "event": "message_added", "data": {"project_id": "07bb7231-caee-4710-9b2b-71c8f4eee46c", "conversation_id": "840c9f89-b1fe-4eb2-8351-7fd922ede2e9", "message_id": "f56800f4-56a2-486a-a5d6-6e1936a62878", "role": "assistant", "content": "Response 1", "metadata": {}}}
{"timestamp": "2026-05-21T12:36:19.802720", "event": "message_added", "data": {"project_id": "513ae6c1-9fae-4283-9d98-68af5776136a", "conversation_id": "5badc526-0307-483d-a5d9-0402724fffe6", "message_id": "c7ec5481-918e-46c9-bd51-45e36ade3183", "role": "user", "content": "这是一个重要的消息，记住目标", "metadata": {}}}
{"timestamp": "2026-05-21T12:36:21.165130", "event": "message_added", "data": {"project_id": "8b1c71bf-c737-4a0a-b659-6a3845c9d12a", "conversation_id": "350e3e36-b5c5-4f18-b927-5f2d2b74e16b", "message_id": "e4b557be-02cc-4a19-b58d-af27fe14d71b", "role": "user", "content": "Hello", "metadata": {}}}
{"timestamp": "2026-05-21T12:36:21.293825", "event": "context_built", "data": {"project": "上下文测试"}}
{"timestamp": "2026-05-21T12:38:04.433533", "event": "message_added", "data": {"project_id": "f5ff6c89-34b7-4646-a130-b54441859771", "conversation_id": "b9591bfc-92d7-4acc-82a2-a66bbd030bb9", "message_id": "d636b275-d94c-49bb-9cb0-0effcb669afc", "role": "user", "content": "Hello, world!", "metadata": {}}}
{"timestamp": "2026-05-21T12:38:04.816655", "event": "message_added", "data": {"project_id": "e86e5baa-c85a-41ac-89ce-982485a6f7b0", "conversation_id": "17b77eba-bff9-40b0-9156-f80a6b8aeb5b", "message_id": "3dfd87d2-23f5-4383-992a-d9c79c0528a3", "role": "user", "content": "Message 1", "metadata": {}}}
{"timestamp": "2026-05-21T12:38:04.817925", "event": "message_added", "data": {"project_id": "e86e5baa-c85a-41ac-89ce-982485a6f7b0", "conversation_id": "17b77eba-bff9-40b0-9156-f80a6b8aeb5b", "message_id": "e987dbb1-ec5f-46bc-9d35-d2a082dea3a2", "role": "assistant", "content": "Response 1", "metadata": {}}}
{"timestamp": "2026-05-21T12:38:05.278290", "event": "message_added", "data": {"project_id": "6faff392-7340-47fb-a89b-7fc51d61aa72", "conversation_id": "70e91f7b-3da4-437d-800c-3fce69bccf13", "message_id": "f1c3f840-3156-4769-b040-5788223de53d", "role": "user", "content": "这是一个重要的消息，记住目标", "metadata": {}}}
{"timestamp": "2026-05-21T12:38:06.627877", "event": "message_added", "data": {"project_id": "c2764259-d898-4f86-9411-23de98bcb599", "conversation_id": "3512570e-56da-42f9-b526-67213edc9975", "message_id": "48561f5d-35e3-4681-9a8f-6f6c9b486145", "role": "user", "content": "Hello", "metadata": {}}}
{"timestamp": "2026-05-21T12:38:06.761553", "event": "context_built", "data": {"project": "上下文测试"}}
{"timestamp": "2026-05-21T17:57:47.026010", "event": "message_added", "data": {"project_id": "8782641e-997e-4624-81e7-d0947d40c523", "conversation_id": "2f2b734c-6073-44cc-9197-811edc537e1f", "message_id": "ba065785-2871-4a0d-9a40-f3db34e0ae7d", "role": "user", "content": "Hello, world!", "metadata": {}}}
{"timestamp": "2026-05-21T17:57:47.434440", "event": "message_added", "data": {"project_id": "53e05741-e635-4509-810b-0f30abe04ae4", "conversation_id": "f36f7c10-2c03-4705-bdeb-060c885e7215", "message_id": "362f9371-cff8-43be-b9bf-dbed378097d2", "role": "user", "content": "Message 1", "metadata": {}}}
{"timestamp": "2026-05-21T17:57:47.435731", "event": "message_added", "data": {"project_id": "53e05741-e635-4509-810b-0f30abe04ae4", "conversation_id": "f36f7c10-2c03-4705-bdeb-060c885e7215", "message_id": "722c92ee-139b-45d9-8f73-0101548e1d32", "role": "assistant", "content": "Response 1", "metadata": {}}}
{"timestamp": "2026-05-21T17:57:47.935458", "event": "message_added", "data": {"project_id": "1da679d4-324e-455c-b5e8-bb594035954b", "conversation_id": "566bd202-121f-4bd4-bb27-9cb406c8786a", "message_id": "9f37b83c-ca29-4c9b-b94c-f623bcbf5c0c", "role": "user", "content": "这是一个重要的消息，记住目标", "metadata": {}}}
{"timestamp": "2026-05-21T17:57:49.379797", "event": "message_added", "data": {"project_id": "49e8090d-efeb-41e7-bb8a-15ed4ffe7e14", "conversation_id": "c94b98e8-3709-4f92-b513-313be6981923", "message_id": "66477089-c156-4d11-af8e-e4ab0b83e69a", "role": "user", "content": "Hello", "metadata": {}}}
{"timestamp": "2026-05-21T17:57:49.522900", "event": "context_built", "data": {"project": "上下文测试"}}
{"timestamp": "2026-05-21T18:03:12.058591", "event": "message_added", "data": {"project_id": "780c79ee-e879-402e-af86-7763b467d757", "conversation_id": "d26c50b5-90ed-4de1-9b94-e596a3b81690", "message_id": "72a2ddf0-2b1b-4f3d-b711-474a3a9e6896", "role": "user", "content": "Hello, world!", "metadata": {}}}
{"timestamp": "2026-05-21T18:03:12.439127", "event": "message_added", "data": {"project_id": "5cc88390-617b-423a-83b8-093d3b351b4a", "conversation_id": "19fffed8-89e2-4f38-9b51-5ab875127034", "message_id": "5a806cb6-6e16-4351-b753-72d424baff68", "role": "user", "content": "Message 1", "metadata": {}}}
{"timestamp": "2026-05-21T18:03:12.441012", "event": "message_added", "data": {"project_id": "5cc88390-617b-423a-83b8-093d3b351b4a", "conversation_id": "19fffed8-89e2-4f38-9b51-5ab875127034", "message_id": "9d1d03a4-b580-4637-bcd3-36d3eb1c13ed", "role": "assistant", "content": "Response 1", "metadata": {}}}
{"timestamp": "2026-05-21T18:03:12.914786", "event": "message_added", "data": {"project_id": "14f9bda0-e545-4ec7-852a-e31492958c35", "conversation_id": "b47c1c7b-0667-484d-8da1-b24b3e710724", "message_id": "b5a21824-8cf9-43a4-a5b5-2aed762a96f1", "role": "user", "content": "这是一个重要的消息，记住目标", "metadata": {}}}
{"timestamp": "2026-05-21T18:03:14.233280", "event": "message_added", "data": {"project_id": "1aa1cd79-888c-4f93-9fa0-776709e401b1", "conversation_id": "e7a190e8-fea6-4b67-98fa-05aaa8cce337", "message_id": "26d5ff06-fd10-42e3-9862-56035f043a46", "role": "user", "content": "Hello", "metadata": {}}}
{"timestamp": "2026-05-21T18:03:14.357423", "event": "context_built", "data": {"project": "上下文测试"}}
{"timestamp": "2026-05-21T18:04:34.963135", "event": "message_added", "data": {"project_id": "77df0783-c976-40ff-abbf-d0e2a63fc9cd", "conversation_id": "78114e8e-a509-4a29-9004-8a2546fa7cff", "message_id": "1d813985-4c9f-4157-ac27-65d876f5264f", "role": "user", "content": "Hello, world!", "metadata": {}}}
{"timestamp": "2026-05-21T18:04:35.354641", "event": "message_added", "data": {"project_id": "3ead9ee1-ec9b-4acb-9de8-9a11575beb99", "conversation_id": "690b5893-97f0-4256-b1ab-e3ade96b919f", "message_id": "0e7ca984-0022-4fa3-932e-b21be56c815a", "role": "user", "content": "Message 1", "metadata": {}}}
{"timestamp": "2026-05-21T18:04:35.355736", "event": "message_added", "data": {"project_id": "3ead9ee1-ec9b-4acb-9de8-9a11575beb99", "conversation_id": "690b5893-97f0-4256-b1ab-e3ade96b919f", "message_id": "e4c7c44f-c107-4c2f-a9e1-0d852fbddd44", "role": "assistant", "content": "Response 1", "metadata": {}}}
{"timestamp": "2026-05-21T18:04:35.827790", "event": "message_added", "data": {"project_id": "127f3302-d4fb-40ac-b778-1d533a41c846", "conversation_id": "839bf54a-d83a-4dd5-acae-270b464415c1", "message_id": "c9280dcf-0180-4a5f-baae-b8c5b2d66536", "role": "user", "content": "这是一个重要的消息，记住目标", "metadata": {}}}
{"timestamp": "2026-05-21T18:04:34.652179", "event": "message_added", "data": {"project_id": "99acf980-36a7-428e-b678-57f915ac9f3c", "conversation_id": "7c1ebab1-4a4e-4a20-8c27-7f84a63e4d6b", "message_id": "bc8cf2c8-7ada-4794-831d-62c190f7e43a", "role": "user", "content": "Hello", "metadata": {}}}
{"timestamp": "2026-05-21T18:04:34.776736", "event": "context_built", "data": {"project": "上下文测试"}}
{"timestamp": "2026-05-21T18:08:35.956530", "event": "message_added", "data": {"project_id": "4c0879c4-70ac-4cc4-b73f-c7bd4e66cef6", "conversation_id": "5307ee2d-f6f6-434e-96a9-04e2f6f5c39f", "message_id": "0644d580-f88f-4cc9-bf93-0f37c8c80b44", "role": "user", "content": "Hello, world!", "metadata": {}}}
{"timestamp": "2026-05-21T18:08:36.348862", "event": "message_added", "data": {"project_id": "865fb9a1-047e-43b1-862c-ac8e37b9f5c7", "conversation_id": "c1c65a37-0e67-42d1-880d-06065649e441", "message_id": "bd5bfd81-2ad6-4733-aecb-e381438fbb9f", "role": "user", "content": "Message 1", "metadata": {}}}
{"timestamp": "2026-05-21T18:08:36.352234", "event": "message_added", "data": {"project_id": "865fb9a1-047e-43b1-862c-ac8e37b9f5c7", "conversation_id": "c1c65a37-0e67-42d1-880d-06065649e441", "message_id": "2f92864b-1c70-42c5-9d3c-093eb938b679", "role": "assistant", "content": "Response 1", "metadata": {}}}
{"timestamp": "2026-05-21T18:08:36.860425", "event": "message_added", "data": {"project_id": "379366b1-3a39-49fb-b559-872ddcc80ad6", "conversation_id": "02ed893f-1e13-4e7e-996e-7349e6deb23a", "message_id": "4bbe1a15-66d5-44c5-b00b-def6bf989fd2", "role": "user", "content": "这是一个重要的消息，记住目标", "metadata": {}}}
{"timestamp": "2026-05-21T18:08:35.510799", "event": "message_added", "data": {"project_id": "98574c8c-3e8b-41d1-b5b7-6381bf13177f", "conversation_id": "829b177c-f4a5-4b98-ace9-f5bedaee519c", "message_id": "2cfa8133-cc3d-48e8-b408-6a3b12fbf128", "role": "user", "content": "Hello", "metadata": {}}}
{"timestamp": "2026-05-21T18:08:35.644240", "event": "context_built", "data": {"project": "上下文测试"}}
{"timestamp": "2026-05-21T18:12:48.342372", "event": "message_added", "data": {"project_id": "29463187-1ecd-4df6-9edb-5be3a50b00c7", "conversation_id": "29374734-b193-4217-adc6-fc67bcb60fcf", "message_id": "a09fa4fc-e4d4-4bda-bb24-bb2485f88e12", "role": "user", "content": "Hello, world!", "metadata": {}}}
{"timestamp": "2026-05-21T18:12:48.734527", "event": "message_added", "data": {"project_id": "ff0858e6-a9c7-4eab-8a93-23f67237f111", "conversation_id": "909ec854-165b-48c8-a8d3-806b5d11ca6d", "message_id": "c4503ff8-f1f8-4a52-a256-32075a98828f", "role": "user", "content": "Message 1", "metadata": {}}}
{"timestamp": "2026-05-21T18:12:48.736111", "event": "message_added", "data": {"project_id": "ff0858e6-a9c7-4eab-8a93-23f67237f111", "conversation_id": "909ec854-165b-48c8-a8d3-806b5d11ca6d", "message_id": "2657ff6a-624e-4785-a385-79b2cb696ab4", "role": "assistant", "content": "Response 1", "metadata": {}}}
{"timestamp": "2026-05-21T18:12:49.216289", "event": "message_added", "data": {"project_id": "0ee194d8-905e-4a3c-977d-8ddf97b22ec7", "conversation_id": "216b2a8a-42fc-4c4d-9591-564aca00439d", "message_id": "5dc265ac-68b4-431b-be8f-9f55b89f4475", "role": "user", "content": "这是一个重要的消息，记住目标", "metadata": {}}}
{"timestamp": "2026-05-21T18:12:50.617563", "event": "message_added", "data": {"project_id": "9a20f6c9-2aff-4892-8d97-7b6d90e41c44", "conversation_id": "45d208f0-08a1-4983-aed0-d0ed88bed757", "message_id": "672ca9c9-ed21-4d73-9a5f-77dfb8531a13", "role": "user", "content": "Hello", "metadata": {}}}
{"timestamp": "2026-05-21T18:12:50.755475", "event": "context_built", "data": {"project": "上下文测试"}}
{"timestamp": "2026-05-21T18:14:05.942209", "event": "message_added", "data": {"project_id": "eda93368-3be5-45dd-ab51-566b48b12acf", "conversation_id": "f46d584f-0870-40a7-90fa-1c1503202f8f", "message_id": "aa9fb4ab-67e4-4270-b9c2-ebc31deff85a", "role": "user", "content": "Hello, world!", "metadata": {}}}
{"timestamp": "2026-05-21T18:14:03.854451", "event": "message_added", "data": {"project_id": "a3c36c25-24c2-4507-9d5a-0ed7e3fcf209", "conversation_id": "b11228c1-caed-4111-9d69-7f76924bb170", "message_id": "0d565b9a-1796-4c69-8937-2cef005d34ab", "role": "user", "content": "Message 1", "metadata": {}}}
{"timestamp": "2026-05-21T18:14:03.856043", "event": "message_added", "data": {"project_id": "a3c36c25-24c2-4507-9d5a-0ed7e3fcf209", "conversation_id": "b11228c1-caed-4111-9d69-7f76924bb170", "message_id": "92136bd4-5715-4386-a75a-ca1b3405211b", "role": "assistant", "content": "Response 1", "metadata": {}}}
{"timestamp": "2026-05-21T18:14:04.333271", "event": "message_added", "data": {"project_id": "254bdc18-8853-45bb-95d8-9c788785f541", "conversation_id": "b65bbea7-72dd-4d70-938b-8c454eac605c", "message_id": "b1a9b992-464e-4673-8856-1db618861a13", "role": "user", "content": "这是一个重要的消息，记住目标", "metadata": {}}}
{"timestamp": "2026-05-21T18:14:05.669212", "event": "message_added", "data": {"project_id": "582e96e6-9cb4-4be3-a11b-b6eb1606db31", "conversation_id": "d0a89027-629e-429c-96a5-f16a2a47f648", "message_id": "89302ab8-a691-4202-8842-9adfd25bc490", "role": "user", "content": "Hello", "metadata": {}}}
{"timestamp": "2026-05-21T18:14:05.811175", "event": "context_built", "data": {"project": "上下文测试"}}
{"timestamp": "2026-05-21T18:36:29.326966", "event": "message_added", "data": {"project_id": "a798cb7a-504e-40c4-b986-c3e38a82849e", "conversation_id": "fc373ede-ae25-4abc-8fcd-3e8011b0a084", "message_id": "18170004-87ae-4480-97a4-aaf6e30d6125", "role": "user", "content": "Hello, world!", "metadata": {}}}
{"timestamp": "2026-05-21T18:36:29.722041", "event": "message_added", "data": {"project_id": "e8976d5c-d444-443e-b1bd-8609a1179028", "conversation_id": "996fd901-1a05-4392-888a-25cb9aaf16be", "message_id": "6d4a1cea-d121-4e76-b721-b5213e8a7906", "role": "user", "content": "Message 1", "metadata": {}}}
{"timestamp": "2026-05-21T18:36:29.725474", "event": "message_added", "data": {"project_id": "e8976d5c-d444-443e-b1bd-8609a1179028", "conversation_id": "996fd901-1a05-4392-888a-25cb9aaf16be", "message_id": "6bc037dc-33b3-416a-843e-f86439121d92", "role": "assistant", "content": "Response 1", "metadata": {}}}
{"timestamp": "2026-05-21T18:36:30.188736", "event": "message_added", "data": {"project_id": "7d35a19b-d558-4892-8007-4b2b24c3f2ef", "conversation_id": "07879fbb-b87b-40e9-aa4d-016d75d5b7b5", "message_id": "8e0c5407-c47d-4064-8c37-2c49996f1628", "role": "user", "content": "这是一个重要的消息，记住目标", "metadata": {}}}
{"timestamp": "2026-05-21T18:36:31.532416", "event": "message_added", "data": {"project_id": "1df0a975-cf71-401a-95bb-0f0fb0738941", "conversation_id": "43dcce98-4a5e-4790-ae84-fc67780d64ce", "message_id": "4bfe9d1f-ec70-4b85-96ed-67eaedb1dbe4", "role": "user", "content": "Hello", "metadata": {}}}
{"timestamp": "2026-05-21T18:36:31.666374", "event": "context_built", "data": {"project": "上下文测试"}}
{"timestamp": "2026-05-21T19:01:23.093681", "event": "message_added", "data": {"project_id": "e0e8f36d-a9f4-4784-aa0c-b576fe21d934", "conversation_id": "77daf695-cd06-4ece-84c1-a1f90bee81ee", "message_id": "83c44f33-7ce2-4bd8-b2d6-99d34ae87b34", "role": "user", "content": "Hello, world!", "metadata": {}}}
{"timestamp": "2026-05-21T19:01:23.489741", "event": "message_added", "data": {"project_id": "7d39f0aa-9b5e-4c28-96c3-99458e677f8c", "conversation_id": "ecc79e5c-738e-4561-984b-7eecb0382f9e", "message_id": "01682d77-441c-43e4-9726-5486cc1674f5", "role": "user", "content": "Message 1", "metadata": {}}}
{"timestamp": "2026-05-21T19:01:23.493273", "event": "message_added", "data": {"project_id": "7d39f0aa-9b5e-4c28-96c3-99458e677f8c", "conversation_id": "ecc79e5c-738e-4561-984b-7eecb0382f9e", "message_id": "74c37d8b-132a-4239-a1cc-0dc0131bb2c3", "role": "assistant", "content": "Response 1", "metadata": {}}}
{"timestamp": "2026-05-21T19:01:24.003904", "event": "message_added", "data": {"project_id": "763dd928-e93a-4732-b3ed-ce310c829eaa", "conversation_id": "9793321d-7166-4c5a-aa29-a0a855beaf1d", "message_id": "138066f3-6ec4-4f9b-9d81-f17bd692b155", "role": "user", "content": "这是一个重要的消息，记住目标", "metadata": {}}}
{"timestamp": "2026-05-21T19:01:25.410442", "event": "message_added", "data": {"project_id": "9d275bcd-bc0d-483a-8594-e097a331a00f", "conversation_id": "dd6bd973-723c-438c-9af0-5c8e2e99193a", "message_id": "d15f3978-119f-4fdd-95a7-1926683324db", "role": "user", "content": "Hello", "metadata": {}}}
{"timestamp": "2026-05-21T19:01:25.543379", "event": "context_built", "data": {"project": "上下文测试"}}
{"timestamp": "2026-05-21T19:05:55.400204", "event": "message_added", "data": {"project_id": "fa0db4f0-e227-445c-8df6-fbf25796eebb", "conversation_id": "bacaedfa-d16f-4b5a-95e0-cd168e039b0f", "message_id": "438140b0-02da-48bf-826e-0208f8f009f2", "role": "user", "content": "Hello, world!", "metadata": {}}}
{"timestamp": "2026-05-21T19:05:55.809483", "event": "message_added", "data": {"project_id": "de7ed900-31d8-4380-a9da-86e94a38c6f7", "conversation_id": "8c5a93fb-7aa1-4ffc-b3bf-b053c22d6119", "message_id": "0124dd7d-a0de-4daf-a5e0-e03e4b1a729c", "role": "user", "content": "Message 1", "metadata": {}}}
{"timestamp": "2026-05-21T19:05:55.810492", "event": "message_added", "data": {"project_id": "de7ed900-31d8-4380-a9da-86e94a38c6f7", "conversation_id": "8c5a93fb-7aa1-4ffc-b3bf-b053c22d6119", "message_id": "8fb16b84-049a-433a-b0f1-a1f4dbc9be5b", "role": "assistant", "content": "Response 1", "metadata": {}}}
{"timestamp": "2026-05-21T19:05:56.298781", "event": "message_added", "data": {"project_id": "58109c47-29ef-473e-a548-cbc837732ce8", "conversation_id": "903c7611-6e23-4d99-bb2e-06f15d4f8682", "message_id": "6b8f12f3-8a17-48e1-be7c-b3fa34412858", "role": "user", "content": "这是一个重要的消息，记住目标", "metadata": {}}}
{"timestamp": "2026-05-21T19:05:57.673889", "event": "message_added", "data": {"project_id": "2d572e89-5fbe-4ab9-a507-6d2d5ab4abb4", "conversation_id": "d0dd0a40-4f1e-4236-957a-caf8fd5ec00f", "message_id": "84c5d594-6c2d-4e65-91ad-5f72ccb5b081", "role": "user", "content": "Hello", "metadata": {}}}
{"timestamp": "2026-05-21T19:05:57.809849", "event": "context_built", "data": {"project": "上下文测试"}}
{"timestamp": "2026-05-21T19:07:11.471869", "event": "message_added", "data": {"project_id": "8b3185ab-dac1-4deb-a040-f78dda35d571", "conversation_id": "3f492503-597c-4f1d-9be5-f60a493636c9", "message_id": "bb0c8343-1d0d-49ee-babe-447f96fe8db1", "role": "user", "content": "Hello, world!", "metadata": {}}}
{"timestamp": "2026-05-21T19:07:11.871159", "event": "message_added", "data": {"project_id": "fb4cd66a-1e5e-4e19-b345-73c58caf4c2f", "conversation_id": "c89b0e34-0344-4ab1-9b9c-d36de2149015", "message_id": "19ac76ed-1dcf-4f71-b942-e8369dc4b535", "role": "user", "content": "Message 1", "metadata": {}}}
{"timestamp": "2026-05-21T19:07:11.874039", "event": "message_added", "data": {"project_id": "fb4cd66a-1e5e-4e19-b345-73c58caf4c2f", "conversation_id": "c89b0e34-0344-4ab1-9b9c-d36de2149015", "message_id": "c2e35314-fbfc-4599-937d-d19040e01b86", "role": "assistant", "content": "Response 1", "metadata": {}}}
{"timestamp": "2026-05-21T19:07:12.399863", "event": "message_added", "data": {"project_id": "55e4e833-c8b4-45a3-ba44-b08682aebefb", "conversation_id": "bfeb201e-c5ad-4ed1-95a4-0ae77117c6f1", "message_id": "1b6da8b5-ebb3-46c4-8939-67ec447a9867", "role": "user", "content": "这是一个重要的消息，记住目标", "metadata": {}}}
{"timestamp": "2026-05-21T19:07:11.249920", "event": "message_added", "data": {"project_id": "9123ee46-9aaf-421b-9d19-a4168649f182", "conversation_id": "c1d3b826-bb3f-460f-88b0-f8388c460f60", "message_id": "55fc1408-66f9-4e2a-bd09-03875a56ddc0", "role": "user", "content": "Hello", "metadata": {}}}
{"timestamp": "2026-05-21T19:07:11.406069", "event": "context_built", "data": {"project": "上下文测试"}}
{"timestamp": "2026-05-21T20:36:14.863086", "event": "message_added", "data": {"project_id": "c677eb57-37ae-42d9-a7e5-7d13e82c5d86", "conversation_id": "9cc864c4-bf67-4a7c-b0c6-f85429bf11e7", "message_id": "da9ff37d-7af7-4eaa-a668-1ed619be51a0", "role": "user", "content": "Hello, world!", "metadata": {}}}
{"timestamp": "2026-05-21T20:36:15.262772", "event": "message_added", "data": {"project_id": "d73e4be0-a496-465f-86c3-c27a695c4626", "conversation_id": "738b5b37-65e8-4722-a1ef-672bb90537d6", "message_id": "6234cb5d-e471-4074-9d26-1a002f4d9992", "role": "user", "content": "Message 1", "metadata": {}}}
{"timestamp": "2026-05-21T20:36:15.265524", "event": "message_added", "data": {"project_id": "d73e4be0-a496-465f-86c3-c27a695c4626", "conversation_id": "738b5b37-65e8-4722-a1ef-672bb90537d6", "message_id": "736c38f2-7834-4acb-b741-655a6f0c29bd", "role": "assistant", "content": "Response 1", "metadata": {}}}
{"timestamp": "2026-05-21T20:36:15.958445", "event": "message_added", "data": {"project_id": "ffd5231b-5018-4505-9c24-401c1ceef055", "conversation_id": "926af1e1-ebde-43f2-a26d-b21f7f83a616", "message_id": "7ee395b9-9d03-4449-b3c4-8ad4d8c3ba5f", "role": "user", "content": "这是一个重要的消息，记住目标", "metadata": {}}}
{"timestamp": "2026-05-21T20:36:17.442010", "event": "message_added", "data": {"project_id": "085e4667-ed82-4f4f-8387-d6554beef6a6", "conversation_id": "b9b4d473-db7e-473c-b117-ae1b355f6736", "message_id": "0be32bd2-a5cc-48d0-a27d-d84d6f7d1e4e", "role": "user", "content": "Hello", "metadata": {}}}
{"timestamp": "2026-05-21T20:36:17.590039", "event": "context_built", "data": {"project": "上下文测试"}}
{"timestamp": "2026-05-21T20:39:06.522798", "event": "message_added", "data": {"project_id": "7ccb3df6-92bb-4af1-a2eb-db6888813f5c", "conversation_id": "d95cb38d-6704-4a66-a5db-d6d8a43d2517", "message_id": "45d48d0d-1877-40ed-87b3-a91c55779496", "role": "user", "content": "Hello, world!", "metadata": {}}}
{"timestamp": "2026-05-21T20:39:06.926210", "event": "message_added", "data": {"project_id": "e6aacc9a-d95b-4560-94d2-f284f7653226", "conversation_id": "4cfab10a-8d14-4e59-a64d-5f934db432ec", "message_id": "02c878a0-c77f-4c95-8d04-ad1a815328b9", "role": "user", "content": "Message 1", "metadata": {}}}
{"timestamp": "2026-05-21T20:39:06.928459", "event": "message_added", "data": {"project_id": "e6aacc9a-d95b-4560-94d2-f284f7653226", "conversation_id": "4cfab10a-8d14-4e59-a64d-5f934db432ec", "message_id": "0fb30530-7ce3-499c-8bc0-dc665627fb0e", "role": "assistant", "content": "Response 1", "metadata": {}}}
{"timestamp": "2026-05-21T20:39:07.419673", "event": "message_added", "data": {"project_id": "74f122ff-1a7b-4c89-bb33-2ebd087db0a6", "conversation_id": "60c61757-847b-4608-acf7-9f8d2f8dea02", "message_id": "682324fa-cb3c-4b02-973f-65eae354ee2e", "role": "user", "content": "这是一个重要的消息，记住目标", "metadata": {}}}
{"timestamp": "2026-05-21T20:39:08.849723", "event": "message_added", "data": {"project_id": "80c2128a-04d5-4646-9aa1-ccf14c7114ee", "conversation_id": "ee08b973-267e-4889-899d-b70ed92c0599", "message_id": "f5d0cf85-a92d-4d15-b041-0a94b713c6f2", "role": "user", "content": "Hello", "metadata": {}}}
{"timestamp": "2026-05-21T20:39:08.988406", "event": "context_built", "data": {"project": "上下文测试"}}
{"timestamp": "2026-05-21T20:46:07.164006", "event": "message_added", "data": {"project_id": "3413a30e-4c9d-42e4-aea9-193dde7e6624", "conversation_id": "0013db10-0878-404f-b4a2-bcce9f1b5b87", "message_id": "76b9367d-35f2-41cf-ad74-506970467524", "role": "user", "content": "Hello, world!", "metadata": {}}}
{"timestamp": "2026-05-21T20:46:07.562163", "event": "message_added", "data": {"project_id": "3ce7c255-7469-4bfe-8265-c61b2e2fe230", "conversation_id": "96ac183f-788a-4d37-8e6f-4241f809a983", "message_id": "d42fa35c-0b3c-4b59-97c6-b4480478a7e0", "role": "user", "content": "Message 1", "metadata": {}}}
{"timestamp": "2026-05-21T20:46:07.574433", "event": "message_added", "data": {"project_id": "3ce7c255-7469-4bfe-8265-c61b2e2fe230", "conversation_id": "96ac183f-788a-4d37-8e6f-4241f809a983", "message_id": "921df9cf-e3cc-4fde-970c-acbe32122b9a", "role": "assistant", "content": "Response 1", "metadata": {}}}
{"timestamp": "2026-05-21T20:46:08.079299", "event": "message_added", "data": {"project_id": "e4a7e0b3-7d82-43b4-a487-4a4dd5e4de9a", "conversation_id": "b47f9df1-700d-449d-92f9-9e7db5f5c19c", "message_id": "dc2fbf11-c50b-4047-9de1-111dbf4e152d", "role": "user", "content": "这是一个重要的消息，记住目标", "metadata": {}}}
{"timestamp": "2026-05-21T20:46:09.424030", "event": "message_added", "data": {"project_id": "88e8582b-5dc3-4056-99be-c09ed19d8972", "conversation_id": "14758b00-c3ab-4c92-949f-7d64d2df873d", "message_id": "cdeda370-4ae9-4c9f-b405-8e7e95a8b148", "role": "user", "content": "Hello", "metadata": {}}}
{"timestamp": "2026-05-21T20:46:09.561111", "event": "context_built", "data": {"project": "上下文测试"}}
{"timestamp": "2026-05-21T20:47:57.282457", "event": "message_added", "data": {"project_id": "5458037d-912c-4898-8ff5-b3f827c917ae", "conversation_id": "dd3c8189-477a-425e-b0c9-d5feca960f68", "message_id": "f4d9d924-0c49-4cb4-a37f-e36587c6eba4", "role": "user", "content": "Hello, world!", "metadata": {}}}
{"timestamp": "2026-05-21T20:47:57.702187", "event": "message_added", "data": {"project_id": "a63ff23c-7eff-47f9-95c0-b0a85fa25426", "conversation_id": "ca56fa21-4677-4269-8411-52c903d73300", "message_id": "15e33887-4a58-4edc-95a1-fea458b89e7f", "role": "user", "content": "Message 1", "metadata": {}}}
{"timestamp": "2026-05-21T20:47:57.705810", "event": "message_added", "data": {"project_id": "a63ff23c-7eff-47f9-95c0-b0a85fa25426", "conversation_id": "ca56fa21-4677-4269-8411-52c903d73300", "message_id": "e64666eb-916f-4ef0-be7c-2f57acb99cc6", "role": "assistant", "content": "Response 1", "metadata": {}}}
{"timestamp": "2026-05-21T20:47:58.219102", "event": "message_added", "data": {"project_id": "b54e3ccc-5a42-40b2-ac6d-cd27fe34e52a", "conversation_id": "a0f276fa-46db-4e5a-8733-fe0fe2aa754c", "message_id": "a7a5aa94-1f76-46c1-adf6-55410def2ad6", "role": "user", "content": "这是一个重要的消息，记住目标", "metadata": {}}}
{"timestamp": "2026-05-21T20:47:59.706218", "event": "message_added", "data": {"project_id": "6b19b78e-dd83-4422-b8c7-be558da1c957", "conversation_id": "f35036db-75ec-4839-94f0-ce6c4b47fbee", "message_id": "8fbd65b4-3ede-419c-a8b2-89d9d8d06292", "role": "user", "content": "Hello", "metadata": {}}}
{"timestamp": "2026-05-21T20:47:59.861756", "event": "context_built", "data": {"project": "上下文测试"}}
{"timestamp": "2026-05-21T20:49:51.275348", "event": "message_added", "data": {"project_id": "dfa91ac5-431c-408a-abe2-3b3006b8b3d7", "conversation_id": "ae0c9896-6740-4ea0-85e0-bd1d1f9ba6f4", "message_id": "447c6804-5c95-4bf2-a01b-f457019d412f", "role": "user", "content": "Hello, world!", "metadata": {}}}
{"timestamp": "2026-05-21T20:49:51.700696", "event": "message_added", "data": {"project_id": "7486d79e-55e8-452f-bcaf-5ba5788f4dfa", "conversation_id": "8fd7d2f6-a74d-4150-adab-1120efb448e2", "message_id": "f7c3ecc2-a3da-4782-a8a4-672ff53acaad", "role": "user", "content": "Message 1", "metadata": {}}}
{"timestamp": "2026-05-21T20:49:51.702487", "event": "message_added", "data": {"project_id": "7486d79e-55e8-452f-bcaf-5ba5788f4dfa", "conversation_id": "8fd7d2f6-a74d-4150-adab-1120efb448e2", "message_id": "83e3897c-dfbf-4a70-a21c-49db5e0b1b9c", "role": "assistant", "content": "Response 1", "metadata": {}}}
{"timestamp": "2026-05-21T20:49:52.201958", "event": "message_added", "data": {"project_id": "7d0ed376-3ee9-421b-8d3c-018e68e974ff", "conversation_id": "40d609c3-0e24-44f5-8cf7-2014163ba5f8", "message_id": "eba3ce98-8e58-4f7b-b275-ed044a32fb35", "role": "user", "content": "这是一个重要的消息，记住目标", "metadata": {}}}
{"timestamp": "2026-05-21T20:49:53.635830", "event": "message_added", "data": {"project_id": "25ccf2d3-e390-4ed5-b219-dee6b5e83ace", "conversation_id": "09733837-c665-448e-abd4-65efa12906ca", "message_id": "9e6721f9-39cc-4802-b873-3015509411cb", "role": "user", "content": "Hello", "metadata": {}}}
{"timestamp": "2026-05-21T20:49:53.781167", "event": "context_built", "data": {"project": "上下文测试"}}
{"timestamp": "2026-05-21T20:58:16.128053", "event": "message_added", "data": {"project_id": "1699296a-e2c2-4bc3-90a5-31811848d0e7", "conversation_id": "0e75d9bc-88cc-41b9-8aff-60593a5e8b3b", "message_id": "769da9c2-a4e7-4147-b7ca-a8d8738c4dc0", "role": "user", "content": "Hello, world!", "metadata": {}}}
{"timestamp": "2026-05-21T20:58:16.555824", "event": "message_added", "data": {"project_id": "8af0da03-989c-43c8-a47f-e319451038be", "conversation_id": "77cdee3a-7c11-44b4-ac0c-3b5b02792473", "message_id": "fbadef28-5e6f-42a6-b265-3919e19f67ff", "role": "user", "content": "Message 1", "metadata": {}}}
{"timestamp": "2026-05-21T20:58:16.557632", "event": "message_added", "data": {"project_id": "8af0da03-989c-43c8-a47f-e319451038be", "conversation_id": "77cdee3a-7c11-44b4-ac0c-3b5b02792473", "message_id": "e5392b49-f30a-499c-86a3-3b3446ad821f", "role": "assistant", "content": "Response 1", "metadata": {}}}
{"timestamp": "2026-05-21T20:58:17.102592", "event": "message_added", "data": {"project_id": "d4d6be0b-f655-4237-a53e-38d5434eea64", "conversation_id": "cfe936eb-0ee2-4690-9182-06afb675d352", "message_id": "58c116dc-504b-4ced-afc0-21751dc04e60", "role": "user", "content": "这是一个重要的消息，记住目标", "metadata": {}}}
{"timestamp": "2026-05-21T20:58:18.644729", "event": "message_added", "data": {"project_id": "fd4c6878-19c0-4e69-8e89-7427bcc0c57a", "conversation_id": "6a8dff70-aa76-49c2-925a-2b95319b4535", "message_id": "62851828-78c3-46ec-ba9c-263c5b4407cc", "role": "user", "content": "Hello", "metadata": {}}}
{"timestamp": "2026-05-21T20:58:18.781135", "event": "context_built", "data": {"project": "上下文测试"}}
{"timestamp": "2026-05-21T21:36:57.325275", "event": "message_added", "data": {"project_id": "2341588b-9cf0-4682-b09f-f8d716241c6a", "conversation_id": "4f0cd909-f01e-4926-9e8b-7fb0071ac14b", "message_id": "7bbbc9e4-696e-4561-8351-df1e32f8c7a8", "role": "user", "content": "Hello, world!", "metadata": {}}}
{"timestamp": "2026-05-21T21:36:57.772900", "event": "message_added", "data": {"project_id": "f55fb1bd-240c-43b4-99fd-e353520a6013", "conversation_id": "f5fea288-5e23-449d-8427-41fee689a072", "message_id": "d8267fe0-8bc4-49b4-ac3f-8209087b148b", "role": "user", "content": "Message 1", "metadata": {}}}
{"timestamp": "2026-05-21T21:36:57.774293", "event": "message_added", "data": {"project_id": "f55fb1bd-240c-43b4-99fd-e353520a6013", "conversation_id": "f5fea288-5e23-449d-8427-41fee689a072", "message_id": "066509f5-d697-485b-a7a8-c060084fffcd", "role": "assistant", "content": "Response 1", "metadata": {}}}
{"timestamp": "2026-05-21T21:36:58.308870", "event": "message_added", "data": {"project_id": "dcdb3b91-75f1-42eb-b4d4-a5e19f1ba1f5", "conversation_id": "08af874c-e411-4467-9939-2fe15ab056df", "message_id": "5b00fb85-944f-49a0-a773-78c61595473e", "role": "user", "content": "这是一个重要的消息，记住目标", "metadata": {}}}
{"timestamp": "2026-05-21T21:36:59.825867", "event": "message_added", "data": {"project_id": "edfdfac1-a100-46bc-90c5-7ad58c72ab20", "conversation_id": "dceab03c-165c-4f0f-aa48-ba33c944fbb1", "message_id": "314d8f39-b95b-4fb2-ad3c-61fd0e1c1f29", "role": "user", "content": "Hello", "metadata": {}}}
{"timestamp": "2026-05-21T21:36:59.972247", "event": "context_built", "data": {"project": "上下文测试"}}
{"timestamp": "2026-05-21T21:52:15.745375", "event": "message_added", "data": {"project_id": "001e79ab-cfb3-4d37-81f3-a6f37e272468", "conversation_id": "484740c2-f682-4ca6-b33c-cd3b5f926592", "message_id": "7be721da-162a-4efd-82fe-8b15714a7ec8", "role": "user", "content": "Hello, world!", "metadata": {}}}
{"timestamp": "2026-05-21T21:52:16.213328", "event": "message_added", "data": {"project_id": "326e648a-c7ec-4245-b182-0504d4e59b54", "conversation_id": "fe28673d-7809-44c7-9ed4-0d4a1fba77e2", "message_id": "dce72a98-042b-4725-8bd4-992893c35543", "role": "user", "content": "Message 1", "metadata": {}}}
{"timestamp": "2026-05-21T21:52:16.234696", "event": "message_added", "data": {"project_id": "326e648a-c7ec-4245-b182-0504d4e59b54", "conversation_id": "fe28673d-7809-44c7-9ed4-0d4a1fba77e2", "message_id": "31b3709c-606d-40f4-91e9-1b3f3ec98f81", "role": "assistant", "content": "Response 1", "metadata": {}}}
{"timestamp": "2026-05-21T21:52:16.812238", "event": "message_added", "data": {"project_id": "ef24c77f-d30d-432c-bbcd-b939b4b7bc0c", "conversation_id": "75a16ff4-57be-431b-a88e-d588156a2212", "message_id": "5eb7568a-15fd-46f4-9371-2dd7fb72a635", "role": "user", "content": "这是一个重要的消息，记住目标", "metadata": {}}}
{"timestamp": "2026-05-21T21:52:18.441239", "event": "message_added", "data": {"project_id": "ace8c139-cfb7-446c-a2dc-55dfb24c192d", "conversation_id": "a7c1255b-38f1-40b5-86b8-abc6a819b452", "message_id": "821b849f-b5e7-4869-aba8-fa9f756e6e80", "role": "user", "content": "Hello", "metadata": {}}}
{"timestamp": "2026-05-21T21:52:18.602536", "event": "context_built", "data": {"project": "上下文测试"}}
{"timestamp": "2026-05-21T21:53:58.284071", "event": "message_added", "data": {"project_id": "f06d1a58-8b87-42fd-9365-cfb93bcf17a4", "conversation_id": "9e3c2834-c8cf-47a7-9823-b0749e843d8c", "message_id": "e3e23f98-848b-451a-9136-705724fdca00", "role": "user", "content": "Hello, world!", "metadata": {}}}
{"timestamp": "2026-05-21T21:53:58.691981", "event": "message_added", "data": {"project_id": "00d08a8e-54be-419b-8e74-0ce6d78b77ea", "conversation_id": "00b679bb-25e8-43fc-8d6e-9d20708ef8b9", "message_id": "47a6dd0e-ddfd-49fb-b876-e07dcd684e4f", "role": "user", "content": "Message 1", "metadata": {}}}
{"timestamp": "2026-05-21T21:53:58.692999", "event": "message_added", "data": {"project_id": "00d08a8e-54be-419b-8e74-0ce6d78b77ea", "conversation_id": "00b679bb-25e8-43fc-8d6e-9d20708ef8b9", "message_id": "e3d550df-6b5f-4433-9690-5bd2d9486b80", "role": "assistant", "content": "Response 1", "metadata": {}}}
{"timestamp": "2026-05-21T21:53:59.155387", "event": "message_added", "data": {"project_id": "1770aada-5d5d-444d-a4a4-1ebb6b88c683", "conversation_id": "8549654d-dbe5-4fc2-8eb9-7265530be685", "message_id": "87160610-f399-4df2-a4d9-1e31f3003f11", "role": "user", "content": "这是一个重要的消息，记住目标", "metadata": {}}}
{"timestamp": "2026-05-21T21:54:00.487790", "event": "message_added", "data": {"project_id": "6bfb28a4-72ae-4d19-8e2f-d91d075cf5d4", "conversation_id": "587f9927-4308-4f5e-8280-fdca193f8759", "message_id": "8adc8bac-e7de-4cbf-9e10-40c8f4273bc8", "role": "user", "content": "Hello", "metadata": {}}}
{"timestamp": "2026-05-21T21:54:00.612629", "event": "context_built", "data": {"project": "上下文测试"}}
{"timestamp": "2026-05-22T08:25:43.008137", "event": "message_added", "data": {"project_id": "cd53f359-031a-4ae0-9fde-b6c481219d93", "conversation_id": "51fc5fad-a105-4dbc-a487-5015f8c06f50", "message_id": "79a73c17-5bbb-4a67-a6f5-8755e3cd1c1c", "role": "user", "content": "Hello, world!", "metadata": {}}}
{"timestamp": "2026-05-22T08:25:43.435444", "event": "message_added", "data": {"project_id": "d24d14d8-9e22-42a8-a4d7-57e240b6dd39", "conversation_id": "8027611d-0735-44f2-a794-f9335f54cff7", "message_id": "6e086136-edf9-4dce-b5a3-30747e192830", "role": "user", "content": "Message 1", "metadata": {}}}
{"timestamp": "2026-05-22T08:25:43.439805", "event": "message_added", "data": {"project_id": "d24d14d8-9e22-42a8-a4d7-57e240b6dd39", "conversation_id": "8027611d-0735-44f2-a794-f9335f54cff7", "message_id": "0e39fa21-8cef-474a-b4b0-91be10ed83f4", "role": "assistant", "content": "Response 1", "metadata": {}}}
{"timestamp": "2026-05-22T08:25:44.125512", "event": "message_added", "data": {"project_id": "a7d9b7ed-938a-4bf6-91c7-2597e026dcb5", "conversation_id": "10f5c6b8-92ef-48ed-b9f4-d30e3877f9fa", "message_id": "18f4ca37-1379-4e88-bfd9-e059771c732a", "role": "user", "content": "这是一个重要的消息，记住目标", "metadata": {}}}
{"timestamp": "2026-05-22T08:25:45.729515", "event": "message_added", "data": {"project_id": "0fa28f3c-c7ec-4d64-9bee-790a0f9273c2", "conversation_id": "49750dbd-47b9-4660-b928-318386cb1695", "message_id": "c8089719-ae2c-4406-9e76-f2301a992a1e", "role": "user", "content": "Hello", "metadata": {}}}
{"timestamp": "2026-05-22T08:25:45.881102", "event": "context_built", "data": {"project": "上下文测试"}}
{"timestamp": "2026-05-22T21:47:39.219097", "event": "message_added", "data": {"project_id": "64840b1f-619b-4570-be39-c0ae8a5cfd04", "conversation_id": "269fc312-fbbd-4a3c-a01a-7baa1c8661c4", "message_id": "437b07f4-c264-45bc-9a72-7869192b19eb", "role": "user", "content": "Hello, world!", "metadata": {}}}
{"timestamp": "2026-05-22T21:47:39.647152", "event": "message_added", "data": {"project_id": "ff9851a3-3b94-4d6d-8502-3f9efc004148", "conversation_id": "b8da5153-67d2-493a-8ea2-f078a16353e8", "message_id": "42034d0d-68ee-4de9-8451-cc1a47a630fc", "role": "user", "content": "Message 1", "metadata": {}}}
{"timestamp": "2026-05-22T21:47:39.650148", "event": "message_added", "data": {"project_id": "ff9851a3-3b94-4d6d-8502-3f9efc004148", "conversation_id": "b8da5153-67d2-493a-8ea2-f078a16353e8", "message_id": "203da431-5625-4d62-b4b2-67606129b978", "role": "assistant", "content": "Response 1", "metadata": {}}}
{"timestamp": "2026-05-22T21:47:41.013403", "event": "message_added", "data": {"project_id": "74e139bd-729d-4339-a5f8-73d7e82804a4", "conversation_id": "83b593a1-444a-4b77-99da-9bda662a788a", "message_id": "79f0200c-94e1-44aa-a12f-2422f69d6496", "role": "user", "content": "这是一个重要的消息，记住目标", "metadata": {}}}
{"timestamp": "2026-05-22T21:47:42.529789", "event": "message_added", "data": {"project_id": "73f0f93a-0529-4303-91ff-c02a146c71a2", "conversation_id": "1d959837-42ba-48bf-bffb-18b16d7ef691", "message_id": "8660687d-edf2-4e02-8302-1568cd78db04", "role": "user", "content": "Hello", "metadata": {}}}
{"timestamp": "2026-05-22T21:47:42.679051", "event": "context_built", "data": {"project": "上下文测试"}}
{"timestamp": "2026-05-23T10:14:28.517342", "event": "message_added", "data": {"project_id": "25a9934f-6bde-40bc-83be-4e62452eda45", "conversation_id": "7362717b-aa85-4c20-bacc-656f3f872b78", "message_id": "f97e729f-fe0f-406f-8e6e-c06f7238b0b4", "role": "user", "content": "Hello, world!", "metadata": {}}}
{"timestamp": "2026-05-23T10:14:28.964331", "event": "message_added", "data": {"project_id": "3198d4d7-45c2-4a34-9381-aecdc9d79497", "conversation_id": "49f6e32a-1f5a-46d3-8726-f15662c4c34d", "message_id": "79eddaca-5599-4717-9da1-6560bebe7ab8", "role": "user", "content": "Message 1", "metadata": {}}}
{"timestamp": "2026-05-23T10:14:28.980473", "event": "message_added", "data": {"project_id": "3198d4d7-45c2-4a34-9381-aecdc9d79497", "conversation_id": "49f6e32a-1f5a-46d3-8726-f15662c4c34d", "message_id": "ba00e24f-2199-4ddc-b535-d25d058e2010", "role": "assistant", "content": "Response 1", "metadata": {}}}
{"timestamp": "2026-05-23T10:14:29.851300", "event": "message_added", "data": {"project_id": "7ff4299c-56d6-41fa-a955-bcf1f32e6657", "conversation_id": "412ef56e-0394-4a0f-ae8f-31731530ee70", "message_id": "3c21da20-04c8-4e4c-b9b7-b176ab43d172", "role": "user", "content": "这是一个重要的消息，记住目标", "metadata": {}}}
{"timestamp": "2026-05-23T10:14:31.339889", "event": "message_added", "data": {"project_id": "6d45e310-f5af-419b-a62a-be9df5db777f", "conversation_id": "6c5f58c8-ba04-4af0-b3eb-c8fdfca0c415", "message_id": "fd38f32f-899e-4122-90e9-19ae51e54dda", "role": "user", "content": "Hello", "metadata": {}}}
{"timestamp": "2026-05-23T10:14:31.499275", "event": "context_built", "data": {"project": "上下文测试"}}
{"timestamp": "2026-05-25T11:04:39.930808", "event": "message_added", "data": {"project_id": "3417e69f-c9e3-4b51-8ab6-80a013884c8c", "conversation_id": "7581ffe1-4b31-4890-86f2-6c80561458ea", "message_id": "f4ccc56e-ca31-4af0-a1e5-5c201770d656", "role": "user", "content": "Hello, world!", "metadata": {}}}
{"timestamp": "2026-05-25T11:04:40.317700", "event": "message_added", "data": {"project_id": "3a7ecf82-68f8-420c-bc7c-9a24aef9c7bf", "conversation_id": "f6371d41-ad5f-4cf6-a311-8354fe809a64", "message_id": "5ff65c04-fe85-40c2-970d-cf67a6e4f5f3", "role": "user", "content": "Message 1", "metadata": {}}}
{"timestamp": "2026-05-25T11:04:40.320913", "event": "message_added", "data": {"project_id": "3a7ecf82-68f8-420c-bc7c-9a24aef9c7bf", "conversation_id": "f6371d41-ad5f-4cf6-a311-8354fe809a64", "message_id": "169216a0-1c4e-44a0-b5e8-922b9522f731", "role": "assistant", "content": "Response 1", "metadata": {}}}
{"timestamp": "2026-05-25T11:04:42.253992", "event": "message_added", "data": {"project_id": "6bf21903-5b5a-473b-a08d-c60ab6453466", "conversation_id": "8ae7f82a-0b3f-4c66-b78a-6a8775fba8f5", "message_id": "0b03c838-40ef-4300-bbe9-712cffdf4a9b", "role": "user", "content": "这是一个重要的消息，记住目标", "metadata": {}}}
{"timestamp": "2026-05-25T11:04:43.525668", "event": "message_added", "data": {"project_id": "c017b665-7543-4457-9a5d-93fa3239bca2", "conversation_id": "e03f7219-9bb6-430d-8769-c4583f20895d", "message_id": "de8e96da-60f3-4454-ad9b-330d70eca674", "role": "user", "content": "Hello", "metadata": {}}}
{"timestamp": "2026-05-25T11:04:43.679304", "event": "context_built", "data": {"project": "上下文测试"}}
{"timestamp": "2026-05-26T17:51:41.704591", "event": "message_added", "data": {"project_id": "2e12519d-d9f3-4f6e-a484-c377d39c828c", "conversation_id": "ae3e777a-7aa8-4d87-b4c9-2f7b18277318", "message_id": "d82f4796-85b4-487b-bdd9-a20dc2c0e3d2", "role": "user", "content": "Hello, world!", "metadata": {}}}
{"timestamp": "2026-05-26T17:51:42.183071", "event": "message_added", "data": {"project_id": "ad9fcb75-825b-4700-9bf1-b00bb5b317ea", "conversation_id": "d7bd9e6a-8ebe-4d74-8c3e-80e9f6443dd5", "message_id": "1d035f3f-fc3f-4083-8fcf-6b23bd5d3880", "role": "user", "content": "Message 1", "metadata": {}}}
{"timestamp": "2026-05-26T17:51:42.186240", "event": "message_added", "data": {"project_id": "ad9fcb75-825b-4700-9bf1-b00bb5b317ea", "conversation_id": "d7bd9e6a-8ebe-4d74-8c3e-80e9f6443dd5", "message_id": "5d96cdfe-3351-4ba0-92b6-53efc3edf97e", "role": "assistant", "content": "Response 1", "metadata": {}}}
{"timestamp": "2026-05-26T17:51:44.057093", "event": "message_added", "data": {"project_id": "71fa3365-1572-4da1-a9d4-6fff77d383d6", "conversation_id": "901e189a-b508-4e99-88cd-3dac929a4a78", "message_id": "9e246fa9-b008-4573-8c6a-f56b43c1875f", "role": "user", "content": "这是一个重要的消息，记住目标", "metadata": {}}}
{"timestamp": "2026-05-26T17:51:45.529299", "event": "message_added", "data": {"project_id": "35395eb3-7837-4469-a826-e721685e70cc", "conversation_id": "6de6a748-99b8-45fc-9ca6-2f733d839c23", "message_id": "7c88b215-21ee-4d30-a4ca-f348e0d38c22", "role": "user", "content": "Hello", "metadata": {}}}
{"timestamp": "2026-05-26T17:51:45.705700", "event": "context_built", "data": {"project": "上下文测试"}}
{"timestamp": "2026-05-26T17:53:17.587808", "event": "message_added", "data": {"project_id": "833b54b8-12e5-496a-a8c3-70cab46e2ef1", "conversation_id": "3b787ac1-f724-4986-9a2d-85e58e8e61be", "message_id": "321b22d2-7325-4e8a-9c02-977520388ebd", "role": "user", "content": "Hello, world!", "metadata": {}}}
{"timestamp": "2026-05-26T17:53:18.115459", "event": "message_added", "data": {"project_id": "8215541e-ec68-4fc4-bc4b-f24dc58bd5a8", "conversation_id": "e67a0dd0-1428-4d1b-a963-8ee1db085111", "message_id": "6f61ae90-cecb-47e7-936e-bfb31bf34ae0", "role": "user", "content": "Message 1", "metadata": {}}}
{"timestamp": "2026-05-26T17:53:18.117586", "event": "message_added", "data": {"project_id": "8215541e-ec68-4fc4-bc4b-f24dc58bd5a8", "conversation_id": "e67a0dd0-1428-4d1b-a963-8ee1db085111", "message_id": "c978a017-ccae-43ad-90fd-d6ae5f6e432f", "role": "assistant", "content": "Response 1", "metadata": {}}}
{"timestamp": "2026-05-26T17:53:19.046540", "event": "message_added", "data": {"project_id": "4839ccd1-43ee-4124-8b0e-3c5e5a563fa8", "conversation_id": "410a784f-d6c9-437d-9320-79408b71bcdf", "message_id": "ea853b2f-bc39-40fb-a206-0732ac00d1ce", "role": "user", "content": "这是一个重要的消息，记住目标", "metadata": {}}}
{"timestamp": "2026-05-26T17:53:20.638496", "event": "message_added", "data": {"project_id": "cdff7b24-3709-4d2c-a5d5-6cec9feef3a3", "conversation_id": "f579eb26-e077-4e20-bb17-c6af97d42e62", "message_id": "50ce5b63-eda8-401a-9f8e-25d3074d72c0", "role": "user", "content": "Hello", "metadata": {}}}
{"timestamp": "2026-05-26T17:53:20.806336", "event": "context_built", "data": {"project": "上下文测试"}}
{"timestamp": "2026-05-26T17:59:45.311269", "event": "message_added", "data": {"project_id": "9ea0ec60-1ea3-4a82-9fba-49216055400f", "conversation_id": "c105c77d-ab39-4a16-b6a3-56f2e68c7bb0", "message_id": "6468a855-456a-4b24-88ac-491a456e7084", "role": "user", "content": "Hello, world!", "metadata": {}}}
{"timestamp": "2026-05-26T17:59:46.102313", "event": "message_added", "data": {"project_id": "81e020a3-e0f5-456e-b715-e97a9c3d0aa8", "conversation_id": "a66b6cb5-1bee-4dc1-a0c4-63c55e0a2023", "message_id": "959b842b-1aad-4bc9-b887-054927c7f173", "role": "user", "content": "Message 1", "metadata": {}}}
{"timestamp": "2026-05-26T17:59:46.108032", "event": "message_added", "data": {"project_id": "81e020a3-e0f5-456e-b715-e97a9c3d0aa8", "conversation_id": "a66b6cb5-1bee-4dc1-a0c4-63c55e0a2023", "message_id": "bc183008-c494-4d5a-a22c-592680e21d6d", "role": "assistant", "content": "Response 1", "metadata": {}}}
{"timestamp": "2026-05-26T17:59:47.043552", "event": "message_added", "data": {"project_id": "4c610d88-5dbc-450d-a711-4812efc10f1a", "conversation_id": "b6ee323e-6d51-46dc-bcb1-e9a3ef070560", "message_id": "20f21f0b-72a0-4e55-a299-ae6e855ad48d", "role": "user", "content": "这是一个重要的消息，记住目标", "metadata": {}}}
{"timestamp": "2026-05-26T17:59:49.449706", "event": "message_added", "data": {"project_id": "7df20ebb-1ad6-4533-bf33-1687604969ab", "conversation_id": "7f310089-0d8f-476b-9652-412280fc962d", "message_id": "13af3179-3b5c-4725-ad3b-e5e2d5ebd788", "role": "user", "content": "Hello", "metadata": {}}}
{"timestamp": "2026-05-26T17:59:49.637006", "event": "context_built", "data": {"project": "上下文测试"}}
{"timestamp": "2026-05-26T20:16:03.595604", "event": "message_added", "data": {"project_id": "3f0f21dc-eee8-43de-90c4-afaebb0722e1", "conversation_id": "52c09efc-f450-4fad-9687-eb6ccf046db6", "message_id": "47febfa0-a3aa-42d5-b53d-1f4801dec46c", "role": "user", "content": "Hello, world!", "metadata": {}}}
{"timestamp": "2026-05-26T20:16:04.040937", "event": "message_added", "data": {"project_id": "883765fe-190a-4d84-8840-1bf8a24fe1c4", "conversation_id": "6eb3412b-8e35-49be-82b0-9aba7b44cc6c", "message_id": "3903cded-e7b1-414e-957b-1115fdd4b3db", "role": "user", "content": "Message 1", "metadata": {}}}
{"timestamp": "2026-05-26T20:16:04.043097", "event": "message_added", "data": {"project_id": "883765fe-190a-4d84-8840-1bf8a24fe1c4", "conversation_id": "6eb3412b-8e35-49be-82b0-9aba7b44cc6c", "message_id": "b3f48f67-cc6f-4919-8078-c13606297455", "role": "assistant", "content": "Response 1", "metadata": {}}}
{"timestamp": "2026-05-26T20:16:05.240762", "event": "message_added", "data": {"project_id": "5e159ca7-9c78-415f-ba51-34118bb7c125", "conversation_id": "d03eb92b-30f0-4bd1-899c-54372b4fbfac", "message_id": "adbf01bf-0526-441e-963d-f48c6ec7991d", "role": "user", "content": "这是一个重要的消息，记住目标", "metadata": {}}}
{"timestamp": "2026-05-26T20:16:07.558892", "event": "message_added", "data": {"project_id": "8a27d006-50e8-4102-adc9-ca1d298a7cda", "conversation_id": "2536a8d2-809a-4246-8b05-20e5a31ea3c0", "message_id": "cb8663ec-1914-44f1-8ac3-50c6d897b06e", "role": "user", "content": "Hello", "metadata": {}}}
{"timestamp": "2026-05-26T20:16:07.708169", "event": "context_built", "data": {"project": "上下文测试"}}
{"timestamp": "2026-05-26T20:27:56.773057", "event": "message_added", "data": {"project_id": "68f40e8f-14f3-4d10-8d55-91915e0c2411", "conversation_id": "cd10abc0-37ac-41ab-ac05-2233a32ae359", "message_id": "55a59be8-08e9-46fe-8c3c-72892e222bfb", "role": "user", "content": "Hello, world!", "metadata": {}}}
{"timestamp": "2026-05-26T20:27:57.193955", "event": "message_added", "data": {"project_id": "8bc2e847-9287-4a8e-82a7-e2b58030502b", "conversation_id": "dde6f957-ea88-4668-9e2a-534b56e09675", "message_id": "5654c31a-c768-4a0b-8a82-c63745bb3a1d", "role": "user", "content": "Message 1", "metadata": {}}}
{"timestamp": "2026-05-26T20:27:57.196734", "event": "message_added", "data": {"project_id": "8bc2e847-9287-4a8e-82a7-e2b58030502b", "conversation_id": "dde6f957-ea88-4668-9e2a-534b56e09675", "message_id": "2279db7f-19c0-43a4-a23e-981f1539a442", "role": "assistant", "content": "Response 1", "metadata": {}}}
{"timestamp": "2026-05-26T20:27:57.924049", "event": "message_added", "data": {"project_id": "237bbeef-f05f-48c9-a6a2-3a15eae13833", "conversation_id": "c2b0a2ef-84ab-49c6-bf31-5c3c06f174fc", "message_id": "3281058b-fd0f-4c8e-8d9d-f893dfc951df", "role": "user", "content": "这是一个重要的消息，记住目标", "metadata": {}}}
{"timestamp": "2026-05-26T20:27:57.234448", "event": "message_added", "data": {"project_id": "0ce06d2f-313e-4471-8ee7-b9f4bd951a20", "conversation_id": "a3849367-dea0-4664-9bc2-f410490c1c9c", "message_id": "39fce4db-4820-479d-bfce-d991bca3b9de", "role": "user", "content": "Hello", "metadata": {}}}
{"timestamp": "2026-05-26T20:27:57.382690", "event": "context_built", "data": {"project": "上下文测试"}}
{"timestamp": "2026-05-27T17:35:59.630714", "event": "message_added", "data": {"project_id": "da855129-9d64-4838-bbe7-2f0ffe325357", "conversation_id": "5f333f73-1199-4b8e-a6f2-e67b8f0d7c63", "message_id": "1cbce1e3-8653-4773-971b-858d7699b05c", "role": "user", "content": "Hello, world!", "metadata": {}}}
{"timestamp": "2026-05-27T17:36:00.292849", "event": "message_added", "data": {"project_id": "76e302ad-b265-4b2e-9188-6fea1733bf1e", "conversation_id": "2e5a362a-d8a8-4adb-a4ba-8538239fa522", "message_id": "5ffefec7-59be-4228-93a9-608ff897cca6", "role": "user", "content": "Message 1", "metadata": {}}}
{"timestamp": "2026-05-27T17:36:00.294467", "event": "message_added", "data": {"project_id": "76e302ad-b265-4b2e-9188-6fea1733bf1e", "conversation_id": "2e5a362a-d8a8-4adb-a4ba-8538239fa522", "message_id": "a42b4be9-4b11-4cbf-8fa7-4f5fb932e5d5", "role": "assistant", "content": "Response 1", "metadata": {}}}
{"timestamp": "2026-05-27T17:36:01.034615", "event": "message_added", "data": {"project_id": "684bab82-2dcd-43e8-9aa4-887dc301860b", "conversation_id": "1f063fce-f787-4453-88fc-97095fff4111", "message_id": "848d63d4-b0d8-4f59-8e2e-f8edbf78bdf6", "role": "user", "content": "这是一个重要的消息，记住目标", "metadata": {}}}
{"timestamp": "2026-05-27T17:36:02.408041", "event": "message_added", "data": {"project_id": "4130a999-0954-43a0-9d02-9911b876a966", "conversation_id": "336a3650-efdf-4a56-a9cb-6a5aa919723d", "message_id": "9aa47b3b-b6f4-455b-93d3-48670c8674b0", "role": "user", "content": "Hello", "metadata": {}}}
{"timestamp": "2026-05-27T17:36:02.563035", "event": "context_built", "data": {"project": "上下文测试"}}
{"timestamp": "2026-05-27T20:39:15.334765", "event": "message_added", "data": {"project_id": "67a275f9-f532-46b4-931c-9beaa30ef1ad", "conversation_id": "214fafcf-e4c2-479c-adfd-5fd61e805e43", "message_id": "f01f192f-270c-4cb5-af6c-c0b48439374f", "role": "user", "content": "Hello, world!", "metadata": {}}}
{"timestamp": "2026-05-27T20:39:15.960891", "event": "message_added", "data": {"project_id": "bb44be52-b570-4d83-a8e1-e9c25b884e7e", "conversation_id": "076c38e6-842e-49ec-9ca6-441acd480ace", "message_id": "d2ef8fc9-381c-40cd-991b-80e86d07532e", "role": "user", "content": "Message 1", "metadata": {}}}
{"timestamp": "2026-05-27T20:39:15.964571", "event": "message_added", "data": {"project_id": "bb44be52-b570-4d83-a8e1-e9c25b884e7e", "conversation_id": "076c38e6-842e-49ec-9ca6-441acd480ace", "message_id": "9a1dbf0c-2a96-4967-9e7a-69abad73d130", "role": "assistant", "content": "Response 1", "metadata": {}}}
{"timestamp": "2026-05-27T20:39:16.808362", "event": "message_added", "data": {"project_id": "669052b0-f7c4-439e-8bd1-1e94eaf01d1c", "conversation_id": "e20964ee-f8a0-4b4b-81ca-3e1b9235b905", "message_id": "aa70a0e4-8f63-4108-b586-1050f973676c", "role": "user", "content": "这是一个重要的消息，记住目标", "metadata": {}}}
{"timestamp": "2026-05-27T20:39:18.461337", "event": "message_added", "data": {"project_id": "527105bd-5fa4-48bc-9343-4828ec937faa", "conversation_id": "30c50310-e92d-449a-91eb-e2f3cbacb7cd", "message_id": "d03535b8-6266-4dcc-a2c9-bca19b37ccaa", "role": "user", "content": "Hello", "metadata": {}}}
{"timestamp": "2026-05-27T20:39:18.613767", "event": "context_built", "data": {"project": "上下文测试"}}
{"timestamp": "2026-05-27T20:42:02.620707", "event": "message_added", "data": {"project_id": "4ce51f8b-991b-4c6d-915d-f8fd45d5fc17", "conversation_id": "d733ac4b-0996-4735-bc48-938d76a28bba", "message_id": "72b28ba5-4582-4d70-a815-61ba5ff4cd48", "role": "user", "content": "Hello, world!", "metadata": {}}}
{"timestamp": "2026-05-27T20:42:03.053280", "event": "message_added", "data": {"project_id": "46b66bfa-2129-4b66-91cf-68f1f051922c", "conversation_id": "2345e338-4192-44b3-bd6f-b6239410f7bc", "message_id": "f6c677d1-4b81-4381-a73a-690ae5a20ec3", "role": "user", "content": "Message 1", "metadata": {}}}
{"timestamp": "2026-05-27T20:42:03.056789", "event": "message_added", "data": {"project_id": "46b66bfa-2129-4b66-91cf-68f1f051922c", "conversation_id": "2345e338-4192-44b3-bd6f-b6239410f7bc", "message_id": "a5299c77-f3e8-4297-8a11-2845c6408325", "role": "assistant", "content": "Response 1", "metadata": {}}}
{"timestamp": "2026-05-27T20:42:03.794444", "event": "message_added", "data": {"project_id": "b31338d8-93ea-4975-80b7-ba6b4837704e", "conversation_id": "7cc7711c-be10-44fe-a6b2-8540fa9144b0", "message_id": "34f5e2be-eaef-4c25-8d2d-248adc55e04b", "role": "user", "content": "这是一个重要的消息，记住目标", "metadata": {}}}
{"timestamp": "2026-05-27T20:42:05.102029", "event": "message_added", "data": {"project_id": "2d266e13-8ded-487d-a227-ffb472f8eea0", "conversation_id": "9bb0fe12-959b-4a78-a920-f899cc5a6b36", "message_id": "dde786e6-2499-42af-94f3-8ac214cc744d", "role": "user", "content": "Hello", "metadata": {}}}
{"timestamp": "2026-05-27T20:42:05.244951", "event": "context_built", "data": {"project": "上下文测试"}}
{"timestamp": "2026-05-28T06:58:38.696418", "event": "message_added", "data": {"project_id": "0327edd1-078f-45fb-9490-7a6cd7436d45", "conversation_id": "8e64e3f7-511c-4290-8ade-92aacd2dc13c", "message_id": "18919690-7d5a-4a7a-9d5a-6dc106e10bb8", "role": "user", "content": "Hello, world!", "metadata": {}}}
{"timestamp": "2026-05-28T06:58:39.419672", "event": "message_added", "data": {"project_id": "f9af51a5-3ddc-4100-9e22-4808f6224173", "conversation_id": "379fc757-8288-4a81-8131-d2f13d410f97", "message_id": "9e3cc960-4c57-4e83-9308-e51348724e3d", "role": "user", "content": "Message 1", "metadata": {}}}
{"timestamp": "2026-05-28T06:58:39.423731", "event": "message_added", "data": {"project_id": "f9af51a5-3ddc-4100-9e22-4808f6224173", "conversation_id": "379fc757-8288-4a81-8131-d2f13d410f97", "message_id": "78329d1f-7ed3-4b9b-a9ab-e7371a87dd31", "role": "assistant", "content": "Response 1", "metadata": {}}}
{"timestamp": "2026-05-28T06:58:39.987695", "event": "message_added", "data": {"project_id": "f63c35c1-914f-4116-92e8-26d93c8a0580", "conversation_id": "efe214cc-e8de-471a-b850-21fd2c9c72d2", "message_id": "246e4ce9-b610-4a0d-90c9-835a7d18f988", "role": "user", "content": "这是一个重要的消息，记住目标", "metadata": {}}}
{"timestamp": "2026-05-28T06:58:41.417054", "event": "message_added", "data": {"project_id": "7881ca0f-accf-4fd4-a3c4-a522b0958d5c", "conversation_id": "97edc9cc-e12e-46e9-a18e-363ca333756b", "message_id": "41c3552c-e423-4376-aede-bfa5a251ddd4", "role": "user", "content": "Hello", "metadata": {}}}
{"timestamp": "2026-05-28T06:58:41.580329", "event": "context_built", "data": {"project": "上下文测试"}}
{"timestamp": "2026-05-28T08:02:19.844396", "event": "message_added", "data": {"project_id": "eb619802-fcd8-4a99-a8b3-ecf008eb255a", "conversation_id": "862b947c-db39-45bf-9e36-101448450c65", "message_id": "2c39f63e-437c-49a1-8dd6-4be888d2924f", "role": "user", "content": "Hello, world!", "metadata": {}}}
{"timestamp": "2026-05-28T08:02:20.473803", "event": "message_added", "data": {"project_id": "4541b989-bcc9-4742-9d37-50907c1b4713", "conversation_id": "ff028c45-49e0-426c-9eb6-42142ef1b6ab", "message_id": "a4e22824-1239-432c-b726-e8ccdd8a6324", "role": "user", "content": "Message 1", "metadata": {}}}
{"timestamp": "2026-05-28T08:02:20.474786", "event": "message_added", "data": {"project_id": "4541b989-bcc9-4742-9d37-50907c1b4713", "conversation_id": "ff028c45-49e0-426c-9eb6-42142ef1b6ab", "message_id": "7076c2d8-1893-4369-8967-1a4534623f3c", "role": "assistant", "content": "Response 1", "metadata": {}}}
{"timestamp": "2026-05-28T08:02:21.588886", "event": "message_added", "data": {"project_id": "5b8123d7-a7e8-4de8-9140-8b449eae6a19", "conversation_id": "6b456a1f-8013-43cd-9b9e-c442b36743e8", "message_id": "68fbbd5f-5ad4-41ef-a2db-a696fbc42aaa", "role": "user", "content": "这是一个重要的消息，记住目标", "metadata": {}}}
{"timestamp": "2026-05-28T08:02:23.130124", "event": "message_added", "data": {"project_id": "6eb71749-8dac-4c7c-aa89-5d31d7719975", "conversation_id": "944e0e92-ad0b-4e77-9272-01cc2fa5677c", "message_id": "1e3b1a2a-7453-44c3-bc55-7912099df18c", "role": "user", "content": "Hello", "metadata": {}}}
{"timestamp": "2026-05-28T08:02:23.317114", "event": "context_built", "data": {"project": "上下文测试"}}
{"timestamp": "2026-05-28T17:01:02.589536", "event": "message_added", "data": {"project_id": "0409a121-089d-4703-b460-e6108966250d", "conversation_id": "58c78753-2352-4d4b-8af2-07a305508f97", "message_id": "0ab89a24-3d29-41ff-84aa-c1bdf8ad0102", "role": "user", "content": "Hello, world!", "metadata": {}}}
{"timestamp": "2026-05-28T17:01:03.248419", "event": "message_added", "data": {"project_id": "4a34b28e-6800-4b85-b859-c0d90e6e0d28", "conversation_id": "e993bc47-cb61-490d-856f-c565212babd1", "message_id": "7c558054-1ea7-4f88-be0a-c626f6886233", "role": "user", "content": "Message 1", "metadata": {}}}
{"timestamp": "2026-05-28T17:01:03.250910", "event": "message_added", "data": {"project_id": "4a34b28e-6800-4b85-b859-c0d90e6e0d28", "conversation_id": "e993bc47-cb61-490d-856f-c565212babd1", "message_id": "9f4956a4-48f6-4fe2-be12-8864d8b44a7a", "role": "assistant", "content": "Response 1", "metadata": {}}}
{"timestamp": "2026-05-28T17:01:03.834561", "event": "message_added", "data": {"project_id": "b209da35-ee41-40b1-a143-20aeb6ef16fe", "conversation_id": "3e9d9719-1188-48c0-8d0c-13f513c6b3f7", "message_id": "f7580d5a-1619-443c-ae93-c1aef72de72b", "role": "user", "content": "这是一个重要的消息，记住目标", "metadata": {}}}
{"timestamp": "2026-05-28T17:01:05.297911", "event": "message_added", "data": {"project_id": "f95fc2f5-3520-4002-95d8-06a3fd8b91c5", "conversation_id": "b72becbb-501b-49e4-86bc-e5fae6665f3b", "message_id": "6454b5b9-f945-4f64-8d30-eddd9fa18438", "role": "user", "content": "Hello", "metadata": {}}}
{"timestamp": "2026-05-28T17:01:05.465127", "event": "context_built", "data": {"project": "上下文测试"}}
{"timestamp": "2026-05-28T17:02:42.712523", "event": "message_added", "data": {"project_id": "ff0d29b9-696a-453f-a417-6ef5fb0ab2c3", "conversation_id": "5242c645-a823-4c4e-8cf3-0233768f52ed", "message_id": "ae71b67a-6e54-4a19-97b0-389bac47245a", "role": "user", "content": "Hello, world!", "metadata": {}}}
{"timestamp": "2026-05-28T17:02:43.394122", "event": "message_added", "data": {"project_id": "8d02e7ac-e133-49e5-a386-1a4df7202372", "conversation_id": "d90ddca1-264a-4edc-94c1-d52cee50e3f0", "message_id": "8fec5314-d608-4004-ab48-3ef80e0fa33d", "role": "user", "content": "Message 1", "metadata": {}}}
{"timestamp": "2026-05-28T17:02:43.397026", "event": "message_added", "data": {"project_id": "8d02e7ac-e133-49e5-a386-1a4df7202372", "conversation_id": "d90ddca1-264a-4edc-94c1-d52cee50e3f0", "message_id": "58dffd4c-b1d1-489b-af91-97d3c1874a25", "role": "assistant", "content": "Response 1", "metadata": {}}}
{"timestamp": "2026-05-28T17:02:43.993928", "event": "message_added", "data": {"project_id": "3bfd8070-69aa-43dd-9f8e-283a2616a5ea", "conversation_id": "ccb3bff9-c604-42eb-a2f7-9ef3fe776920", "message_id": "86cf2292-e029-4b36-a1c1-966d7c498df1", "role": "user", "content": "这是一个重要的消息，记住目标", "metadata": {}}}
{"timestamp": "2026-05-28T17:02:51.572079", "event": "message_added", "data": {"project_id": "eef489c0-3379-4374-abe2-57796454e631", "conversation_id": "028d7f7f-68f6-43ab-87c7-c4a0fac01c1a", "message_id": "4324b742-5d01-4c2a-a755-0502e2b53024", "role": "user", "content": "Hello", "metadata": {}}}
{"timestamp": "2026-05-28T17:02:51.772016", "event": "context_built", "data": {"project": "上下文测试"}}
{"timestamp": "2026-05-28T17:04:11.976603", "event": "message_added", "data": {"project_id": "e3e1f055-07d2-44ac-82e3-8f00d1d31b64", "conversation_id": "38261e3c-1864-4828-a042-feee4a97d361", "message_id": "0b514409-b01b-42d3-b45c-a3eca6ee3d6a", "role": "user", "content": "Hello, world!", "metadata": {}}}
{"timestamp": "2026-05-28T17:04:12.540489", "event": "message_added", "data": {"project_id": "eca9ada6-bc50-4a5e-8df3-c3c5a3c53019", "conversation_id": "0da2930a-76b0-4a3e-9964-2f51b386f301", "message_id": "9087a4f2-c948-4aeb-a339-5b5a46594cfb", "role": "user", "content": "Message 1", "metadata": {}}}
{"timestamp": "2026-05-28T17:04:12.542351", "event": "message_added", "data": {"project_id": "eca9ada6-bc50-4a5e-8df3-c3c5a3c53019", "conversation_id": "0da2930a-76b0-4a3e-9964-2f51b386f301", "message_id": "3fb6ebaa-91b3-4e29-a716-c70813f0d1af", "role": "assistant", "content": "Response 1", "metadata": {}}}
{"timestamp": "2026-05-28T17:04:13.290317", "event": "message_added", "data": {"project_id": "88681039-3567-4e49-966a-74d7d695b5fc", "conversation_id": "3534d440-ce7c-4e02-bfe6-3bc8eec6e748", "message_id": "3ada1a80-3975-4322-a4d5-e683bc47457c", "role": "user", "content": "这是一个重要的消息，记住目标", "metadata": {}}}
{"timestamp": "2026-05-28T17:04:15.310166", "event": "message_added", "data": {"project_id": "2365cb45-9e78-4dc6-95ff-3a85cce2525e", "conversation_id": "eb8745ac-0ed3-45b6-9363-849df4a8b77b", "message_id": "bc924c5b-c6e4-4f1e-8825-573c1c283534", "role": "user", "content": "Hello", "metadata": {}}}
{"timestamp": "2026-05-28T17:04:15.511487", "event": "context_built", "data": {"project": "上下文测试"}}
{"timestamp": "2026-05-28T18:02:37.396442", "event": "message_added", "data": {"project_id": "e54a99b8-b926-4a38-963f-0f211944937a", "conversation_id": "fd3bd9a3-f767-4e1f-8cbb-06f5de5d368f", "message_id": "1be26622-38bc-495f-8411-2357df8e9aff", "role": "user", "content": "Hello, world!", "metadata": {}}}
{"timestamp": "2026-05-28T18:02:38.007985", "event": "message_added", "data": {"project_id": "7a8b20b1-1688-4ba9-809e-4dce2e09f40d", "conversation_id": "8189abb3-54e7-42ac-a9c4-a56be62bc41f", "message_id": "24b54011-f5cc-4e2d-813d-913848b5e05e", "role": "user", "content": "Message 1", "metadata": {}}}
{"timestamp": "2026-05-28T18:02:38.009790", "event": "message_added", "data": {"project_id": "7a8b20b1-1688-4ba9-809e-4dce2e09f40d", "conversation_id": "8189abb3-54e7-42ac-a9c4-a56be62bc41f", "message_id": "e42ad821-1525-4fb3-b531-eddc4f20e359", "role": "assistant", "content": "Response 1", "metadata": {}}}
{"timestamp": "2026-05-28T18:02:38.733470", "event": "message_added", "data": {"project_id": "4796d11c-c8a3-4984-bf3b-a5e1d397675c", "conversation_id": "2bc23ea4-0368-48df-81a4-be0c88580138", "message_id": "df4260f0-1f69-4ad1-8cd3-577d38637b7c", "role": "user", "content": "这是一个重要的消息，记住目标", "metadata": {}}}
{"timestamp": "2026-05-28T18:02:40.348971", "event": "message_added", "data": {"project_id": "62f23f16-9e38-47cb-99c4-f897dd2d9214", "conversation_id": "0d83f882-4e2b-427f-a49f-3b14123ab4c4", "message_id": "ed8d2f9e-e4c0-44c3-b34e-b5081d66f456", "role": "user", "content": "Hello", "metadata": {}}}
{"timestamp": "2026-05-28T18:02:40.532238", "event": "context_built", "data": {"project": "上下文测试"}}
{"timestamp": "2026-05-28T18:04:50.303909", "event": "message_added", "data": {"project_id": "cbd7c833-d4f9-46a5-bd63-2d1d8eb72a35", "conversation_id": "eddb7198-61e3-4271-a9fc-d8318615a343", "message_id": "9a93c51c-39ba-45b7-a859-3dbbc105173c", "role": "user", "content": "Hello, world!", "metadata": {}}}
{"timestamp": "2026-05-28T18:04:50.930619", "event": "message_added", "data": {"project_id": "7a0c0f57-a63d-48de-8f14-7681a51deaf9", "conversation_id": "bb35b572-2d37-4b08-b174-422473c8411c", "message_id": "784fba1a-eb49-4c69-86c8-bf93b13d5221", "role": "user", "content": "Message 1", "metadata": {}}}
{"timestamp": "2026-05-28T18:04:50.933256", "event": "message_added", "data": {"project_id": "7a0c0f57-a63d-48de-8f14-7681a51deaf9", "conversation_id": "bb35b572-2d37-4b08-b174-422473c8411c", "message_id": "852c81f1-1a0b-44bf-ac4b-96e249b7cd5b", "role": "assistant", "content": "Response 1", "metadata": {}}}
{"timestamp": "2026-05-28T18:04:57.269883", "event": "message_added", "data": {"project_id": "042abb86-8d89-401c-956f-1e518e88c5a8", "conversation_id": "c724babd-71f4-4b44-9a6a-8749c6cfdfc1", "message_id": "82d04bdb-1ebd-49c2-aa1b-b4b24a87d3d2", "role": "user", "content": "这是一个重要的消息，记住目标", "metadata": {}}}
{"timestamp": "2026-05-28T18:04:52.407717", "event": "message_added", "data": {"project_id": "fe444f4e-0d78-4207-bbe1-07e2fabb1d00", "conversation_id": "c98128d2-7d94-400f-b5a9-7484b2fd5a88", "message_id": "2148f1c9-f010-45ac-9170-d3b1f4434590", "role": "user", "content": "Hello", "metadata": {}}}
{"timestamp": "2026-05-28T18:04:52.591764", "event": "context_built", "data": {"project": "上下文测试"}}
{"timestamp": "2026-05-28T18:07:03.480214", "event": "message_added", "data": {"project_id": "fbe37dc1-6cfb-41e3-aa76-c2aefcb258a1", "conversation_id": "52d82cc7-5109-40e8-847e-1fcbd8c8a402", "message_id": "e3f6bcd3-d1a8-4118-8b2e-4c6c0e63fc56", "role": "user", "content": "Hello, world!", "metadata": {}}}
{"timestamp": "2026-05-28T18:06:57.957682", "event": "message_added", "data": {"project_id": "a19274db-204f-4228-af56-ac85af062853", "conversation_id": "639b2831-7443-49ec-a38b-8f512c3569d0", "message_id": "d9ce4360-f8f3-4b6c-bbf0-33cc16950e64", "role": "user", "content": "Message 1", "metadata": {}}}
{"timestamp": "2026-05-28T18:06:57.959111", "event": "message_added", "data": {"project_id": "a19274db-204f-4228-af56-ac85af062853", "conversation_id": "639b2831-7443-49ec-a38b-8f512c3569d0", "message_id": "364b3dc7-fc42-40e2-9ff3-3f452f599a23", "role": "assistant", "content": "Response 1", "metadata": {}}}
{"timestamp": "2026-05-28T18:06:58.644848", "event": "message_added", "data": {"project_id": "9862fd66-e562-46b4-a897-56f448dd3b05", "conversation_id": "7602c3d5-6994-483f-8e42-38eb36e49e7b", "message_id": "d5ae64bd-4d48-4848-a77a-34acb1f5fd25", "role": "user", "content": "这是一个重要的消息，记住目标", "metadata": {}}}
{"timestamp": "2026-05-28T18:07:00.446923", "event": "message_added", "data": {"project_id": "5b86ff61-3ee8-4ee8-86ef-f8d2a120ce32", "conversation_id": "1c8905e2-742d-4d83-9551-b1aa2d4f3f70", "message_id": "26a45b1e-84ed-4caf-a176-db2068885520", "role": "user", "content": "Hello", "metadata": {}}}
{"timestamp": "2026-05-28T18:07:00.656039", "event": "context_built", "data": {"project": "上下文测试"}}
{"timestamp": "2026-05-28T18:08:39.096664", "event": "message_added", "data": {"project_id": "45a58e7f-c872-4a25-a6d8-1f7a9cf1be5b", "conversation_id": "e4c87fd1-a2bf-429f-88e1-889c1591ca51", "message_id": "a7bd8b3d-2962-4253-92a6-6813cf2781d4", "role": "user", "content": "Hello, world!", "metadata": {}}}
{"timestamp": "2026-05-28T18:08:39.724963", "event": "message_added", "data": {"project_id": "281cfdcb-df9a-4ded-9689-633b6df6a8e1", "conversation_id": "555acac4-8223-407d-a740-35bd5ef84f69", "message_id": "27904492-9254-44d7-b12b-1b0a0dd19dd6", "role": "user", "content": "Message 1", "metadata": {}}}
{"timestamp": "2026-05-28T18:08:39.728267", "event": "message_added", "data": {"project_id": "281cfdcb-df9a-4ded-9689-633b6df6a8e1", "conversation_id": "555acac4-8223-407d-a740-35bd5ef84f69", "message_id": "86ef6740-a5b7-41fa-9083-a8db621121b9", "role": "assistant", "content": "Response 1", "metadata": {}}}
{"timestamp": "2026-05-28T18:08:40.244910", "event": "message_added", "data": {"project_id": "6466b74c-1fd3-48b2-b885-4518b6d98c99", "conversation_id": "16e17222-338a-498d-bf3d-8800a4058cf8", "message_id": "013d7f76-8d9b-4943-a03f-b576368e451b", "role": "user", "content": "这是一个重要的消息，记住目标", "metadata": {}}}
{"timestamp": "2026-05-28T18:08:41.539900", "event": "message_added", "data": {"project_id": "38413d6c-c068-4c49-83a6-a6931c9a67f0", "conversation_id": "c98a0868-e4eb-4aa7-a841-bee5d43feeab", "message_id": "1b47fea7-90f9-44c9-8cde-123db7c53a44", "role": "user", "content": "Hello", "metadata": {}}}
{"timestamp": "2026-05-28T18:08:47.500879", "event": "context_built", "data": {"project": "上下文测试"}}
{"timestamp": "2026-05-28T23:55:38.774592", "event": "message_added", "data": {"project_id": "dbe0f364-ab70-4447-b33d-edc28a672bd5", "conversation_id": "167edab3-c11d-4c6f-9b84-4f6839c5a4fb", "message_id": "714344d7-f771-4110-97b6-f98fbf689457", "role": "user", "content": "Hello, world!", "metadata": {}}}
{"timestamp": "2026-05-28T23:55:39.469649", "event": "message_added", "data": {"project_id": "c8428df7-104a-4341-9897-4c89676a5c5a", "conversation_id": "d95c2b57-5920-490f-b03f-e84ffb2d7e85", "message_id": "b830ffa9-0081-4231-ad09-300f93844271", "role": "user", "content": "Message 1", "metadata": {}}}
{"timestamp": "2026-05-28T23:55:39.471828", "event": "message_added", "data": {"project_id": "c8428df7-104a-4341-9897-4c89676a5c5a", "conversation_id": "d95c2b57-5920-490f-b03f-e84ffb2d7e85", "message_id": "eab87a2d-70f4-42a1-8b3d-4738d75955c2", "role": "assistant", "content": "Response 1", "metadata": {}}}
{"timestamp": "2026-05-28T23:55:47.099649", "event": "message_added", "data": {"project_id": "408af1a1-ec7a-4c56-8c1a-2fbc0abbf3f4", "conversation_id": "a5a2ca7f-69e5-46ed-99ec-8020da21b981", "message_id": "71fe771a-1a3c-41c9-a3be-4ea1f4150043", "role": "user", "content": "这是一个重要的消息，记住目标", "metadata": {}}}
{"timestamp": "2026-05-28T23:55:41.385106", "event": "message_added", "data": {"project_id": "48ed9f38-da0b-4e54-a18f-e36adbd057d0", "conversation_id": "50900f15-82c5-4039-92b8-657ddd3cf0c5", "message_id": "56e450e4-9f7d-4644-9196-e57f7341ac41", "role": "user", "content": "Hello", "metadata": {}}}
{"timestamp": "2026-05-28T23:55:41.556531", "event": "context_built", "data": {"project": "上下文测试"}}
{"timestamp": "2026-05-28T23:57:17.258543", "event": "message_added", "data": {"project_id": "4cc8c71b-8ebb-4b7e-8d6b-941a1db25b01", "conversation_id": "4554725d-7960-4c87-8a3a-bdea095a9d68", "message_id": "85b94d8d-106f-4759-8c21-51369eeff2b9", "role": "user", "content": "Hello, world!", "metadata": {}}}
{"timestamp": "2026-05-28T23:57:17.967376", "event": "message_added", "data": {"project_id": "6b9e1aaf-f276-40ed-80e6-fbce414c3894", "conversation_id": "db227097-8919-4ecf-95e0-d673ad08d374", "message_id": "488e63f9-8608-4e60-bdea-c2e082b846ff", "role": "user", "content": "Message 1", "metadata": {}}}
{"timestamp": "2026-05-28T23:57:17.969074", "event": "message_added", "data": {"project_id": "6b9e1aaf-f276-40ed-80e6-fbce414c3894", "conversation_id": "db227097-8919-4ecf-95e0-d673ad08d374", "message_id": "01f2dafd-bd1f-4d41-9f68-99c3f1f8606c", "role": "assistant", "content": "Response 1", "metadata": {}}}
{"timestamp": "2026-05-28T23:57:18.585642", "event": "message_added", "data": {"project_id": "5585093e-7211-4dae-8c57-b82a48367b63", "conversation_id": "e98f4614-ce0a-4346-975d-b5023d2e448c", "message_id": "b9f58e75-0b87-4681-af7c-da07f736249c", "role": "user", "content": "这是一个重要的消息，记住目标", "metadata": {}}}
{"timestamp": "2026-05-28T23:57:26.885888", "event": "message_added", "data": {"project_id": "b5a3f60f-1f9a-40e7-968f-e4ef7a94cde0", "conversation_id": "51fefd77-34f7-4eed-abb3-fd186499a981", "message_id": "9eb21739-8ca4-4683-aa3d-19b94695f0a3", "role": "user", "content": "Hello", "metadata": {}}}
{"timestamp": "2026-05-28T23:57:27.051110", "event": "context_built", "data": {"project": "上下文测试"}}
{"timestamp": "2026-05-28T23:59:48.266135", "event": "message_added", "data": {"project_id": "44ca067e-0e29-471a-9cc4-82d4ec08070d", "conversation_id": "91718ae0-3c7b-470c-85ef-b36106dbb78b", "message_id": "d1fd3eae-a559-46a2-91dd-7f862485938d", "role": "user", "content": "Hello, world!", "metadata": {}}}
{"timestamp": "2026-05-28T23:59:48.938482", "event": "message_added", "data": {"project_id": "674366ba-b373-481a-970e-ea43879c4197", "conversation_id": "0c79e0c6-2e1f-47e5-a27e-e96855653f3f", "message_id": "cc372904-db0d-4230-8bbb-b1e759e641b0", "role": "user", "content": "Message 1", "metadata": {}}}
{"timestamp": "2026-05-28T23:59:48.943756", "event": "message_added", "data": {"project_id": "674366ba-b373-481a-970e-ea43879c4197", "conversation_id": "0c79e0c6-2e1f-47e5-a27e-e96855653f3f", "message_id": "550af90d-2185-4129-ab50-b261b952084f", "role": "assistant", "content": "Response 1", "metadata": {}}}
{"timestamp": "2026-05-28T23:59:49.508664", "event": "message_added", "data": {"project_id": "48008e1f-2267-498b-900e-fb7f3913c2e1", "conversation_id": "88777f2d-4b7a-454f-ac54-eb977b1b3cfc", "message_id": "8a8c6e07-bc96-4748-8139-12219da3b241", "role": "user", "content": "这是一个重要的消息，记住目标", "metadata": {}}}
{"timestamp": "2026-05-28T23:59:50.507877", "event": "message_added", "data": {"project_id": "e0efe499-2949-4c1c-b43e-6547feb85beb", "conversation_id": "c1b502ad-0107-4996-a0b5-c857e9889326", "message_id": "d015f1d2-7cec-4ad7-bf8b-f6af2c6767b3", "role": "user", "content": "Hello", "metadata": {}}}
{"timestamp": "2026-05-28T23:59:50.656414", "event": "context_built", "data": {"project": "上下文测试"}}
{"timestamp": "2026-05-29T00:02:17.782214", "event": "message_added", "data": {"project_id": "5c1e57bf-edfd-47a4-bcf5-407dea896970", "conversation_id": "40fe2cca-90a3-4ee0-8dd4-0bf6985b0fbd", "message_id": "f82ee0c1-0123-4ef1-9fe5-e38bc48f82fd", "role": "user", "content": "Hello, world!", "metadata": {}}}
{"timestamp": "2026-05-29T00:02:11.011448", "event": "message_added", "data": {"project_id": "048a6572-55ff-4388-a4ba-338fe58ab384", "conversation_id": "698d8d96-1bbf-4b03-8704-76ac4e69a971", "message_id": "305c0d05-97c4-482f-a965-fd390b8bb26c", "role": "user", "content": "Message 1", "metadata": {}}}
{"timestamp": "2026-05-29T00:02:11.013702", "event": "message_added", "data": {"project_id": "048a6572-55ff-4388-a4ba-338fe58ab384", "conversation_id": "698d8d96-1bbf-4b03-8704-76ac4e69a971", "message_id": "d4621a53-2026-433b-9585-0364fd7f80b0", "role": "assistant", "content": "Response 1", "metadata": {}}}
{"timestamp": "2026-05-29T00:02:11.621748", "event": "message_added", "data": {"project_id": "e6d2a64d-594d-46e1-a70f-6eb0d7150479", "conversation_id": "0ac4de3a-3bc6-4054-9ec6-985d791bd28d", "message_id": "8de237e6-3a0b-42df-bdc3-062910a650db", "role": "user", "content": "这是一个重要的消息，记住目标", "metadata": {}}}
{"timestamp": "2026-05-29T00:02:13.075595", "event": "message_added", "data": {"project_id": "9683e12b-fe7a-4dd9-8db7-1a34eba6ab6d", "conversation_id": "56c11780-fb66-4f9e-957f-4322f80a5fc8", "message_id": "a74f5a3e-850f-497d-9ba5-fa79428fe0b6", "role": "user", "content": "Hello", "metadata": {}}}
{"timestamp": "2026-05-29T00:02:13.258641", "event": "context_built", "data": {"project": "上下文测试"}}
{"timestamp": "2026-05-29T13:52:01.104915", "event": "message_added", "data": {"project_id": "674108a8-88b4-4ace-bd89-418fc95c1449", "conversation_id": "9e2ae3ac-97c3-46e8-88fc-0e2ac154f0d7", "message_id": "97a06b33-bac5-4ab2-91af-dbf426e50a7d", "role": "user", "content": "Hello, world!", "metadata": {}}}
{"timestamp": "2026-05-29T13:52:01.561971", "event": "message_added", "data": {"project_id": "09bc6d20-fa8e-433b-8d2a-c40d6b6de111", "conversation_id": "7e3951f8-12b3-428b-9215-ce96ad4839c5", "message_id": "0e7dfc29-565b-4587-853b-950efe81a911", "role": "user", "content": "Message 1", "metadata": {}}}
{"timestamp": "2026-05-29T13:52:01.565336", "event": "message_added", "data": {"project_id": "09bc6d20-fa8e-433b-8d2a-c40d6b6de111", "conversation_id": "7e3951f8-12b3-428b-9215-ce96ad4839c5", "message_id": "e2412458-5afc-4bac-83b9-8585d0dc6d1c", "role": "assistant", "content": "Response 1", "metadata": {}}}
{"timestamp": "2026-05-29T13:52:03.236091", "event": "message_added", "data": {"project_id": "a371199c-5003-4e90-aaae-4d965c040f2f", "conversation_id": "58ad678e-cbf2-4df1-b613-6888995e53fb", "message_id": "18416c58-4b5c-4635-a6a5-c0a96a6c7612", "role": "user", "content": "这是一个重要的消息，记住目标", "metadata": {}}}
{"timestamp": "2026-05-29T13:52:04.379850", "event": "message_added", "data": {"project_id": "29d8fff9-ab45-405a-b1c9-c8dbe834665b", "conversation_id": "d564cbe4-278d-40b9-b6a9-2b2ae2ebc01a", "message_id": "329bc23e-f763-4cfb-98b6-b38324a4945d", "role": "user", "content": "Hello", "metadata": {}}}
{"timestamp": "2026-05-29T13:52:04.557019", "event": "context_built", "data": {"project": "上下文测试"}}
{"timestamp": "2026-05-29T22:55:32.618004", "event": "message_added", "data": {"project_id": "eca89765-ffdf-43d6-8324-1514a57f0c2b", "conversation_id": "27610ad7-0d16-4acb-b9f1-e33c56cb398b", "message_id": "24eb0e17-7ec4-4ad0-92e5-59c9e59461fc", "role": "user", "content": "Hello, world!", "metadata": {}}}
{"timestamp": "2026-05-29T22:55:33.010739", "event": "message_added", "data": {"project_id": "defd982c-5ea9-49de-8ca8-9a02e11f2f86", "conversation_id": "b3d779bc-ce69-45b2-94f1-f9dd6acf8a51", "message_id": "824de763-66e2-4778-a59f-191a746ff997", "role": "user", "content": "Message 1", "metadata": {}}}
{"timestamp": "2026-05-29T22:55:33.012285", "event": "message_added", "data": {"project_id": "defd982c-5ea9-49de-8ca8-9a02e11f2f86", "conversation_id": "b3d779bc-ce69-45b2-94f1-f9dd6acf8a51", "message_id": "70863498-54e9-4f23-b4d0-fc7759c8fa44", "role": "assistant", "content": "Response 1", "metadata": {}}}
{"timestamp": "2026-05-29T22:55:44.795709", "event": "message_added", "data": {"project_id": "b2f4e701-315d-4daf-ac7b-3a83bca92007", "conversation_id": "404eeca1-7fb8-42e6-9263-3b404c8b083d", "message_id": "bb7a84de-0632-4805-b334-0a31780bcb06", "role": "user", "content": "这是一个重要的消息，记住目标", "metadata": {}}}
{"timestamp": "2026-05-29T22:55:35.111222", "event": "message_added", "data": {"project_id": "d720186b-8db6-46e0-be63-12abaad30584", "conversation_id": "49bcdf7d-1e98-440b-b88e-d63187934338", "message_id": "dcc219a2-6556-4d68-9645-dca9d4925f78", "role": "user", "content": "Hello", "metadata": {}}}
{"timestamp": "2026-05-29T22:55:35.250438", "event": "context_built", "data": {"project": "上下文测试"}}
{"timestamp": "2026-05-29T23:10:13.826872", "event": "message_added", "data": {"project_id": "cbb78540-ef74-4ab8-a33b-d4927acc763a", "conversation_id": "744423e4-e62d-4d07-8f7e-2f39763abbe1", "message_id": "e4c87e22-b597-409a-953f-814649c85c52", "role": "user", "content": "Hello, world!", "metadata": {}}}
{"timestamp": "2026-05-29T23:10:14.196651", "event": "message_added", "data": {"project_id": "7971eea2-6d09-4379-9ea8-c29247819294", "conversation_id": "0350a4b6-a008-4234-9611-ec803342e852", "message_id": "e0d75b7a-4444-4d89-8654-8f89157f0f09", "role": "user", "content": "Message 1", "metadata": {}}}
{"timestamp": "2026-05-29T23:10:14.198004", "event": "message_added", "data": {"project_id": "7971eea2-6d09-4379-9ea8-c29247819294", "conversation_id": "0350a4b6-a008-4234-9611-ec803342e852", "message_id": "708e5419-4d1b-4af9-9956-b2f74173cce6", "role": "assistant", "content": "Response 1", "metadata": {}}}
{"timestamp": "2026-05-29T23:10:14.843238", "event": "message_added", "data": {"project_id": "0b7b25c9-2427-4ccb-b54f-ee3ad705bb8e", "conversation_id": "02859b1d-a028-4f43-97b0-3c23f402093f", "message_id": "92f829d0-2713-4374-8348-89764478daf3", "role": "user", "content": "这是一个重要的消息，记住目标", "metadata": {}}}
{"timestamp": "2026-05-29T23:10:16.024341", "event": "message_added", "data": {"project_id": "bed2b125-846e-4fd9-9722-f9e8aba42cba", "conversation_id": "6ac1851c-3af1-4226-be80-faf643bcc04e", "message_id": "e6b4bb56-7276-4f32-9497-1e1f280ad359", "role": "user", "content": "Hello", "metadata": {}}}
{"timestamp": "2026-05-29T23:10:16.179643", "event": "context_built", "data": {"project": "上下文测试"}}
{"timestamp": "2026-05-29T23:11:23.413825", "event": "message_added", "data": {"project_id": "93cb6254-a275-4506-b68a-3e6c2d7ab50c", "conversation_id": "ff6b2b2a-d04c-4598-aedc-3d95da1eff54", "message_id": "aa356fff-62e0-49bd-9f4c-658eec47427f", "role": "user", "content": "Hello, world!", "metadata": {}}}
{"timestamp": "2026-05-29T23:11:23.836413", "event": "message_added", "data": {"project_id": "41d33c30-da23-4035-924c-8a62f5654b94", "conversation_id": "94bd1d53-7244-4ad3-b050-c99fb0bff3ea", "message_id": "60bdcf97-68de-4b71-a8ed-cc72d513c5c8", "role": "user", "content": "Message 1", "metadata": {}}}
{"timestamp": "2026-05-29T23:11:23.839989", "event": "message_added", "data": {"project_id": "41d33c30-da23-4035-924c-8a62f5654b94", "conversation_id": "94bd1d53-7244-4ad3-b050-c99fb0bff3ea", "message_id": "8c983ecb-f15a-4c16-81de-87482318ee70", "role": "assistant", "content": "Response 1", "metadata": {}}}
{"timestamp": "2026-05-29T23:11:24.522608", "event": "message_added", "data": {"project_id": "99a388bb-41d2-47e6-8702-7dae8f7d1cc9", "conversation_id": "1503ff98-7b50-4067-91d4-605e1a83c871", "message_id": "2955479e-3e47-47ce-b29c-20049a643166", "role": "user", "content": "这是一个重要的消息，记住目标", "metadata": {}}}
{"timestamp": "2026-05-29T23:11:25.807449", "event": "message_added", "data": {"project_id": "39774078-d84d-4a83-bf44-dfc30efbceee", "conversation_id": "623c5d6a-c3db-4018-b79c-ddbbc17b3bb2", "message_id": "16e070f1-0757-4769-a782-ad51a9e0e4d2", "role": "user", "content": "Hello", "metadata": {}}}
{"timestamp": "2026-05-29T23:11:25.943944", "event": "context_built", "data": {"project": "上下文测试"}}
{"timestamp": "2026-05-30T09:13:18.753403", "event": "message_added", "data": {"project_id": "21c27fe8-3fa4-49f7-9cce-3a1d7b9b29da", "conversation_id": "d4ba7c6c-7b5f-4b79-9e60-2ad2fcc3ee5a", "message_id": "3a497585-944c-4818-bf9f-e52e1280ec0a", "role": "user", "content": "Hello, world!", "metadata": {}}}
{"timestamp": "2026-05-30T09:13:19.344162", "event": "message_added", "data": {"project_id": "d0fb322d-5393-401c-b16e-55ab695b063f", "conversation_id": "3a2ce3d2-fef7-4d73-b2b0-a77775813f97", "message_id": "be230b61-e8d2-45c4-b75e-fb3e44c431c5", "role": "user", "content": "Message 1", "metadata": {}}}
{"timestamp": "2026-05-30T09:13:19.345569", "event": "message_added", "data": {"project_id": "d0fb322d-5393-401c-b16e-55ab695b063f", "conversation_id": "3a2ce3d2-fef7-4d73-b2b0-a77775813f97", "message_id": "b1922c95-7793-416a-884e-273a782fb0bb", "role": "assistant", "content": "Response 1", "metadata": {}}}
{"timestamp": "2026-05-30T09:13:20.205795", "event": "message_added", "data": {"project_id": "b5244242-4399-4afc-918d-f733c9208787", "conversation_id": "091a7167-10b7-454a-8075-e6913a652a86", "message_id": "1b20bd16-dd49-4acf-81b2-1dda28f3f06a", "role": "user", "content": "这是一个重要的消息，记住目标", "metadata": {}}}
{"timestamp": "2026-05-30T09:13:21.550021", "event": "message_added", "data": {"project_id": "c1f4a955-6ea4-4d18-9398-e2130b1c1923", "conversation_id": "1006bdd2-0ca4-477f-9d94-19b65fa25dd7", "message_id": "c4fd8752-f359-45fc-b778-a278af9e6442", "role": "user", "content": "Hello", "metadata": {}}}
{"timestamp": "2026-05-30T09:13:34.149207", "event": "context_built", "data": {"project": "上下文测试"}}
{"timestamp": "2026-05-30T09:37:33.232364", "event": "message_added", "data": {"project_id": "a4d53920-2370-4d59-af7e-14ff4736398c", "conversation_id": "89742a15-4e39-49b3-befd-db79b9935f0d", "message_id": "acb71f0b-c0a2-4753-9b0b-5560f663412e", "role": "user", "content": "Hello, world!", "metadata": {}}}
{"timestamp": "2026-05-30T09:37:33.874056", "event": "message_added", "data": {"project_id": "87eed485-eaa3-4e86-8356-c6c360f286ab", "conversation_id": "23310c14-09ce-400f-a191-1b31285dc261", "message_id": "b4923852-19c5-4ae7-9c9b-def3f99a5cc3", "role": "user", "content": "Message 1", "metadata": {}}}
{"timestamp": "2026-05-30T09:37:33.875718", "event": "message_added", "data": {"project_id": "87eed485-eaa3-4e86-8356-c6c360f286ab", "conversation_id": "23310c14-09ce-400f-a191-1b31285dc261", "message_id": "840f52c8-3ddc-4c22-8be9-9e87ce5d3c12", "role": "assistant", "content": "Response 1", "metadata": {}}}
{"timestamp": "2026-05-30T09:37:34.456915", "event": "message_added", "data": {"project_id": "c92b2e54-b170-48e3-8d92-b67c9484a573", "conversation_id": "7f6fee1a-9ee2-4041-8196-a7988eefca0b", "message_id": "620a7afa-0e66-4944-ae47-e6248657e6bd", "role": "user", "content": "这是一个重要的消息，记住目标", "metadata": {}}}
{"timestamp": "2026-05-30T09:37:35.827883", "event": "message_added", "data": {"project_id": "cb03526b-93a8-454b-8bcd-8773565056aa", "conversation_id": "5829c6ab-55e0-4ca8-ad18-6ef3e7cc50ea", "message_id": "7f265b23-4476-41cd-9f96-c6f1bb0a3555", "role": "user", "content": "Hello", "metadata": {}}}
{"timestamp": "2026-05-30T09:37:35.966829", "event": "context_built", "data": {"project": "上下文测试"}}
{"timestamp": "2026-05-31T09:06:55.693927", "event": "message_added", "data": {"project_id": "f7aaac45-3f31-42a2-ad35-4aa70ef6d810", "conversation_id": "b565efab-6951-4b59-b77a-c91f56598a38", "message_id": "1e702d04-b80f-4df3-b8f0-9dbd12de9522", "role": "user", "content": "Hello, world!", "metadata": {}}}
{"timestamp": "2026-05-31T09:06:56.386486", "event": "message_added", "data": {"project_id": "1fa19383-ce86-48ea-af01-de671d685ff8", "conversation_id": "ae22cb6a-74e7-46e0-a7b5-ba74fa022def", "message_id": "360dc24e-4b7c-4e9f-8d20-0d5845d09d18", "role": "user", "content": "Message 1", "metadata": {}}}
{"timestamp": "2026-05-31T09:06:56.388310", "event": "message_added", "data": {"project_id": "1fa19383-ce86-48ea-af01-de671d685ff8", "conversation_id": "ae22cb6a-74e7-46e0-a7b5-ba74fa022def", "message_id": "01081d62-1662-42a2-a4dd-b89f10a1d3d4", "role": "assistant", "content": "Response 1", "metadata": {}}}
{"timestamp": "2026-05-31T09:06:57.209994", "event": "message_added", "data": {"project_id": "f323c281-a4b3-42c6-8873-7686f6c29c08", "conversation_id": "f1e0fb17-505b-421b-92d2-0a43ca17b85d", "message_id": "ca03e949-6b4a-4a08-97c9-55abcc9315d4", "role": "user", "content": "这是一个重要的消息，记住目标", "metadata": {}}}
{"timestamp": "2026-05-31T09:06:58.648775", "event": "message_added", "data": {"project_id": "9501ae3a-984b-4de5-a1a0-07f8cf5b2c46", "conversation_id": "082b6b3b-ff4b-4a72-b038-56914d750362", "message_id": "bd8f4bb8-e427-49b3-90a3-063b83aca49b", "role": "user", "content": "Hello", "metadata": {}}}
{"timestamp": "2026-05-31T09:06:58.819472", "event": "context_built", "data": {"project": "上下文测试"}}
{"timestamp": "2026-05-31T09:12:15.064241", "event": "message_added", "data": {"project_id": "becba799-147f-465b-9f84-190308d3e224", "conversation_id": "2f1ebfdd-ac53-4169-9e14-8a7429920e9c", "message_id": "9a916db1-3eee-4880-a26a-92e72fac4768", "role": "user", "content": "Hello, world!", "metadata": {}}}
{"timestamp": "2026-05-31T09:12:15.640861", "event": "message_added", "data": {"project_id": "c4c47dfe-3f34-41d5-863b-28bdec8c56bd", "conversation_id": "7c77b9a5-8de2-46bc-8294-4759d21e4a2e", "message_id": "e3817d59-8cd8-4591-8ca3-9e6f82012dd1", "role": "user", "content": "Message 1", "metadata": {}}}
{"timestamp": "2026-05-31T09:12:15.641783", "event": "message_added", "data": {"project_id": "c4c47dfe-3f34-41d5-863b-28bdec8c56bd", "conversation_id": "7c77b9a5-8de2-46bc-8294-4759d21e4a2e", "message_id": "2a5c1ea0-9b68-4ddf-b18b-b9066b020e0b", "role": "assistant", "content": "Response 1", "metadata": {}}}
{"timestamp": "2026-05-31T09:12:16.129135", "event": "message_added", "data": {"project_id": "00136afe-da7b-461e-92bd-ff34c71cab77", "conversation_id": "c5b6eec4-87df-4530-aeea-572052da4be9", "message_id": "01be20ef-f011-467a-a2db-53dd85282f9b", "role": "user", "content": "这是一个重要的消息，记住目标", "metadata": {}}}
{"timestamp": "2026-05-31T09:12:17.401993", "event": "message_added", "data": {"project_id": "2a8b2078-f10e-4569-9958-6d9f515e4943", "conversation_id": "342ffa9d-eb53-4cb4-a158-8d1bac7fed5d", "message_id": "f7e373e9-ce6e-4e12-a916-670d50cfcc00", "role": "user", "content": "Hello", "metadata": {}}}
{"timestamp": "2026-05-31T09:12:17.562751", "event": "context_built", "data": {"project": "上下文测试"}}
{"timestamp": "2026-05-31T11:34:43.011804", "event": "message_added", "data": {"project_id": "93ee6ecd-5f1c-43a0-8162-4fe7a7ee02d3", "conversation_id": "60592c63-9477-4321-8454-ba0d35a2ce2f", "message_id": "f0b37348-64d4-4465-902c-380a05c91e57", "role": "user", "content": "Hello, world!", "metadata": {}}}
{"timestamp": "2026-05-31T11:34:27.256497", "event": "message_added", "data": {"project_id": "02ccf5b5-26d0-4671-b49f-acea6456539a", "conversation_id": "67858cc0-a486-4398-8fed-2af92b3d5327", "message_id": "f83f1243-9a0c-40b6-ae28-2f905366240c", "role": "user", "content": "Message 1", "metadata": {}}}
{"timestamp": "2026-05-31T11:34:27.260121", "event": "message_added", "data": {"project_id": "02ccf5b5-26d0-4671-b49f-acea6456539a", "conversation_id": "67858cc0-a486-4398-8fed-2af92b3d5327", "message_id": "dcccfedd-b43c-425c-a823-55cc6e13d28e", "role": "assistant", "content": "Response 1", "metadata": {}}}
{"timestamp": "2026-05-31T11:34:27.938774", "event": "message_added", "data": {"project_id": "a39419e2-47df-47dd-a52b-93edf70e1ea8", "conversation_id": "d6024f84-5793-4774-b4d6-96a2ab8dff0f", "message_id": "bde7d26e-5612-4290-961c-2e9c38880452", "role": "user", "content": "这是一个重要的消息，记住目标", "metadata": {}}}
{"timestamp": "2026-05-31T11:34:29.193779", "event": "message_added", "data": {"project_id": "4dcda5b0-0b3e-42ab-86f8-5cd09f8c03e0", "conversation_id": "6f228a4d-4377-4dc0-b02f-0066f1fa6477", "message_id": "b4176e7e-7353-4215-972c-59e5c030069e", "role": "user", "content": "Hello", "metadata": {}}}
{"timestamp": "2026-05-31T11:34:29.334306", "event": "context_built", "data": {"project": "上下文测试"}}
{"timestamp": "2026-05-31T11:45:21.787983", "event": "message_added", "data": {"project_id": "6e5c5ede-d565-47ca-a23e-4c2a9a5f2d47", "conversation_id": "d0c4e118-eab7-425a-93fb-9fa69b5bc559", "message_id": "a1e55c87-cff7-47e3-adf2-9cc8dfc28fbe", "role": "user", "content": "Hello, world!", "metadata": {}}}
{"timestamp": "2026-05-31T11:45:22.387439", "event": "message_added", "data": {"project_id": "0f713167-dac3-4b1f-99d0-7911101b2a83", "conversation_id": "1f419b1c-e736-4589-95a5-50501105c712", "message_id": "c33f9a75-8ed8-4635-ae55-c3ffdf48823a", "role": "user", "content": "Message 1", "metadata": {}}}
{"timestamp": "2026-05-31T11:45:22.391767", "event": "message_added", "data": {"project_id": "0f713167-dac3-4b1f-99d0-7911101b2a83", "conversation_id": "1f419b1c-e736-4589-95a5-50501105c712", "message_id": "a38768ef-b01a-445d-9695-73f211c78b56", "role": "assistant", "content": "Response 1", "metadata": {}}}
{"timestamp": "2026-05-31T11:45:22.909833", "event": "message_added", "data": {"project_id": "fea3313d-2864-43f6-adae-9d8743b808cc", "conversation_id": "a37d49d1-0f3f-4454-9acc-0f485558e3eb", "message_id": "15d7f38d-07d8-46d2-8ccb-4dbc9e8430aa", "role": "user", "content": "这是一个重要的消息，记住目标", "metadata": {}}}
{"timestamp": "2026-05-31T11:45:24.136109", "event": "message_added", "data": {"project_id": "03906c31-1fe1-46d1-bef2-fbe75db8d782", "conversation_id": "32108a90-dbc7-4b21-9c32-5fe54e852a00", "message_id": "146b6832-555d-4582-b126-31e58440c81f", "role": "user", "content": "Hello", "metadata": {}}}
{"timestamp": "2026-05-31T11:45:24.278154", "event": "context_built", "data": {"project": "上下文测试"}}
{"timestamp": "2026-05-31T11:51:00.585765", "event": "message_added", "data": {"project_id": "2e301e9d-b913-4381-8adf-af17a8ed8b00", "conversation_id": "96b528eb-fd23-4422-b335-d8d1319be2ec", "message_id": "bb5f2d65-846b-4824-bb55-67cbfc163e0b", "role": "user", "content": "Hello, world!", "metadata": {}}}
{"timestamp": "2026-05-31T11:50:44.980882", "event": "message_added", "data": {"project_id": "97002f68-b102-430d-9203-b63702ced341", "conversation_id": "e9e8b020-1e4d-40d0-b99e-9a0872c53f72", "message_id": "a8763911-effa-4c4b-b243-a02106846be5", "role": "user", "content": "Message 1", "metadata": {}}}
{"timestamp": "2026-05-31T11:50:44.982350", "event": "message_added", "data": {"project_id": "97002f68-b102-430d-9203-b63702ced341", "conversation_id": "e9e8b020-1e4d-40d0-b99e-9a0872c53f72", "message_id": "2c14b456-62f5-4e2d-b2b9-0a33e060412b", "role": "assistant", "content": "Response 1", "metadata": {}}}
{"timestamp": "2026-05-31T11:50:45.667180", "event": "message_added", "data": {"project_id": "0fdebc8d-9d4b-49a2-bc16-e8a3dc4ef952", "conversation_id": "c957429a-7015-4d63-b03a-b436d0dbb916", "message_id": "c9131cab-97ef-4274-b361-ed84eb097ab3", "role": "user", "content": "这是一个重要的消息，记住目标", "metadata": {}}}
{"timestamp": "2026-05-31T11:50:47.476911", "event": "message_added", "data": {"project_id": "2fc610e0-5501-4ec5-a9a7-3365f15563b8", "conversation_id": "3c10a4f5-c142-47e8-aa7d-0c6339644120", "message_id": "c1db795e-9ab4-4853-8216-1aaca2bd4d3a", "role": "user", "content": "Hello", "metadata": {}}}
{"timestamp": "2026-05-31T11:50:47.626465", "event": "context_built", "data": {"project": "上下文测试"}}
{"timestamp": "2026-05-31T12:54:54.535174", "event": "message_added", "data": {"project_id": "a4da5b3e-fe0e-4690-bf13-84b0f32c9586", "conversation_id": "0bff8a41-8473-49d7-b92a-92bae75465b5", "message_id": "6125276e-f310-466c-917e-e25f83f6bb37", "role": "user", "content": "Hello, world!", "metadata": {}}}
{"timestamp": "2026-05-31T12:54:55.185213", "event": "message_added", "data": {"project_id": "eed42d41-9bcc-4c1a-a468-1cb5f7e4339c", "conversation_id": "3e3c6359-3eaa-4db2-8cb5-c599b878509a", "message_id": "13177608-e32a-48bd-ab44-4ed3e00ca8ed", "role": "user", "content": "Message 1", "metadata": {}}}
{"timestamp": "2026-05-31T12:54:55.189556", "event": "message_added", "data": {"project_id": "eed42d41-9bcc-4c1a-a468-1cb5f7e4339c", "conversation_id": "3e3c6359-3eaa-4db2-8cb5-c599b878509a", "message_id": "d6b1ee4a-5464-42e4-993b-88fadb5764c7", "role": "assistant", "content": "Response 1", "metadata": {}}}
{"timestamp": "2026-05-31T12:54:55.971364", "event": "message_added", "data": {"project_id": "57572a40-b85c-47a2-8468-a061459aece9", "conversation_id": "0f80f545-4cf3-4944-938b-458131e7fe15", "message_id": "1171d17d-83bf-4697-a1d4-31dcfd15a82c", "role": "user", "content": "这是一个重要的消息，记住目标", "metadata": {}}}
{"timestamp": "2026-05-31T12:54:57.683110", "event": "message_added", "data": {"project_id": "20776d11-55c2-4742-85af-81d65b758906", "conversation_id": "3a309a9f-a6a4-45f8-bec7-0804c89c9229", "message_id": "ab828ecc-adc5-46a4-bf80-423e85b9366e", "role": "user", "content": "Hello", "metadata": {}}}
{"timestamp": "2026-05-31T12:54:57.864266", "event": "context_built", "data": {"project": "上下文测试"}}
{"timestamp": "2026-05-31T13:04:15.371616", "event": "message_added", "data": {"project_id": "a4b74dd6-b310-4027-bdea-053cc25710f3", "conversation_id": "583aeb0e-3c7d-4c0f-aaf6-d69b0ee27451", "message_id": "75d62547-e4d1-47f2-a3d3-5e5831d3efa7", "role": "user", "content": "Hello, world!", "metadata": {}}}
{"timestamp": "2026-05-31T13:04:15.928333", "event": "message_added", "data": {"project_id": "3eb9ea7b-27ba-460f-a041-3019ee281288", "conversation_id": "a0d77f66-3ecf-4193-b179-a984cdf0f800", "message_id": "7e3c8d94-253c-4832-9129-958db0f03ddf", "role": "user", "content": "Message 1", "metadata": {}}}
{"timestamp": "2026-05-31T13:04:15.929916", "event": "message_added", "data": {"project_id": "3eb9ea7b-27ba-460f-a041-3019ee281288", "conversation_id": "a0d77f66-3ecf-4193-b179-a984cdf0f800", "message_id": "2f8ac78f-ae88-40f3-bc9b-8dbb7040a3ed", "role": "assistant", "content": "Response 1", "metadata": {}}}
{"timestamp": "2026-05-31T13:04:16.556738", "event": "message_added", "data": {"project_id": "1cf16e1c-e821-4bdf-acf8-91caba51afea", "conversation_id": "ceadb6f3-c4f3-4467-b963-7322e0f124b0", "message_id": "07b83761-1f2d-4f37-8023-7b047f75d2eb", "role": "user", "content": "这是一个重要的消息，记住目标", "metadata": {}}}
{"timestamp": "2026-05-31T13:04:18.213204", "event": "message_added", "data": {"project_id": "ea36ee59-bc57-423b-a744-cd02a30ce349", "conversation_id": "80b5c48e-75cb-4c0d-b2ba-e233b0077c16", "message_id": "0a58dcd5-2184-46f4-a8cc-20f64308079c", "role": "user", "content": "Hello", "metadata": {}}}
{"timestamp": "2026-05-31T13:04:18.360812", "event": "context_built", "data": {"project": "上下文测试"}}
{"timestamp": "2026-05-31T13:06:15.734650", "event": "message_added", "data": {"project_id": "3c1f15e1-257e-47c4-b8fa-9d0657aa3788", "conversation_id": "6a878d7f-d24f-4336-96b1-2be58c5c555f", "message_id": "0df0b66d-0796-4abc-8921-9b3e8e24f7f9", "role": "user", "content": "Hello, world!", "metadata": {}}}
{"timestamp": "2026-05-31T13:06:16.320950", "event": "message_added", "data": {"project_id": "6b0a6209-84e4-432e-8d2d-c0f420ba23d4", "conversation_id": "500eff69-486e-46fa-9cb4-33e926b6c120", "message_id": "8900edd7-ce77-4bb2-bd99-d1feaedc3d41", "role": "user", "content": "Message 1", "metadata": {}}}
{"timestamp": "2026-05-31T13:06:16.322407", "event": "message_added", "data": {"project_id": "6b0a6209-84e4-432e-8d2d-c0f420ba23d4", "conversation_id": "500eff69-486e-46fa-9cb4-33e926b6c120", "message_id": "7432db46-b447-4eb9-906e-4718c219c11e", "role": "assistant", "content": "Response 1", "metadata": {}}}
{"timestamp": "2026-05-31T13:06:16.851244", "event": "message_added", "data": {"project_id": "57bb1bb5-90ef-40ed-9f20-a980e0690864", "conversation_id": "bb345d2c-455e-4dee-97d1-3ddbdf61e75b", "message_id": "b45f40f5-b1af-4dec-ae18-1d3fd50cc9a4", "role": "user", "content": "这是一个重要的消息，记住目标", "metadata": {}}}
{"timestamp": "2026-05-31T13:06:18.367364", "event": "message_added", "data": {"project_id": "059ece08-1771-4e36-8352-d9b7dbcc92ea", "conversation_id": "15cdbc9f-b191-4a67-a5ac-a4c16671b52f", "message_id": "028a4699-d40c-472d-9580-796a3b6227d2", "role": "user", "content": "Hello", "metadata": {}}}
{"timestamp": "2026-05-31T13:06:18.516312", "event": "context_built", "data": {"project": "上下文测试"}}
{"timestamp": "2026-05-31T20:41:30.043431", "event": "message_added", "data": {"project_id": "dd8fc6e9-8f10-4272-ad91-cdefd6bc2c46", "conversation_id": "64a181e9-73ab-4b21-ad41-5e57063ecbd1", "message_id": "d859dd4b-2526-48e8-9d76-8f961c56895b", "role": "user", "content": "Hello, world!", "metadata": {}}}
{"timestamp": "2026-05-31T20:41:30.710205", "event": "message_added", "data": {"project_id": "a0d552a5-7890-46b4-940c-efd46459e68f", "conversation_id": "75be3025-d9ba-46ff-9746-cf7732daf89b", "message_id": "e219089d-15c3-4624-be9f-69af8e15d26a", "role": "user", "content": "Message 1", "metadata": {}}}
{"timestamp": "2026-05-31T20:41:30.713032", "event": "message_added", "data": {"project_id": "a0d552a5-7890-46b4-940c-efd46459e68f", "conversation_id": "75be3025-d9ba-46ff-9746-cf7732daf89b", "message_id": "13c93c61-ac23-4ea1-a425-0b11fc6c8138", "role": "assistant", "content": "Response 1", "metadata": {}}}
{"timestamp": "2026-05-31T20:41:31.520619", "event": "message_added", "data": {"project_id": "db92199c-45ee-4794-a062-d9295d3c0bf7", "conversation_id": "2337e04e-e87a-44cf-9126-ebbd092b0fbb", "message_id": "60d04501-7f84-4a35-9410-c00107a213c0", "role": "user", "content": "这是一个重要的消息，记住目标", "metadata": {}}}
{"timestamp": "2026-05-31T20:41:33.235829", "event": "message_added", "data": {"project_id": "3cbe17d2-ad33-4089-ab98-e8535929d2e0", "conversation_id": "4da1e15b-9fd7-456b-8644-f24f8bbae979", "message_id": "ef9dc2a4-a973-4dbd-bc41-cc9e082196c8", "role": "user", "content": "Hello", "metadata": {}}}
{"timestamp": "2026-05-31T20:41:33.404178", "event": "context_built", "data": {"project": "上下文测试"}}
{"timestamp": "2026-06-01T06:05:47.568178", "event": "message_added", "data": {"project_id": "781e3616-739f-4632-8e05-98628b38bd87", "conversation_id": "eae78348-2fda-4d40-98c6-f60acc800536", "message_id": "7c49f4c2-cdb9-4b63-9a18-04fc242f5950", "role": "user", "content": "Hello, world!", "metadata": {}}}
{"timestamp": "2026-06-01T06:05:48.001649", "event": "message_added", "data": {"project_id": "f24bb99b-1529-4e1b-957c-cbbbdffe46fa", "conversation_id": "64be4f6b-3f4d-42dc-ae75-0f99259a5551", "message_id": "dbd354e3-ed28-45ed-b26f-46967713ef6d", "role": "user", "content": "Message 1", "metadata": {}}}
{"timestamp": "2026-06-01T06:05:48.004515", "event": "message_added", "data": {"project_id": "f24bb99b-1529-4e1b-957c-cbbbdffe46fa", "conversation_id": "64be4f6b-3f4d-42dc-ae75-0f99259a5551", "message_id": "49d4d73c-0641-4292-b21f-4382f36c226d", "role": "assistant", "content": "Response 1", "metadata": {}}}
{"timestamp": "2026-06-01T06:05:48.840885", "event": "message_added", "data": {"project_id": "9bf95467-991c-48c5-bd4b-88bd11f219ea", "conversation_id": "1f9a7bce-8455-4a7c-ab2c-7f235ca708f3", "message_id": "ee2856f7-9899-4953-8bf4-1737f6dcbee1", "role": "user", "content": "这是一个重要的消息，记住目标", "metadata": {}}}
{"timestamp": "2026-06-01T06:05:50.368483", "event": "message_added", "data": {"project_id": "f4c4973b-fa4d-44e1-a0e8-ac77d68fd375", "conversation_id": "ab5fe034-05b0-4476-9a2d-963895e66c76", "message_id": "38e2969a-190a-4ed5-95f1-9aa8c55d3c87", "role": "user", "content": "Hello", "metadata": {}}}
{"timestamp": "2026-06-01T06:05:50.516422", "event": "context_built", "data": {"project": "上下文测试"}}
{"timestamp": "2026-06-01T06:13:00.129237", "event": "message_added", "data": {"project_id": "7af06e6d-7739-4f50-8c64-0997ac2f1597", "conversation_id": "9fc33e48-2094-43d1-becc-54de6b317a03", "message_id": "7f995b01-4578-4989-bf58-1d83007b7b29", "role": "user", "content": "Hello, world!", "metadata": {}}}
{"timestamp": "2026-06-01T06:13:00.586249", "event": "message_added", "data": {"project_id": "eef92be3-b5c8-4df4-b8b0-bfa6461170c1", "conversation_id": "a4097938-716e-4257-b72f-b748fecdd224", "message_id": "e2fc1a89-5c04-4233-9895-72a00fd6f6da", "role": "user", "content": "Message 1", "metadata": {}}}
{"timestamp": "2026-06-01T06:13:00.588748", "event": "message_added", "data": {"project_id": "eef92be3-b5c8-4df4-b8b0-bfa6461170c1", "conversation_id": "a4097938-716e-4257-b72f-b748fecdd224", "message_id": "ab714efd-0ef2-4d46-a0c0-6eff331203a2", "role": "assistant", "content": "Response 1", "metadata": {}}}
{"timestamp": "2026-06-01T06:13:01.131669", "event": "message_added", "data": {"project_id": "c9a0137b-26f4-428a-9bcd-699ffbb3c61b", "conversation_id": "69fc8c1c-e4d7-4fbd-8804-9e02aebfab71", "message_id": "afd15e55-0494-4def-9330-d64707237612", "role": "user", "content": "这是一个重要的消息，记住目标", "metadata": {}}}
{"timestamp": "2026-06-01T06:13:02.654574", "event": "message_added", "data": {"project_id": "90eb454f-77be-4c7e-8832-b9296a9684ac", "conversation_id": "310908c0-ebfb-471b-a982-0add2180c69b", "message_id": "1acd8e8a-4dd6-4031-aaa0-1886498ee175", "role": "user", "content": "Hello", "metadata": {}}}
{"timestamp": "2026-06-01T06:13:02.801888", "event": "context_built", "data": {"project": "上下文测试"}}
{"timestamp": "2026-06-01T06:13:54.661551", "event": "message_added", "data": {"project_id": "74633aad-74a9-40a4-ae0f-01bb0b2a0d1d", "conversation_id": "5322b51a-e725-4d8a-af88-23b23a606e1b", "message_id": "1467c492-3161-42ca-bf74-63ddd1e1f144", "role": "user", "content": "Hello, world!", "metadata": {}}}
{"timestamp": "2026-06-01T06:13:55.096809", "event": "message_added", "data": {"project_id": "b389a3a8-ba2c-469d-bed2-45171f66b1be", "conversation_id": "c87e6b22-b97d-4217-8af7-7d666b40debb", "message_id": "756dc612-35fc-49ae-b69f-da4634358a89", "role": "user", "content": "Message 1", "metadata": {}}}
{"timestamp": "2026-06-01T06:13:55.097967", "event": "message_added", "data": {"project_id": "b389a3a8-ba2c-469d-bed2-45171f66b1be", "conversation_id": "c87e6b22-b97d-4217-8af7-7d666b40debb", "message_id": "05f1c050-1fc4-45db-9fdd-ac714aca8847", "role": "assistant", "content": "Response 1", "metadata": {}}}
{"timestamp": "2026-06-01T06:13:55.646208", "event": "message_added", "data": {"project_id": "5efecb80-2d86-4a91-b041-89306904f766", "conversation_id": "7c2a8c7f-6afb-4fc5-b85e-bd46ef2af2f0", "message_id": "d9276e0e-2f8f-484c-be87-c4d47c705cc7", "role": "user", "content": "这是一个重要的消息，记住目标", "metadata": {}}}
{"timestamp": "2026-06-01T06:13:57.130655", "event": "message_added", "data": {"project_id": "11d32726-a9c4-4ad8-8068-e2efae5ef2c1", "conversation_id": "e6ee5c90-973e-427f-9750-bdc46da101c0", "message_id": "321fdd76-82ec-4182-a8ad-154abccd1b1c", "role": "user", "content": "Hello", "metadata": {}}}
{"timestamp": "2026-06-01T06:13:57.289196", "event": "context_built", "data": {"project": "上下文测试"}}
{"timestamp": "2026-06-01T06:14:27.811088", "event": "message_added", "data": {"project_id": "e191f190-76bb-413d-baca-b2fb4a14dbff", "conversation_id": "a1a436a9-2b4c-4cee-90b4-2d80069873c4", "message_id": "079bdee1-947e-4394-9c66-cfef57620453", "role": "user", "content": "Hello, world!", "metadata": {}}}
{"timestamp": "2026-06-01T06:14:28.240033", "event": "message_added", "data": {"project_id": "86d66d3a-6f60-40c2-b63a-e96594cddd72", "conversation_id": "3fabc5da-6b87-41b3-85ce-45652208cecb", "message_id": "5a137a7a-a4ed-4f00-9151-00ceaed9b9e1", "role": "user", "content": "Message 1", "metadata": {}}}
{"timestamp": "2026-06-01T06:14:28.242810", "event": "message_added", "data": {"project_id": "86d66d3a-6f60-40c2-b63a-e96594cddd72", "conversation_id": "3fabc5da-6b87-41b3-85ce-45652208cecb", "message_id": "34eef17f-8733-43e8-9d37-27746c23f1f6", "role": "assistant", "content": "Response 1", "metadata": {}}}
{"timestamp": "2026-06-01T06:14:28.817086", "event": "message_added", "data": {"project_id": "71cb552e-ea9c-48d6-9ade-08bef1abb3d4", "conversation_id": "502df5c8-20d2-4547-87d6-06d93df01112", "message_id": "c43febd3-231c-4864-ad98-e128a8c5ab62", "role": "user", "content": "这是一个重要的消息，记住目标", "metadata": {}}}
{"timestamp": "2026-06-01T06:14:30.566612", "event": "message_added", "data": {"project_id": "73ec109a-9515-47bc-bc43-ab2179468d72", "conversation_id": "aad8b5fe-0715-44fb-969a-ee94bb6a1b0d", "message_id": "b1fbf664-fa23-414c-833d-c215e5fb976e", "role": "user", "content": "Hello", "metadata": {}}}
{"timestamp": "2026-06-01T06:14:30.739544", "event": "context_built", "data": {"project": "上下文测试"}}
{"timestamp": "2026-06-01T08:35:08.118588", "event": "message_added", "data": {"project_id": "d2dc5910-dfef-4d19-8bce-c6df3ee7d21e", "conversation_id": "2d681c79-0b26-48a3-a188-a0bfa8aee17b", "message_id": "302fb91f-7a08-49f4-be24-1d4702954aff", "role": "user", "content": "Hello, world!", "metadata": {}}}
{"timestamp": "2026-06-01T08:34:49.221470", "event": "message_added", "data": {"project_id": "a5a5ca0b-3436-4640-88f9-b36f92420c05", "conversation_id": "5c2a31b8-10c0-4556-86c8-8ce44a177e7b", "message_id": "21cbf6f1-38a4-417f-a8f2-98a1eb8539cf", "role": "user", "content": "Message 1", "metadata": {}}}
{"timestamp": "2026-06-01T08:34:49.222755", "event": "message_added", "data": {"project_id": "a5a5ca0b-3436-4640-88f9-b36f92420c05", "conversation_id": "5c2a31b8-10c0-4556-86c8-8ce44a177e7b", "message_id": "be2d9ae2-dfbe-4f6f-a66b-fc50369db7d7", "role": "assistant", "content": "Response 1", "metadata": {}}}
{"timestamp": "2026-06-01T08:34:50.566237", "event": "message_added", "data": {"project_id": "f8bf0b63-8c0b-441e-8715-3040dc714a3d", "conversation_id": "83e2502d-dee9-4853-8d25-74dbe51a6ad8", "message_id": "c56dcc96-e793-4c2c-adf6-6dd27182a9a6", "role": "user", "content": "这是一个重要的消息，记住目标", "metadata": {}}}
{"timestamp": "2026-06-01T08:34:52.040023", "event": "message_added", "data": {"project_id": "6c1151f7-5196-4e8a-b690-3b1c12663868", "conversation_id": "555efaf4-a886-494d-9bb3-fe4b47ded066", "message_id": "94330e4d-385d-43c1-8944-a923f99706d3", "role": "user", "content": "Hello", "metadata": {}}}
{"timestamp": "2026-06-01T08:34:52.184972", "event": "context_built", "data": {"project": "上下文测试"}}
{"timestamp": "2026-06-01T08:36:29.355329", "event": "message_added", "data": {"project_id": "a5529118-720b-47ee-8397-1fb8ba2b4012", "conversation_id": "53ff7ef7-b57c-4a2d-b90c-2abb561c6e57", "message_id": "3fa57e27-595d-4ca2-ba94-18f7e829de9b", "role": "user", "content": "Hello, world!", "metadata": {}}}
{"timestamp": "2026-06-01T08:36:30.064825", "event": "message_added", "data": {"project_id": "086f56eb-2b25-489d-b745-47f6e486d007", "conversation_id": "5f129ad3-82cb-4bcb-b4f2-6ff8e67f1550", "message_id": "6e465a1f-0d3a-4754-bcdd-9a7bb307377e", "role": "user", "content": "Message 1", "metadata": {}}}
{"timestamp": "2026-06-01T08:36:30.065790", "event": "message_added", "data": {"project_id": "086f56eb-2b25-489d-b745-47f6e486d007", "conversation_id": "5f129ad3-82cb-4bcb-b4f2-6ff8e67f1550", "message_id": "b0adaf2b-a69d-40d6-a594-6ff0b5e78ec7", "role": "assistant", "content": "Response 1", "metadata": {}}}
{"timestamp": "2026-06-01T08:36:30.675168", "event": "message_added", "data": {"project_id": "28520da8-c953-4978-9844-ccad327cf6de", "conversation_id": "c9ebf925-125b-462a-a330-df6bdd2147df", "message_id": "752c18c5-7758-4666-acad-c6dbe9ffc19c", "role": "user", "content": "这是一个重要的消息，记住目标", "metadata": {}}}
{"timestamp": "2026-06-01T08:36:32.401930", "event": "message_added", "data": {"project_id": "ddc9d6bf-0d5d-438f-a42d-331f603ea7e3", "conversation_id": "d409e542-f0ed-4ec2-900c-ffc7bc2c8fc0", "message_id": "2e33e242-25df-4656-8daf-3f09b03a6220", "role": "user", "content": "Hello", "metadata": {}}}
{"timestamp": "2026-06-01T08:36:32.572496", "event": "context_built", "data": {"project": "上下文测试"}}
{"timestamp": "2026-06-01T17:19:06.494712", "event": "message_added", "data": {"project_id": "efddc46e-ee47-48cf-b63f-e2f866413991", "conversation_id": "aa8f73cb-590f-4bba-886b-c7259d3788b8", "message_id": "67111d8c-ca8a-4936-b605-d0dc60c4f008", "role": "user", "content": "Hello, world!", "metadata": {}}}
{"timestamp": "2026-06-01T17:19:06.993345", "event": "message_added", "data": {"project_id": "ffbd288e-a157-460a-93c2-0e7ead5fbc20", "conversation_id": "f312cca0-bb70-4cae-81c4-001fd789f39b", "message_id": "3dbfc03c-3662-43a0-b464-379928adf0a7", "role": "user", "content": "Message 1", "metadata": {}}}
{"timestamp": "2026-06-01T17:19:06.994706", "event": "message_added", "data": {"project_id": "ffbd288e-a157-460a-93c2-0e7ead5fbc20", "conversation_id": "f312cca0-bb70-4cae-81c4-001fd789f39b", "message_id": "e12e63bf-ab86-4c86-8ca5-e1c5dd587343", "role": "assistant", "content": "Response 1", "metadata": {}}}
{"timestamp": "2026-06-01T17:19:08.984104", "event": "message_added", "data": {"project_id": "9320cc7a-1cd0-4f32-a3d1-48e489a43f02", "conversation_id": "95624981-7fa1-4e52-a665-c207623998d1", "message_id": "2160f648-721b-4b8a-a86c-b632d39a7c47", "role": "user", "content": "这是一个重要的消息，记住目标", "metadata": {}}}
{"timestamp": "2026-06-01T17:19:10.701906", "event": "message_added", "data": {"project_id": "8c381670-ecbc-41c5-b887-12535d262105", "conversation_id": "d3f0f3f5-6231-4af2-87bf-d5513f78ff82", "message_id": "92c6c0e1-5264-4fd5-92fa-62b198b5bd22", "role": "user", "content": "Hello", "metadata": {}}}
{"timestamp": "2026-06-01T17:19:10.879073", "event": "context_built", "data": {"project": "上下文测试"}}
{"timestamp": "2026-06-01T17:45:16.425853", "event": "message_added", "data": {"project_id": "fa96e509-2e47-4bdc-a8eb-b701668775a4", "conversation_id": "bcb23e5a-695c-4634-8810-2a05671b05e4", "message_id": "6f879004-2bdf-46dd-8786-645acc0e0c2c", "role": "user", "content": "Hello, world!", "metadata": {}}}
{"timestamp": "2026-06-01T17:45:16.875842", "event": "message_added", "data": {"project_id": "7459bd20-3cf4-402a-ac27-1f01b3b87781", "conversation_id": "75a26d5f-a4a9-4987-addb-e13bbad6cce3", "message_id": "1d6073eb-2895-45f2-884e-101d857de202", "role": "user", "content": "Message 1", "metadata": {}}}
{"timestamp": "2026-06-01T17:45:16.877000", "event": "message_added", "data": {"project_id": "7459bd20-3cf4-402a-ac27-1f01b3b87781", "conversation_id": "75a26d5f-a4a9-4987-addb-e13bbad6cce3", "message_id": "e9584bd9-e861-4199-b05c-8884b440b3fd", "role": "assistant", "content": "Response 1", "metadata": {}}}
{"timestamp": "2026-06-01T17:45:17.415180", "event": "message_added", "data": {"project_id": "a8bb7e1e-b70a-4b97-bb6f-f567ea065b84", "conversation_id": "37af0d98-a7c9-4a84-a637-2638461fa7c7", "message_id": "4aa9c8c6-7a36-4b5a-9622-6b114d3c42e1", "role": "user", "content": "这是一个重要的消息，记住目标", "metadata": {}}}
{"timestamp": "2026-06-01T17:45:18.951205", "event": "message_added", "data": {"project_id": "3591291c-e8f7-4e1a-adae-0b54251df1f7", "conversation_id": "dc1cb266-f9ac-4b2f-8c62-5ad3feb5d3e2", "message_id": "c55fc99c-a5c2-4cbf-a325-f769abb6efbb", "role": "user", "content": "Hello", "metadata": {}}}
{"timestamp": "2026-06-01T17:45:39.971276", "event": "context_built", "data": {"project": "上下文测试"}}
{"timestamp": "2026-06-01T17:53:14.227096", "event": "message_added", "data": {"project_id": "69e021d7-2b10-4970-b24e-04a79cb0f989", "conversation_id": "fb28277c-c226-47a2-a6fd-e232ab21dab4", "message_id": "e71914ca-37b7-4aca-83e7-42bf6140dcd8", "role": "user", "content": "Hello, world!", "metadata": {}}}
{"timestamp": "2026-06-01T17:53:14.689274", "event": "message_added", "data": {"project_id": "748bfe63-f946-4c2d-bb54-ae4644a4244f", "conversation_id": "92465962-8fec-484d-a508-30cc85b4977b", "message_id": "25c8cadd-7c0d-41a4-8ae6-e58d0706bc68", "role": "user", "content": "Message 1", "metadata": {}}}
{"timestamp": "2026-06-01T17:53:14.696746", "event": "message_added", "data": {"project_id": "748bfe63-f946-4c2d-bb54-ae4644a4244f", "conversation_id": "92465962-8fec-484d-a508-30cc85b4977b", "message_id": "3fa606d2-8b1e-4a01-aa3f-e10d11f38fe5", "role": "assistant", "content": "Response 1", "metadata": {}}}
{"timestamp": "2026-06-01T17:53:15.346229", "event": "message_added", "data": {"project_id": "89a34b7f-0c44-4185-85bc-adbce3112aa6", "conversation_id": "d6bb7f1a-746a-4b8a-9f54-21caf0750d49", "message_id": "3a32b54a-4400-4e7a-9ad8-6bcd8499437c", "role": "user", "content": "这是一个重要的消息，记住目标", "metadata": {}}}
{"timestamp": "2026-06-01T17:53:16.999795", "event": "message_added", "data": {"project_id": "30b5b949-b102-48cc-ae34-d66b830a32ca", "conversation_id": "ef301062-4274-489a-a47f-4ad926815cf4", "message_id": "c322ff45-6995-4a25-9260-f3832995222e", "role": "user", "content": "Hello", "metadata": {}}}
{"timestamp": "2026-06-01T17:53:17.158255", "event": "context_built", "data": {"project": "上下文测试"}}
{"timestamp": "2026-06-01T17:59:58.339517", "event": "message_added", "data": {"project_id": "3bf3eef1-19eb-4257-8963-09b55d078b0c", "conversation_id": "bd9e681d-cf3c-4cec-b5dc-85aca1122474", "message_id": "66ed12c5-8c87-4ad6-9e65-4ca1cd0f6725", "role": "user", "content": "Hello, world!", "metadata": {}}}
{"timestamp": "2026-06-01T17:59:58.831270", "event": "message_added", "data": {"project_id": "17cd30e9-db40-40e7-ab95-1b993b4a0f9a", "conversation_id": "13c1cfaa-b111-4c91-808d-64cc2f20c4b7", "message_id": "3975a4fe-4a94-4c7d-821e-2e652243f7bd", "role": "user", "content": "Message 1", "metadata": {}}}
{"timestamp": "2026-06-01T17:59:58.836033", "event": "message_added", "data": {"project_id": "17cd30e9-db40-40e7-ab95-1b993b4a0f9a", "conversation_id": "13c1cfaa-b111-4c91-808d-64cc2f20c4b7", "message_id": "be9db132-4664-43cf-a1c4-8c54e982c7c0", "role": "assistant", "content": "Response 1", "metadata": {}}}
{"timestamp": "2026-06-01T17:59:59.462830", "event": "message_added", "data": {"project_id": "b79e5c20-1d93-4216-a8f6-c3e97a11c871", "conversation_id": "a9946dc4-0e9e-452b-b2f4-d3d3732b7acc", "message_id": "8a394102-1375-4892-80ba-1782e0891612", "role": "user", "content": "这是一个重要的消息，记住目标", "metadata": {}}}
{"timestamp": "2026-06-01T18:00:01.211100", "event": "message_added", "data": {"project_id": "4522a529-5b99-4a5d-8cfe-4e6db53fd8b7", "conversation_id": "b8dd26e8-e3dd-42ba-8ac7-f80e771637be", "message_id": "8d26b54a-3d84-4d0b-916c-ae759b9a89b9", "role": "user", "content": "Hello", "metadata": {}}}
{"timestamp": "2026-06-01T18:00:01.396126", "event": "context_built", "data": {"project": "上下文测试"}}
{"timestamp": "2026-06-01T18:36:42.992736", "event": "message_added", "data": {"project_id": "a4611117-1045-4646-a797-ec47ca9f36cb", "conversation_id": "bfe883ef-6c14-4851-9a44-337bd296954e", "message_id": "ae6356f8-b9b9-4447-870a-10ace1916266", "role": "user", "content": "Hello, world!", "metadata": {}}}
{"timestamp": "2026-06-01T18:36:43.496952", "event": "message_added", "data": {"project_id": "9daeee32-d67b-4e7a-95a9-97d372495747", "conversation_id": "f4a7fc32-61f7-45b6-bf62-7f04941ecd6d", "message_id": "4bb2a88e-afd4-40d6-b631-15d135b98232", "role": "user", "content": "Message 1", "metadata": {}}}
{"timestamp": "2026-06-01T18:36:43.499819", "event": "message_added", "data": {"project_id": "9daeee32-d67b-4e7a-95a9-97d372495747", "conversation_id": "f4a7fc32-61f7-45b6-bf62-7f04941ecd6d", "message_id": "42d6fab9-f4eb-4e88-ba08-da951b7471d7", "role": "assistant", "content": "Response 1", "metadata": {}}}
{"timestamp": "2026-06-01T18:36:44.193556", "event": "message_added", "data": {"project_id": "c0f37243-155a-4542-89d5-84865f645222", "conversation_id": "6a26f693-3f86-49fc-b51e-e02541c39224", "message_id": "cd88369f-515f-4040-860f-3d5162a3019d", "role": "user", "content": "这是一个重要的消息，记住目标", "metadata": {}}}
{"timestamp": "2026-06-01T18:36:45.784393", "event": "message_added", "data": {"project_id": "055a9af4-958c-47ff-a9b0-c04992238eff", "conversation_id": "ca2c51cf-2969-4409-9cf8-cfd92b98c05b", "message_id": "7bb8567c-4bd4-454b-93e9-1162880177a0", "role": "user", "content": "Hello", "metadata": {}}}
{"timestamp": "2026-06-01T18:36:45.944115", "event": "context_built", "data": {"project": "上下文测试"}}
{"timestamp": "2026-06-01T18:39:35.946921", "event": "message_added", "data": {"project_id": "16793beb-b374-4e39-b5ef-ca91c0f67743", "conversation_id": "05c65dc3-ed5e-4afa-8895-6ecbe7446189", "message_id": "374d71b9-4ba8-409d-9edf-c133801a9181", "role": "user", "content": "Hello, world!", "metadata": {}}}
{"timestamp": "2026-06-01T18:39:36.425629", "event": "message_added", "data": {"project_id": "6c758a6b-2a74-4c92-b8c1-87775907d5e9", "conversation_id": "ed5db64e-873d-4356-bab5-bebedb9bcc44", "message_id": "d7c2ac63-af63-4134-8130-1feca46c4eca", "role": "user", "content": "Message 1", "metadata": {}}}
{"timestamp": "2026-06-01T18:39:36.427228", "event": "message_added", "data": {"project_id": "6c758a6b-2a74-4c92-b8c1-87775907d5e9", "conversation_id": "ed5db64e-873d-4356-bab5-bebedb9bcc44", "message_id": "fdaad134-06f3-4435-9577-5c1968b00f97", "role": "assistant", "content": "Response 1", "metadata": {}}}
{"timestamp": "2026-06-01T18:39:37.049489", "event": "message_added", "data": {"project_id": "6c2f2a03-d7b6-4e21-b961-18211fe989c5", "conversation_id": "aa80ed8c-3efa-4cc6-82f7-38253c749505", "message_id": "6de3b8ec-fc2d-4d26-b31e-5e3612665a9d", "role": "user", "content": "这是一个重要的消息，记住目标", "metadata": {}}}
{"timestamp": "2026-06-01T18:39:38.714420", "event": "message_added", "data": {"project_id": "f3987540-d5ab-41b4-b29f-d975fe8ecc35", "conversation_id": "d63480ff-4eab-48f3-8e7a-a1b3f2fea433", "message_id": "07eb8019-5677-4b1a-884c-ac2f3f40b6e5", "role": "user", "content": "Hello", "metadata": {}}}
{"timestamp": "2026-06-01T18:39:38.885743", "event": "context_built", "data": {"project": "上下文测试"}}
{"timestamp": "2026-06-01T18:41:03.740947", "event": "message_added", "data": {"project_id": "73eace40-7d78-46a8-b6d4-85eeb0469c1a", "conversation_id": "0dee6660-8333-42ee-8bfa-277cdcee95a5", "message_id": "f395e5c5-ccae-429d-bd01-eb5ca845e41a", "role": "user", "content": "Hello, world!", "metadata": {}}}
{"timestamp": "2026-06-01T18:41:04.168259", "event": "message_added", "data": {"project_id": "63209ea7-1539-49c7-b694-06b3c92b66df", "conversation_id": "bc419c0d-a4f0-4e83-bf0d-09fb65bcbf2a", "message_id": "4dff775e-effe-4cd2-87c8-0e96e4f9ea80", "role": "user", "content": "Message 1", "metadata": {}}}
{"timestamp": "2026-06-01T18:41:04.169219", "event": "message_added", "data": {"project_id": "63209ea7-1539-49c7-b694-06b3c92b66df", "conversation_id": "bc419c0d-a4f0-4e83-bf0d-09fb65bcbf2a", "message_id": "faa0b6a0-5dd9-4044-ba6b-4e3a60567ade", "role": "assistant", "content": "Response 1", "metadata": {}}}
{"timestamp": "2026-06-01T18:41:04.733345", "event": "message_added", "data": {"project_id": "10ac3aa6-5eef-4ce4-8b75-f6340f88140a", "conversation_id": "14bff38b-0df5-46e2-8883-37c67b520e0b", "message_id": "031bb3f2-9fdf-41b6-b14f-2c742797cb4a", "role": "user", "content": "这是一个重要的消息，记住目标", "metadata": {}}}
{"timestamp": "2026-06-01T18:41:06.250741", "event": "message_added", "data": {"project_id": "bbf3e4f1-c9cf-4853-8db8-7eb1d390e7eb", "conversation_id": "4def77b0-3162-452f-822b-eb56b82e5c67", "message_id": "b2a869a4-73ed-4fd8-8c4f-fad5f3aec099", "role": "user", "content": "Hello", "metadata": {}}}
{"timestamp": "2026-06-01T18:41:06.401683", "event": "context_built", "data": {"project": "上下文测试"}}
{"timestamp": "2026-06-01T21:14:33.732496", "event": "message_added", "data": {"project_id": "67a73f18-fb29-44db-8608-e353c6565242", "conversation_id": "55aee4d4-0177-4120-93ac-acccdbee7569", "message_id": "c8832545-9122-4997-b6b6-24a92d9942d7", "role": "user", "content": "Hello, world!", "metadata": {}}}
{"timestamp": "2026-06-01T21:14:34.259411", "event": "message_added", "data": {"project_id": "8f949b76-f8e9-45fa-8de7-57c6a555c622", "conversation_id": "23bb5e5a-f756-40e3-83e7-4652d68ece65", "message_id": "3abcb1a5-da65-4b1d-a059-c14fe6a6b2ca", "role": "user", "content": "Message 1", "metadata": {}}}
{"timestamp": "2026-06-01T21:14:34.260286", "event": "message_added", "data": {"project_id": "8f949b76-f8e9-45fa-8de7-57c6a555c622", "conversation_id": "23bb5e5a-f756-40e3-83e7-4652d68ece65", "message_id": "67adff94-5b18-41d6-958b-87188b9bfd40", "role": "assistant", "content": "Response 1", "metadata": {}}}
{"timestamp": "2026-06-01T21:14:35.270489", "event": "message_added", "data": {"project_id": "21f751bc-87dd-45ec-b4fd-30b192903bdf", "conversation_id": "c4646b61-d136-4377-b949-5d9d34966f06", "message_id": "7551b843-cda4-4bd5-ba37-83799ff30d8d", "role": "user", "content": "这是一个重要的消息，记住目标", "metadata": {}}}
{"timestamp": "2026-06-01T21:14:36.601777", "event": "message_added", "data": {"project_id": "0160b2f9-02ed-4fa7-bd2c-93aecfdce89a", "conversation_id": "a534560f-f06b-4f1b-97f7-8f2bb014fe82", "message_id": "0782b85f-afae-434c-b489-132b35aca53b", "role": "user", "content": "Hello", "metadata": {}}}
{"timestamp": "2026-06-01T21:14:36.755753", "event": "context_built", "data": {"project": "上下文测试"}}
{"timestamp": "2026-06-02T06:13:19.712819", "event": "message_added", "data": {"project_id": "d1ac8206-35a2-45de-b8d6-57f72d86f90c", "conversation_id": "13fbb948-f7cc-46c3-a102-8a15f8f0c155", "message_id": "ee6c60a6-5540-46f3-9933-c48e7a9f8769", "role": "user", "content": "Hello, world!", "metadata": {}}}
{"timestamp": "2026-06-02T06:13:20.257745", "event": "message_added", "data": {"project_id": "52f78f93-3eaa-4e68-9033-f5dba26ee4d1", "conversation_id": "bbb5ea98-efd2-4097-946b-2ec0a76995f2", "message_id": "0a37b03f-0f9f-40c8-b232-0ec434423c9e", "role": "user", "content": "Message 1", "metadata": {}}}
{"timestamp": "2026-06-02T06:13:20.258786", "event": "message_added", "data": {"project_id": "52f78f93-3eaa-4e68-9033-f5dba26ee4d1", "conversation_id": "bbb5ea98-efd2-4097-946b-2ec0a76995f2", "message_id": "bff6b6e1-e186-49dd-bef8-69f854d463ee", "role": "assistant", "content": "Response 1", "metadata": {}}}
{"timestamp": "2026-06-02T06:13:22.345670", "event": "message_added", "data": {"project_id": "736752ae-78af-478c-a79f-10ee82e6260c", "conversation_id": "60ec1ff4-f633-4ae8-bbed-011eb81dc0cb", "message_id": "093adaea-1951-4f02-aca0-0d255625ce81", "role": "user", "content": "这是一个重要的消息，记住目标", "metadata": {}}}
{"timestamp": "2026-06-02T06:13:46.888431", "event": "message_added", "data": {"project_id": "060bd4c2-b1d9-4774-abac-ebc74c40b070", "conversation_id": "04ee0931-a179-49ba-bbf5-0e5d0edcf2ad", "message_id": "3d2c1690-c069-42f9-a130-2f50f23e23cd", "role": "user", "content": "Hello", "metadata": {}}}
{"timestamp": "2026-06-02T06:13:47.063991", "event": "context_built", "data": {"project": "上下文测试"}}
{"timestamp": "2026-06-02T13:03:04.059832", "event": "message_added", "data": {"project_id": "3d2a9777-1b47-43ad-9cbb-443fd17f3913", "conversation_id": "50cd4f56-7136-4057-99e0-f7dac39ffceb", "message_id": "c6f96a4e-c5c2-47ef-818c-cebd7603925e", "role": "user", "content": "Hello, world!", "metadata": {}}}
{"timestamp": "2026-06-02T13:03:04.510691", "event": "message_added", "data": {"project_id": "a90052e2-9a91-4406-93e9-296f84f7e83f", "conversation_id": "761c3290-6f66-494d-92fb-fa65e89658e0", "message_id": "82e65097-8e0f-4d3b-98a1-12992f9ec1e9", "role": "user", "content": "Message 1", "metadata": {}}}
{"timestamp": "2026-06-02T13:03:04.512138", "event": "message_added", "data": {"project_id": "a90052e2-9a91-4406-93e9-296f84f7e83f", "conversation_id": "761c3290-6f66-494d-92fb-fa65e89658e0", "message_id": "0eaf8559-2592-4d8d-be3f-04fef7783353", "role": "assistant", "content": "Response 1", "metadata": {}}}
{"timestamp": "2026-06-02T13:03:05.514777", "event": "message_added", "data": {"project_id": "c499d3fe-fad9-4927-a89a-8757c371247c", "conversation_id": "f85d3d36-d15e-4fcb-9e45-cf1a0dc12256", "message_id": "0bf21c59-e958-489f-8280-86d9abe29b43", "role": "user", "content": "这是一个重要的消息，记住目标", "metadata": {}}}
{"timestamp": "2026-06-02T13:03:07.201073", "event": "message_added", "data": {"project_id": "32e9022b-f914-4032-bb93-11b2f967aba5", "conversation_id": "3d63c76e-3299-4722-a9bf-b646b72b8a6d", "message_id": "272fc8d9-b66f-47aa-9170-1fadc3a47e85", "role": "user", "content": "Hello", "metadata": {}}}
{"timestamp": "2026-06-02T13:03:07.356699", "event": "context_built", "data": {"project": "上下文测试"}}
{"timestamp": "2026-06-07T11:31:07.355350", "event": "message_added", "data": {"project_id": "04fbff86-b5b2-4b65-93ea-703c4f9b1016", "conversation_id": "8c4b5f17-54a1-478b-816b-8154848cbe37", "message_id": "c53d20f0-c15c-47b6-9349-3dcb08b9cc96", "role": "user", "content": "Hello, world!", "metadata": {}}}
{"timestamp": "2026-06-07T11:31:07.360624", "event": "message_added", "data": {"project_id": "55fdcc04-5eaf-400c-837f-0f421216f8ab", "conversation_id": "3ad8d4e4-32af-4e43-a4b8-d608dc64fafa", "message_id": "08c02fca-6c55-4f1e-95c8-85b66566edc5", "role": "user", "content": "Message 1", "metadata": {}}}
{"timestamp": "2026-06-07T11:31:07.362302", "event": "message_added", "data": {"project_id": "55fdcc04-5eaf-400c-837f-0f421216f8ab", "conversation_id": "3ad8d4e4-32af-4e43-a4b8-d608dc64fafa", "message_id": "d9d04d14-c88a-4352-a320-37dfa5a7410d", "role": "assistant", "content": "Response 1", "metadata": {}}}
{"timestamp": "2026-06-07T11:31:07.368757", "event": "message_added", "data": {"project_id": "b648bfeb-04ea-4b56-ae22-ac7ad477e70c", "conversation_id": "4159c299-c7f7-4a2a-a39a-07860efcceac", "message_id": "426e7167-94d8-4109-9d9e-c077e6f7decd", "role": "user", "content": "这是一个重要的消息，记住目标", "metadata": {}}}
{"timestamp": "2026-06-07T11:31:07.383616", "event": "message_added", "data": {"project_id": "66d3889e-638d-4eb1-bb42-88ccbe7fca38", "conversation_id": "4e5e5a59-308d-4ecb-ae57-a247b011e6f6", "message_id": "9def00b8-af3b-48a5-9af7-aa703ac6d1c1", "role": "user", "content": "Hello", "metadata": {}}}
{"timestamp": "2026-06-07T11:31:07.384753", "event": "context_built", "data": {"project": "上下文测试"}}
{"timestamp": "2026-06-07T11:35:05.070620", "event": "message_added", "data": {"project_id": "0747b088-5ab9-46d0-8476-25cf942f4fe5", "conversation_id": "c3bc9ca6-bfee-492c-83e7-647382bce00b", "message_id": "d34def84-6bdc-4ac0-b7cc-cbc092e8eaa7", "role": "user", "content": "Hello, world!", "metadata": {}}}
{"timestamp": "2026-06-07T11:35:05.076690", "event": "message_added", "data": {"project_id": "caf6550b-52d9-4957-b5a2-c04752c9c132", "conversation_id": "ee4faa43-bbfa-44cf-b87c-f699bb015cc5", "message_id": "602cab60-2361-4461-826f-c18a79461f55", "role": "user", "content": "Message 1", "metadata": {}}}
{"timestamp": "2026-06-07T11:35:05.078090", "event": "message_added", "data": {"project_id": "caf6550b-52d9-4957-b5a2-c04752c9c132", "conversation_id": "ee4faa43-bbfa-44cf-b87c-f699bb015cc5", "message_id": "32e9bf11-558b-4542-a27a-d741ec17bb6f", "role": "assistant", "content": "Response 1", "metadata": {}}}
{"timestamp": "2026-06-07T11:35:05.084798", "event": "message_added", "data": {"project_id": "d9af0162-d337-40b3-98e5-472aaea6b1ff", "conversation_id": "c9985dba-0a1e-406e-91f0-8a3e9f817b05", "message_id": "abbb882d-06bf-4ac7-ab4f-ddc586cb4c35", "role": "user", "content": "这是一个重要的消息，记住目标", "metadata": {}}}
{"timestamp": "2026-06-07T11:35:05.102105", "event": "message_added", "data": {"project_id": "4cde1ad5-d93a-47a6-b463-1bbf26e41051", "conversation_id": "c0db1416-0602-471d-a79a-8c0c781152a8", "message_id": "c25b6391-7816-4046-a4f9-1f0897aefa5b", "role": "user", "content": "Hello", "metadata": {}}}
{"timestamp": "2026-06-07T11:35:05.103887", "event": "context_built", "data": {"project": "上下文测试"}}
{"timestamp": "2026-06-07T11:39:29.193971", "event": "message_added", "data": {"project_id": "c97d1a7d-4f06-4cd9-920c-237890068ab3", "conversation_id": "d7bf0cea-d3d5-4424-966b-eed37681e294", "message_id": "637c2700-7cdc-4c0a-99dd-0e32b5533289", "role": "user", "content": "Hello, world!", "metadata": {}}}
{"timestamp": "2026-06-07T11:39:29.200937", "event": "message_added", "data": {"project_id": "e74a4203-7e87-4d4d-ba6f-e10ddab7ae8d", "conversation_id": "bb9d1307-181b-4f5a-9105-04a4dedd7458", "message_id": "2bddebf6-fd39-4e02-a9ef-792715cf9056", "role": "user", "content": "Message 1", "metadata": {}}}
{"timestamp": "2026-06-07T11:39:29.202148", "event": "message_added", "data": {"project_id": "e74a4203-7e87-4d4d-ba6f-e10ddab7ae8d", "conversation_id": "bb9d1307-181b-4f5a-9105-04a4dedd7458", "message_id": "12f6a8d1-4fbe-4327-aa17-146b35c09262", "role": "assistant", "content": "Response 1", "metadata": {}}}
{"timestamp": "2026-06-07T11:39:29.210779", "event": "message_added", "data": {"project_id": "5126ad82-c345-4c7d-be1b-dcfb9561eee9", "conversation_id": "0e09c608-9528-4e0d-93f9-2bffaac24afa", "message_id": "84f885f8-a725-4830-8808-aae138350a8c", "role": "user", "content": "这是一个重要的消息，记住目标", "metadata": {}}}
{"timestamp": "2026-06-07T11:39:29.231602", "event": "message_added", "data": {"project_id": "1ca6ab8e-d6f8-4719-a18b-7f11cc239fc3", "conversation_id": "45d681b8-7d19-46eb-b65e-2cfa2130bad4", "message_id": "d9143b3f-7131-48d9-b351-bff1e0929352", "role": "user", "content": "Hello", "metadata": {}}}
{"timestamp": "2026-06-07T11:39:29.233916", "event": "context_built", "data": {"project": "上下文测试"}}
{"timestamp": "2026-06-07T11:43:33.470963", "event": "message_added", "data": {"project_id": "e4b2b775-217a-46a5-b353-33b858bafaf5", "conversation_id": "b9650388-3285-494f-9a49-25a4f8249d01", "message_id": "66dc793e-43dd-43af-a06d-d3de7b718f0e", "role": "user", "content": "Hello, world!", "metadata": {}}}
{"timestamp": "2026-06-07T11:43:33.481192", "event": "message_added", "data": {"project_id": "b10ba564-acff-436f-93ab-6e2447f9078c", "conversation_id": "e9aae0c6-17c1-4581-b2f5-d6f658994ed9", "message_id": "cdc8143c-0d26-4787-a547-e099ac1545ef", "role": "user", "content": "Message 1", "metadata": {}}}
{"timestamp": "2026-06-07T11:43:33.482618", "event": "message_added", "data": {"project_id": "b10ba564-acff-436f-93ab-6e2447f9078c", "conversation_id": "e9aae0c6-17c1-4581-b2f5-d6f658994ed9", "message_id": "5f08d631-98ea-461c-be06-cd502f5584cb", "role": "assistant", "content": "Response 1", "metadata": {}}}
{"timestamp": "2026-06-07T11:43:33.494656", "event": "message_added", "data": {"project_id": "66144722-30cf-43ec-9a59-9b45bb610c7b", "conversation_id": "6e25fe36-84da-4d99-8272-a09eb31c298b", "message_id": "e1fc02db-dd37-4837-8db6-b3af53f0e7f1", "role": "user", "content": "这是一个重要的消息，记住目标", "metadata": {}}}
{"timestamp": "2026-06-07T11:43:33.524709", "event": "message_added", "data": {"project_id": "81877ebc-14d8-4154-98cb-21a300daf09a", "conversation_id": "b1b03bd3-f2ea-4f3c-bd47-78f9a414fc18", "message_id": "9bf0e042-c153-4bd7-951d-eb91276e7947", "role": "user", "content": "Hello", "metadata": {}}}
{"timestamp": "2026-06-07T11:43:33.527860", "event": "context_built", "data": {"project": "上下文测试"}}
{"timestamp": "2026-06-07T11:48:12.934610", "event": "message_added", "data": {"project_id": "8f5f2d4d-97d0-45de-b872-c508f8481ca0", "conversation_id": "b3c892e3-509a-46ad-99c6-08f4781b2604", "message_id": "c35f71bc-7bd1-45bc-9a88-700ef74fd16b", "role": "user", "content": "Hello, world!", "metadata": {}}}
{"timestamp": "2026-06-07T11:48:12.944359", "event": "message_added", "data": {"project_id": "1397b6cf-a23e-4da3-8d59-0e24446e935d", "conversation_id": "1e0cfb2e-f42f-4178-aabb-e3c22bef76c9", "message_id": "7d17b21a-f212-4b2a-a32a-f586cd73aca8", "role": "user", "content": "Message 1", "metadata": {}}}
{"timestamp": "2026-06-07T11:48:12.945604", "event": "message_added", "data": {"project_id": "1397b6cf-a23e-4da3-8d59-0e24446e935d", "conversation_id": "1e0cfb2e-f42f-4178-aabb-e3c22bef76c9", "message_id": "a0af8487-31d3-48da-8e58-e68b8f6e6fc7", "role": "assistant", "content": "Response 1", "metadata": {}}}
{"timestamp": "2026-06-07T11:48:12.958476", "event": "message_added", "data": {"project_id": "54e1e766-c7b3-44e7-8e4e-90df343a0f41", "conversation_id": "883d5a3d-bb69-4efb-acbb-e91d3a13f10a", "message_id": "d919c851-56e1-4df2-84b2-eb6203f66397", "role": "user", "content": "这是一个重要的消息，记住目标", "metadata": {}}}
{"timestamp": "2026-06-07T11:48:12.989136", "event": "message_added", "data": {"project_id": "7a1caa13-7fe3-4b2b-acc7-3d65fe59311a", "conversation_id": "bfccb58f-1b77-4b89-820b-e9349737956a", "message_id": "d748d6c3-cb86-412a-a14b-ba63680cf8b5", "role": "user", "content": "Hello", "metadata": {}}}
{"timestamp": "2026-06-07T11:48:12.992396", "event": "context_built", "data": {"project": "上下文测试"}}
{"timestamp": "2026-06-07T11:53:34.412784", "event": "message_added", "data": {"project_id": "23b68363-09e1-4bbb-93c7-8c87de784830", "conversation_id": "036c8a73-46a8-4aed-b603-3512f560f94b", "message_id": "0345c197-94e1-4cb6-91a6-4c6e9df3570d", "role": "user", "content": "Hello, world!", "metadata": {}}}
{"timestamp": "2026-06-07T11:53:34.425772", "event": "message_added", "data": {"project_id": "b01789e6-47fc-4cd3-af3a-14685d14b93a", "conversation_id": "23b6f45d-c255-441b-8286-901a77f639d9", "message_id": "31f0e4f6-4a14-4009-84ed-33faaa18f602", "role": "user", "content": "Message 1", "metadata": {}}}
{"timestamp": "2026-06-07T11:53:34.427042", "event": "message_added", "data": {"project_id": "b01789e6-47fc-4cd3-af3a-14685d14b93a", "conversation_id": "23b6f45d-c255-441b-8286-901a77f639d9", "message_id": "1487471e-cace-4d6c-9688-7ffb7b7a7ac6", "role": "assistant", "content": "Response 1", "metadata": {}}}
{"timestamp": "2026-06-07T11:53:34.443433", "event": "message_added", "data": {"project_id": "fa86b113-3976-4a90-8884-b5ff154e4644", "conversation_id": "9313f6e5-5ff9-4789-a3fa-1658c47ab692", "message_id": "dc9ba365-b7db-429a-87e0-0ddbe01fbe23", "role": "user", "content": "这是一个重要的消息，记住目标", "metadata": {}}}
{"timestamp": "2026-06-07T11:53:34.482778", "event": "message_added", "data": {"project_id": "94df3054-9cb8-49c8-9ba4-bd00d77d0542", "conversation_id": "09f6198d-6e92-46e3-aeb4-8e4170986bdc", "message_id": "fe99d92a-6b29-4a77-8b37-fe1ed57f5476", "role": "user", "content": "Hello", "metadata": {}}}
{"timestamp": "2026-06-07T11:53:34.486971", "event": "context_built", "data": {"project": "上下文测试"}}
{"timestamp": "2026-06-07T11:58:13.280690", "event": "message_added", "data": {"project_id": "7154d0ad-c72e-43d8-9154-35fdb770189a", "conversation_id": "8ffbd10c-3b02-41b6-a156-b79e27da559b", "message_id": "5d045ef0-e0c0-423c-80b5-ec7b945ec422", "role": "user", "content": "Hello, world!", "metadata": {}}}
{"timestamp": "2026-06-07T11:58:13.295860", "event": "message_added", "data": {"project_id": "74989fce-749f-4bdc-8f58-b3c1439dd5c3", "conversation_id": "757b7467-df77-4068-831d-36da13704727", "message_id": "50e9e6e3-28d8-46e0-aaa4-8c84f6e976d3", "role": "user", "content": "Message 1", "metadata": {}}}
{"timestamp": "2026-06-07T11:58:13.297139", "event": "message_added", "data": {"project_id": "74989fce-749f-4bdc-8f58-b3c1439dd5c3", "conversation_id": "757b7467-df77-4068-831d-36da13704727", "message_id": "f9435cc9-c17e-415b-8f5e-9097f0ba2097", "role": "assistant", "content": "Response 1", "metadata": {}}}
{"timestamp": "2026-06-07T11:58:13.318260", "event": "message_added", "data": {"project_id": "bd1a35b9-409c-4222-9fee-0a690ca5bbd5", "conversation_id": "f8c581a6-fda9-4ca2-b70b-e315dbe620df", "message_id": "56cbe0cb-4fd7-479d-81fc-26d37943e793", "role": "user", "content": "这是一个重要的消息，记住目标", "metadata": {}}}
{"timestamp": "2026-06-07T11:58:13.368813", "event": "message_added", "data": {"project_id": "4651d119-84d5-41db-a398-441aef523a43", "conversation_id": "625f166c-4915-40e0-9519-ee188ebdd832", "message_id": "f89a68ea-cb2b-4d31-9084-cebf00f19b08", "role": "user", "content": "Hello", "metadata": {}}}
{"timestamp": "2026-06-07T11:58:13.373352", "event": "context_built", "data": {"project": "上下文测试"}}
{"timestamp": "2026-06-07T12:02:53.337392", "event": "message_added", "data": {"project_id": "3ad1aa48-cc46-49d4-9572-454261458991", "conversation_id": "a65e4dd6-1f3c-4467-aa89-98a9f3e1368f", "message_id": "cf512f01-9cbc-48a4-9401-36ee548eb5c2", "role": "user", "content": "Hello, world!", "metadata": {}}}
{"timestamp": "2026-06-07T12:02:53.351932", "event": "message_added", "data": {"project_id": "06450f5f-a512-4f1d-b79e-663845540bb1", "conversation_id": "3fadfad4-d10f-4df7-aed9-a656a2cac6b3", "message_id": "13457102-35f3-4003-94ac-d8c6f31ba93e", "role": "user", "content": "Message 1", "metadata": {}}}
{"timestamp": "2026-06-07T12:02:53.353661", "event": "message_added", "data": {"project_id": "06450f5f-a512-4f1d-b79e-663845540bb1", "conversation_id": "3fadfad4-d10f-4df7-aed9-a656a2cac6b3", "message_id": "66618a7f-fdf7-4f8b-bb6f-2afe5bde7c7b", "role": "assistant", "content": "Response 1", "metadata": {}}}
{"timestamp": "2026-06-07T12:02:53.372824", "event": "message_added", "data": {"project_id": "bcc0fed8-86f8-4e0e-8445-9c6d6c066bd7", "conversation_id": "05f1bd79-ffe4-4a12-8634-bcb978867420", "message_id": "579e8e67-40ea-4283-a39c-72c580073730", "role": "user", "content": "这是一个重要的消息，记住目标", "metadata": {}}}
{"timestamp": "2026-06-07T12:02:53.414366", "event": "message_added", "data": {"project_id": "7a391f71-4000-416e-ae22-c9332d666cac", "conversation_id": "bd5ae465-80ec-4b6f-a8db-d2fe3792dc62", "message_id": "0418dafb-08df-4901-88d9-bcf79a9c0663", "role": "user", "content": "Hello", "metadata": {}}}
{"timestamp": "2026-06-07T12:02:53.418857", "event": "context_built", "data": {"project": "上下文测试"}}
{"timestamp": "2026-06-21T10:27:25.230580", "event": "message_added", "data": {"project_id": "92302259-fc72-4712-a62e-99df45c1bcca", "conversation_id": "06d83e45-48b1-49fd-8251-0c647b39b8a8", "message_id": "c9a5304b-86f8-4161-8d1f-07dff04878ea", "role": "user", "content": "Hello, world!", "metadata": {}}}
{"timestamp": "2026-06-21T10:27:25.234346", "event": "message_added", "data": {"project_id": "80680cd6-dd46-43e6-ab67-837d93922202", "conversation_id": "f892f977-fb6e-4855-bbdd-b0dbac71d0b0", "message_id": "1fb4f8d9-142c-41f4-8b96-69b7cd6d59ec", "role": "user", "content": "Message 1", "metadata": {}}}
{"timestamp": "2026-06-21T10:27:25.234895", "event": "message_added", "data": {"project_id": "80680cd6-dd46-43e6-ab67-837d93922202", "conversation_id": "f892f977-fb6e-4855-bbdd-b0dbac71d0b0", "message_id": "7076ed51-6d2d-4563-a887-d6036ee4d06d", "role": "assistant", "content": "Response 1", "metadata": {}}}
{"timestamp": "2026-06-21T10:27:25.238923", "event": "message_added", "data": {"project_id": "b542ad56-167d-47f0-b334-6e39682e1665", "conversation_id": "5094562f-2ab5-4ead-8de1-f5ace40ad4b9", "message_id": "a870dddc-10f0-49d8-bc19-43ad4cc3b2d5", "role": "user", "content": "这是一个重要的消息，记住目标", "metadata": {}}}
{"timestamp": "2026-06-21T10:27:25.248662", "event": "message_added", "data": {"project_id": "f7880442-b0dc-420c-a79f-6d8e72e50dfe", "conversation_id": "29792e7d-d6b3-496f-a8d0-9438bc45ffe6", "message_id": "f17c617d-cf38-4b7d-b3e1-9361266f2635", "role": "user", "content": "Hello", "metadata": {}}}
{"timestamp": "2026-06-21T10:27:25.249525", "event": "context_built", "data": {"project": "上下文测试"}}
{"timestamp": "2026-06-21T10:27:48.144187", "event": "message_added", "data": {"project_id": "3d1b8e53-c00d-46d6-906c-34fad9ae44c0", "conversation_id": "07358483-83ce-4738-84d4-962d8c947cca", "message_id": "01529fd4-a74e-4bd0-a7c0-beb27d22af3b", "role": "user", "content": "Hello, world!", "metadata": {}}}
{"timestamp": "2026-06-21T10:27:48.147681", "event": "message_added", "data": {"project_id": "a740c3c6-e1b8-4cda-bd5f-43ccb399af72", "conversation_id": "277d76ef-09c4-42ed-a837-55f62d9b64d9", "message_id": "2972ba65-f91e-41b1-9b4a-46cb448d0b45", "role": "user", "content": "Message 1", "metadata": {}}}
{"timestamp": "2026-06-21T10:27:48.148606", "event": "message_added", "data": {"project_id": "a740c3c6-e1b8-4cda-bd5f-43ccb399af72", "conversation_id": "277d76ef-09c4-42ed-a837-55f62d9b64d9", "message_id": "8c750896-9f4a-4cd6-8573-f04b41a90efb", "role": "assistant", "content": "Response 1", "metadata": {}}}
{"timestamp": "2026-06-21T10:27:48.153647", "event": "message_added", "data": {"project_id": "888dac4e-b716-469b-85ac-e32edbf2a7a1", "conversation_id": "0490cacb-b05d-4f00-a1ab-1d3d08568c38", "message_id": "f397d7cc-be9e-4e33-bacd-17c68d1d741d", "role": "user", "content": "这是一个重要的消息，记住目标", "metadata": {}}}
{"timestamp": "2026-06-21T10:27:48.164582", "event": "message_added", "data": {"project_id": "fd9eeb4a-f908-485d-8694-76332cc93314", "conversation_id": "4494d5e9-6980-41ae-aeea-e80b271513e2", "message_id": "b0b6f6e7-e513-4725-b4d4-5e8be8b5ec6e", "role": "user", "content": "Hello", "metadata": {}}}
{"timestamp": "2026-06-21T10:27:48.165549", "event": "context_built", "data": {"project": "上下文测试"}}
{"timestamp": "2026-06-21T10:28:14.014151", "event": "message_added", "data": {"project_id": "62b69829-212e-4888-a35a-2d747f97eb61", "conversation_id": "77808a3b-39d8-48f7-b4db-265784d6f660", "message_id": "0b8f1155-f0fe-4faa-a94f-97df4dbef117", "role": "user", "content": "Hello, world!", "metadata": {}}}
{"timestamp": "2026-06-21T10:28:14.019346", "event": "message_added", "data": {"project_id": "56090d0f-b073-4e40-9c6c-0a461418b257", "conversation_id": "e2174bd4-b387-499d-b9f8-4eaec112c808", "message_id": "16689104-0464-452d-94fe-ac88e6697df7", "role": "user", "content": "Message 1", "metadata": {}}}
{"timestamp": "2026-06-21T10:28:14.020464", "event": "message_added", "data": {"project_id": "56090d0f-b073-4e40-9c6c-0a461418b257", "conversation_id": "e2174bd4-b387-499d-b9f8-4eaec112c808", "message_id": "ac44bbe2-c17c-42f4-a445-fa90941bd457", "role": "assistant", "content": "Response 1", "metadata": {}}}
{"timestamp": "2026-06-21T10:28:14.027265", "event": "message_added", "data": {"project_id": "d47ca817-6e3d-4e8c-8cc4-ccc22d71475a", "conversation_id": "25a1ce4c-51c0-4666-ab24-795c6e71bc4b", "message_id": "f5476a9f-8f5c-48f1-8f6e-6704089472cd", "role": "user", "content": "这是一个重要的消息，记住目标", "metadata": {}}}
{"timestamp": "2026-06-21T10:28:14.041052", "event": "message_added", "data": {"project_id": "85745ea7-ed44-4800-bee0-e44ba2f00de2", "conversation_id": "6cc0a404-3436-488d-a6d6-de3aa0d8fd0d", "message_id": "aa6dcd0b-0b3d-4df5-b20a-a7fb29bc27a5", "role": "user", "content": "Hello", "metadata": {}}}
{"timestamp": "2026-06-21T10:28:14.042570", "event": "context_built", "data": {"project": "上下文测试"}}
{"timestamp": "2026-06-21T10:28:34.222708", "event": "message_added", "data": {"project_id": "3dc51ee9-3062-458d-b032-6b304f4abffd", "conversation_id": "0b9d4128-a6aa-492c-82d2-7013ea343b37", "message_id": "9f26d8f1-7ffc-4da3-ac0c-334587816ba3", "role": "user", "content": "Hello, world!", "metadata": {}}}
{"timestamp": "2026-06-21T10:28:34.228688", "event": "message_added", "data": {"project_id": "86ea327d-eeb9-4d96-990f-e1400e3224ea", "conversation_id": "1b983e38-0814-401a-9921-2ff2df25032c", "message_id": "e541fafd-5723-4bbf-98d0-16c8e20c99a7", "role": "user", "content": "Message 1", "metadata": {}}}
{"timestamp": "2026-06-21T10:28:34.229163", "event": "message_added", "data": {"project_id": "86ea327d-eeb9-4d96-990f-e1400e3224ea", "conversation_id": "1b983e38-0814-401a-9921-2ff2df25032c", "message_id": "ce741c1f-8c23-4c14-ab63-e6823887799d", "role": "assistant", "content": "Response 1", "metadata": {}}}
{"timestamp": "2026-06-21T10:28:34.236392", "event": "message_added", "data": {"project_id": "c272fd5d-2999-44a4-bc75-5b4f988198ac", "conversation_id": "7f8690cb-1873-4a51-92fb-be52c7ef6dc5", "message_id": "ded6801a-1120-40a4-a8c5-c258d5953f9b", "role": "user", "content": "这是一个重要的消息，记住目标", "metadata": {}}}
{"timestamp": "2026-06-21T10:28:34.254714", "event": "message_added", "data": {"project_id": "3b7a1799-1a86-4bad-a640-7dfbc6ded027", "conversation_id": "9d39c03d-31fa-4fad-bb73-d2f74e0a2462", "message_id": "e85786e8-763a-416e-b941-3acd0664f615", "role": "user", "content": "Hello", "metadata": {}}}
{"timestamp": "2026-06-21T10:28:34.256505", "event": "context_built", "data": {"project": "上下文测试"}}
{"timestamp": "2026-06-21T10:29:59.848713", "event": "message_added", "data": {"project_id": "6b0df73c-1967-4b61-b106-d448af8ba1cc", "conversation_id": "0304c087-e0ea-48f4-8171-bd5accec001f", "message_id": "1b5dece3-54ab-4c9b-9efb-308e471b72c4", "role": "user", "content": "Hello, world!", "metadata": {}}}
{"timestamp": "2026-06-21T10:29:59.855872", "event": "message_added", "data": {"project_id": "83062e36-e297-4c7c-8e15-2cfd73743734", "conversation_id": "8a3b19c8-bb13-4015-b254-bebef15ae506", "message_id": "c1be5240-cdc4-48cb-82b6-3d57863dd532", "role": "user", "content": "Message 1", "metadata": {}}}
{"timestamp": "2026-06-21T10:29:59.856607", "event": "message_added", "data": {"project_id": "83062e36-e297-4c7c-8e15-2cfd73743734", "conversation_id": "8a3b19c8-bb13-4015-b254-bebef15ae506", "message_id": "6ada5b65-94c4-4ce9-ae35-cc3c1884b71a", "role": "assistant", "content": "Response 1", "metadata": {}}}
{"timestamp": "2026-06-21T10:29:59.870745", "event": "message_added", "data": {"project_id": "96060851-40d3-4c3c-b507-876d1e4e6d41", "conversation_id": "f966f7c6-1b84-4c96-a3d3-18a997439ec8", "message_id": "cc51eb19-6760-4fa9-b800-cf353f8cc5e4", "role": "user", "content": "这是一个重要的消息，记住目标", "metadata": {}}}
{"timestamp": "2026-06-21T10:29:59.890099", "event": "message_added", "data": {"project_id": "5e5061fa-f508-4acf-8f07-02b5ecdff8a2", "conversation_id": "e8c9501f-1bea-4612-ac87-9c21f432c9d3", "message_id": "ae5857c6-ee64-4b47-a529-3cc275fa4550", "role": "user", "content": "Hello", "metadata": {}}}
{"timestamp": "2026-06-21T10:29:59.891912", "event": "context_built", "data": {"project": "上下文测试"}}
{"timestamp": "2026-06-21T10:30:17.576716", "event": "message_added", "data": {"project_id": "7a38db3b-7a2e-4ef4-8ea3-d508bf59e9e7", "conversation_id": "531505db-7b58-4b6b-ae7b-7bb82aafbc15", "message_id": "c847f254-ceda-4473-b3f0-23181952f616", "role": "user", "content": "Hello, world!", "metadata": {}}}
{"timestamp": "2026-06-21T10:30:17.583632", "event": "message_added", "data": {"project_id": "109721a0-e308-4603-b28b-e80a9d5d9d54", "conversation_id": "1f1c9a39-c527-4fcb-8b38-682065409323", "message_id": "2eca6f09-e4d9-430c-ab62-9289143ce86a", "role": "user", "content": "Message 1", "metadata": {}}}
{"timestamp": "2026-06-21T10:30:17.584144", "event": "message_added", "data": {"project_id": "109721a0-e308-4603-b28b-e80a9d5d9d54", "conversation_id": "1f1c9a39-c527-4fcb-8b38-682065409323", "message_id": "b9a4ab17-ce4d-426e-928b-016ec7b2b4da", "role": "assistant", "content": "Response 1", "metadata": {}}}
{"timestamp": "2026-06-21T10:30:17.593138", "event": "message_added", "data": {"project_id": "00f1fea1-ed36-46ab-bc26-736442ef2654", "conversation_id": "3f5d3ab5-d16f-4e3a-92f5-d34ea46b1117", "message_id": "62d4ef68-30ac-47b2-a526-309a0bdc08c8", "role": "user", "content": "这是一个重要的消息，记住目标", "metadata": {}}}
{"timestamp": "2026-06-21T10:30:17.615080", "event": "message_added", "data": {"project_id": "f36ee3c8-5f8c-475f-adc0-f48610b2a507", "conversation_id": "8f2957ad-1610-400a-a653-ce0c083a94c2", "message_id": "fca1646e-cbce-4b4d-9a54-eab750f70949", "role": "user", "content": "Hello", "metadata": {}}}
{"timestamp": "2026-06-21T10:30:17.617142", "event": "context_built", "data": {"project": "上下文测试"}}
{"timestamp": "2026-06-21T10:30:45.366744", "event": "message_added", "data": {"project_id": "af5605e0-055f-4b33-ac5b-c3bc518490a6", "conversation_id": "1e511dd0-f151-4995-93ce-7db9e96714ca", "message_id": "bf2b947e-81a8-45c7-93ce-c4dcbb7a940e", "role": "user", "content": "Hello, world!", "metadata": {}}}
{"timestamp": "2026-06-21T10:30:45.374314", "event": "message_added", "data": {"project_id": "14aab3d5-6469-4507-80fa-20753a09a610", "conversation_id": "f9264a11-6af2-4308-a6a8-c42488fe2e25", "message_id": "4dabda60-e27a-4307-adb1-1fb1a641129c", "role": "user", "content": "Message 1", "metadata": {}}}
{"timestamp": "2026-06-21T10:30:45.374995", "event": "message_added", "data": {"project_id": "14aab3d5-6469-4507-80fa-20753a09a610", "conversation_id": "f9264a11-6af2-4308-a6a8-c42488fe2e25", "message_id": "770b49bb-544b-4574-9ea1-17d9deb6be2f", "role": "assistant", "content": "Response 1", "metadata": {}}}
{"timestamp": "2026-06-21T10:30:45.384648", "event": "message_added", "data": {"project_id": "c184e1c2-d304-4e0c-95f4-396e483ab7cf", "conversation_id": "2937f47c-3b23-4b43-ad5e-6a664293beb5", "message_id": "7484451f-64dd-4fb9-8c43-484a1ae459e2", "role": "user", "content": "这是一个重要的消息，记住目标", "metadata": {}}}
{"timestamp": "2026-06-21T10:30:45.407293", "event": "message_added", "data": {"project_id": "4988d278-6c0c-4a24-b906-58f3b3600b12", "conversation_id": "b97421c5-6cd0-466f-a846-7c6dc2700765", "message_id": "74ae6c02-a2c4-41b6-89e1-2de86340492b", "role": "user", "content": "Hello", "metadata": {}}}
{"timestamp": "2026-06-21T10:30:45.409328", "event": "context_built", "data": {"project": "上下文测试"}}
{"timestamp": "2026-06-21T10:31:12.307600", "event": "message_added", "data": {"project_id": "8dc397cd-1ec9-417d-bc43-a9b85451fdad", "conversation_id": "73269710-5f29-431a-9b8c-64a6a9b40106", "message_id": "97f354ac-ebbd-4e32-99b6-82bcd38a5fae", "role": "user", "content": "Hello, world!", "metadata": {}}}
{"timestamp": "2026-06-21T10:31:12.316750", "event": "message_added", "data": {"project_id": "fabc284d-e55a-4d90-bf00-0715fa97968e", "conversation_id": "97940b30-0b6d-44f4-a786-2c0623a549a6", "message_id": "1745b205-2163-4f95-8b87-93829511a614", "role": "user", "content": "Message 1", "metadata": {}}}
{"timestamp": "2026-06-21T10:31:12.317578", "event": "message_added", "data": {"project_id": "fabc284d-e55a-4d90-bf00-0715fa97968e", "conversation_id": "97940b30-0b6d-44f4-a786-2c0623a549a6", "message_id": "1baa16e5-86b5-4daa-ac60-139416e7be5a", "role": "assistant", "content": "Response 1", "metadata": {}}}
{"timestamp": "2026-06-21T10:31:12.328094", "event": "message_added", "data": {"project_id": "03238666-b706-477b-850f-c1db5cdcda6e", "conversation_id": "5faa6b8c-7797-4801-a20b-96295be6a2c3", "message_id": "05e8a441-0032-4b8e-9362-4e00e3c41fe5", "role": "user", "content": "这是一个重要的消息，记住目标", "metadata": {}}}
{"timestamp": "2026-06-21T10:31:12.355601", "event": "message_added", "data": {"project_id": "f39f7f21-5c4a-406e-834e-9f1162df1c9f", "conversation_id": "b20c8d5e-ec17-4e96-a7df-f3dc65da7540", "message_id": "8dfcd3dd-643b-403f-9f2f-43b8aff3e998", "role": "user", "content": "Hello", "metadata": {}}}
{"timestamp": "2026-06-21T10:31:12.358010", "event": "context_built", "data": {"project": "上下文测试"}}
{"timestamp": "2026-06-21T10:31:41.161456", "event": "message_added", "data": {"project_id": "c1d42e1e-a943-48a8-b262-d9017b3cf53a", "conversation_id": "a2cdd87b-ba85-4d8b-8543-d8bb10d59f73", "message_id": "e70ea344-bcf4-487a-a01b-c7846b4ff191", "role": "user", "content": "Hello, world!", "metadata": {}}}
{"timestamp": "2026-06-21T10:31:41.170917", "event": "message_added", "data": {"project_id": "ca94f316-df63-4abd-ad2c-6aac42cfa531", "conversation_id": "be63f9b1-f694-475b-9e98-c38b840d04d1", "message_id": "b2bdad7c-f072-4d96-aab6-5456d1fcd2f7", "role": "user", "content": "Message 1", "metadata": {}}}
{"timestamp": "2026-06-21T10:31:41.171527", "event": "message_added", "data": {"project_id": "ca94f316-df63-4abd-ad2c-6aac42cfa531", "conversation_id": "be63f9b1-f694-475b-9e98-c38b840d04d1", "message_id": "440a4054-26c7-4041-8315-5bc68ac33953", "role": "assistant", "content": "Response 1", "metadata": {}}}
{"timestamp": "2026-06-21T10:31:41.183218", "event": "message_added", "data": {"project_id": "8afff781-3725-4866-a39c-71f6f090736e", "conversation_id": "e0fe8cc5-11dd-4026-b44a-7563cc8dff73", "message_id": "48ad8855-6556-406b-bb7f-0b88fc360ad8", "role": "user", "content": "这是一个重要的消息，记住目标", "metadata": {}}}
{"timestamp": "2026-06-21T10:31:41.210143", "event": "message_added", "data": {"project_id": "65bbb33d-ada2-4bda-b0ed-b30e11dbf3ff", "conversation_id": "f068f000-e938-4f5c-8cb2-4d8afcfc2a3b", "message_id": "bd7d3f2b-d84a-4655-a0c4-7e97e8fb21a1", "role": "user", "content": "Hello", "metadata": {}}}
{"timestamp": "2026-06-21T10:31:41.213575", "event": "context_built", "data": {"project": "上下文测试"}}
{"timestamp": "2026-06-21T10:32:05.659266", "event": "message_added", "data": {"project_id": "03fd430b-30cf-478f-bfd7-7ad81dd7be7d", "conversation_id": "092928bb-d027-45a0-9628-8e50ec834bc5", "message_id": "cbb55b18-1556-446a-9b8c-80df495c71ad", "role": "user", "content": "Hello, world!", "metadata": {}}}
{"timestamp": "2026-06-21T10:32:05.669452", "event": "message_added", "data": {"project_id": "ac593e6a-3d63-40d6-b726-33011725e865", "conversation_id": "56444138-caa6-4a8b-8434-da3c5a87c7b6", "message_id": "358752f9-c338-4504-bf85-9fb7ec0045cb", "role": "user", "content": "Message 1", "metadata": {}}}
{"timestamp": "2026-06-21T10:32:05.670689", "event": "message_added", "data": {"project_id": "ac593e6a-3d63-40d6-b726-33011725e865", "conversation_id": "56444138-caa6-4a8b-8434-da3c5a87c7b6", "message_id": "1adb7ac4-3921-436e-9112-85b1799c6a3d", "role": "assistant", "content": "Response 1", "metadata": {}}}
{"timestamp": "2026-06-21T10:32:05.684574", "event": "message_added", "data": {"project_id": "7c50302d-da24-40fd-96ed-bd10cf12f72d", "conversation_id": "5624e7f3-ca22-4dbe-9b28-ec7fb83eed11", "message_id": "90ee941f-b0c5-4c69-a065-9a68d9bffabd", "role": "user", "content": "这是一个重要的消息，记住目标", "metadata": {}}}
{"timestamp": "2026-06-21T10:32:05.718411", "event": "message_added", "data": {"project_id": "50be53a1-55b6-4a5b-af10-6a5c47b11e2e", "conversation_id": "9e9c25cb-0d04-4337-a9f4-f8baac65c6d5", "message_id": "58f6c300-4cb4-4621-85ed-00239934bbfa", "role": "user", "content": "Hello", "metadata": {}}}
{"timestamp": "2026-06-21T10:32:05.721710", "event": "context_built", "data": {"project": "上下文测试"}}
{"timestamp": "2026-06-21T10:40:01.507098", "event": "message_added", "data": {"project_id": "e1e8d9da-6c3d-4f3d-88a6-3d67003d8c46", "conversation_id": "d15823bb-6af3-44cf-9d37-c1312089c716", "message_id": "cfa11ce5-6fe4-4bea-bb03-39c24a8890e9", "role": "user", "content": "Hello, world!", "metadata": {}}}
{"timestamp": "2026-06-21T10:40:01.518452", "event": "message_added", "data": {"project_id": "0e86dfaf-a4a0-4311-a333-dcdef928f872", "conversation_id": "e7b6f581-cbc7-47c3-976a-f890ca318284", "message_id": "2118cf53-68b5-4d98-a33f-f197411fa4e1", "role": "user", "content": "Message 1", "metadata": {}}}
{"timestamp": "2026-06-21T10:40:01.518966", "event": "message_added", "data": {"project_id": "0e86dfaf-a4a0-4311-a333-dcdef928f872", "conversation_id": "e7b6f581-cbc7-47c3-976a-f890ca318284", "message_id": "1d957d51-a4f0-4094-a5c4-de2bc65c4120", "role": "assistant", "content": "Response 1", "metadata": {}}}
{"timestamp": "2026-06-21T10:40:01.532647", "event": "message_added", "data": {"project_id": "9d839b72-24d5-4748-ae57-8a7da8ddb299", "conversation_id": "c641f9a6-f40d-4c13-aeee-f9d5e6ea5b4a", "message_id": "f4fa5e51-a944-4b06-a2d5-1e94b900d040", "role": "user", "content": "这是一个重要的消息，记住目标", "metadata": {}}}
{"timestamp": "2026-06-21T10:40:01.566844", "event": "message_added", "data": {"project_id": "95aeec62-07c6-4a25-8840-f9b40a25d75c", "conversation_id": "fd150cef-eb0f-42c2-b2dd-470152a16706", "message_id": "0a0163ce-674e-449b-a33a-3722ca75d384", "role": "user", "content": "Hello", "metadata": {}}}
{"timestamp": "2026-06-21T10:40:01.570107", "event": "context_built", "data": {"project": "上下文测试"}}
{"timestamp": "2026-06-21T10:57:21.642889", "event": "message_added", "data": {"project_id": "af4e0b6b-b3a4-4e98-9611-f6b0fe5b7cf1", "conversation_id": "fbbca2b9-36a4-492a-9e7e-cda3e66d16f5", "message_id": "d38373c3-28e7-4386-a94f-67035a623673", "role": "user", "content": "Hello, world!", "metadata": {}}}
{"timestamp": "2026-06-21T10:57:21.654705", "event": "message_added", "data": {"project_id": "ac541e05-f0a9-41d4-9e09-bf5cce10396b", "conversation_id": "5ae7cc1f-6ba5-4c0c-a076-2110187570af", "message_id": "e413bfed-a918-4691-9473-80f4127c26c5", "role": "user", "content": "Message 1", "metadata": {}}}
{"timestamp": "2026-06-21T10:57:21.655294", "event": "message_added", "data": {"project_id": "ac541e05-f0a9-41d4-9e09-bf5cce10396b", "conversation_id": "5ae7cc1f-6ba5-4c0c-a076-2110187570af", "message_id": "310d48da-db5a-4117-8f02-a5fc83886e2c", "role": "assistant", "content": "Response 1", "metadata": {}}}
{"timestamp": "2026-06-21T10:57:21.686253", "event": "message_added", "data": {"project_id": "61892079-affe-47b8-a1f2-8abab9d1ccc6", "conversation_id": "1f697f3a-41b7-4ef4-b1fe-c3f92ccf7a15", "message_id": "1e8c99ca-3f77-4002-8f6e-f64183107ea8", "role": "user", "content": "这是一个重要的消息，记住目标", "metadata": {}}}
{"timestamp": "2026-06-21T10:57:21.719338", "event": "message_added", "data": {"project_id": "fba4b16c-a3f7-451a-84c9-4a2d5abfc189", "conversation_id": "1cc095a4-9717-483b-85e4-32d3259802ba", "message_id": "2291c336-1850-49da-89ee-177bd33e80ae", "role": "user", "content": "Hello", "metadata": {}}}
{"timestamp": "2026-06-21T10:57:21.722581", "event": "context_built", "data": {"project": "上下文测试"}}
{"timestamp": "2026-06-21T10:58:43.137679", "event": "message_added", "data": {"project_id": "ab6bfc88-545f-4004-ab21-c039ce93240a", "conversation_id": "d502bc40-f7d3-4900-a800-b6c8cc57ba1f", "message_id": "df949614-d5d4-4485-85ac-060ddbaf97aa", "role": "user", "content": "Hello, world!", "metadata": {}}}
{"timestamp": "2026-06-21T10:58:43.150344", "event": "message_added", "data": {"project_id": "4c868574-6d57-4132-b364-07438d26e26e", "conversation_id": "712ec348-4f04-4869-a7fa-15a8c79a1d97", "message_id": "9c10bb11-3ebe-4e74-97e7-a60079a4f07c", "role": "user", "content": "Message 1", "metadata": {}}}
{"timestamp": "2026-06-21T10:58:43.151162", "event": "message_added", "data": {"project_id": "4c868574-6d57-4132-b364-07438d26e26e", "conversation_id": "712ec348-4f04-4869-a7fa-15a8c79a1d97", "message_id": "997f0648-6237-4d86-a0db-b46bfb63df40", "role": "assistant", "content": "Response 1", "metadata": {}}}
{"timestamp": "2026-06-21T10:58:43.184010", "event": "message_added", "data": {"project_id": "3fefdff0-760c-4137-ba38-c36a9b2f7ff9", "conversation_id": "60cc07ca-00ee-42d3-b4e4-95bde35e36b4", "message_id": "2e239ca9-84c5-4b26-bd7a-42285ef37f0a", "role": "user", "content": "这是一个重要的消息，记住目标", "metadata": {}}}
{"timestamp": "2026-06-21T10:58:43.220243", "event": "message_added", "data": {"project_id": "a9be4e12-69b1-49f7-aac1-690a4e1d02bf", "conversation_id": "e965399d-c6d2-48ff-82ae-76f4d1dd5bd4", "message_id": "41add520-4271-480c-b156-9ee104272378", "role": "user", "content": "Hello", "metadata": {}}}
{"timestamp": "2026-06-21T10:58:43.223708", "event": "context_built", "data": {"project": "上下文测试"}}
{"timestamp": "2026-06-21T10:59:06.274299", "event": "message_added", "data": {"project_id": "66aaff2a-54ea-4176-b4bf-2edf91f89fe8", "conversation_id": "76bc2e5a-b432-4f1d-80b9-b994bc96170e", "message_id": "c2b1b982-605b-471d-8648-87515c8797eb", "role": "user", "content": "Hello, world!", "metadata": {}}}
{"timestamp": "2026-06-21T10:59:06.288408", "event": "message_added", "data": {"project_id": "eafe8a7b-dd08-44b0-9bfc-2beb2b92306b", "conversation_id": "9a741416-0456-417c-9324-74d1ec29d95e", "message_id": "9476464f-8255-4efc-8ac8-9869dbbe921f", "role": "user", "content": "Message 1", "metadata": {}}}
{"timestamp": "2026-06-21T10:59:06.288929", "event": "message_added", "data": {"project_id": "eafe8a7b-dd08-44b0-9bfc-2beb2b92306b", "conversation_id": "9a741416-0456-417c-9324-74d1ec29d95e", "message_id": "0e11b838-dcad-4d6c-8efb-8eaab29b2ab8", "role": "assistant", "content": "Response 1", "metadata": {}}}
{"timestamp": "2026-06-21T10:59:06.305799", "event": "message_added", "data": {"project_id": "52dfc073-4fc9-42de-8d0b-ee255dfc2367", "conversation_id": "401bfbb2-8d89-4b5f-817c-8496fac8207f", "message_id": "4e40d475-a7e1-428c-b283-74a33b64ad32", "role": "user", "content": "这是一个重要的消息，记住目标", "metadata": {}}}
{"timestamp": "2026-06-21T10:59:06.347315", "event": "message_added", "data": {"project_id": "269c3a31-df1e-4fc8-b5d9-132ef4ea3ec3", "conversation_id": "0302fb29-5be7-4e87-9dd0-eb5131f842b9", "message_id": "aed4a7ff-5b35-48fb-8586-89e34f357ffc", "role": "user", "content": "Hello", "metadata": {}}}
{"timestamp": "2026-06-21T10:59:06.352341", "event": "context_built", "data": {"project": "上下文测试"}}
{"timestamp": "2026-06-21T10:59:43.707575", "event": "message_added", "data": {"project_id": "b2a2fed2-266e-41db-9618-1c7d3e77dd0c", "conversation_id": "d1854353-5dbb-4539-b9e8-aa844b2a3d03", "message_id": "bb9b18b9-d7b6-4fea-a434-a8a3a28aa5d5", "role": "user", "content": "Hello, world!", "metadata": {}}}
{"timestamp": "2026-06-21T10:59:43.724887", "event": "message_added", "data": {"project_id": "f02b5300-7535-4fa3-b75a-78c067ddaad4", "conversation_id": "2c227ed0-f471-4bae-bd0a-3c3d874bd2a5", "message_id": "f099ba94-4a1b-4d70-a2b7-f8cfcad2889e", "role": "user", "content": "Message 1", "metadata": {}}}
{"timestamp": "2026-06-21T10:59:43.725616", "event": "message_added", "data": {"project_id": "f02b5300-7535-4fa3-b75a-78c067ddaad4", "conversation_id": "2c227ed0-f471-4bae-bd0a-3c3d874bd2a5", "message_id": "35068aba-7f94-4e30-9b0d-4ac05fd9269b", "role": "assistant", "content": "Response 1", "metadata": {}}}
{"timestamp": "2026-06-21T10:59:43.744713", "event": "message_added", "data": {"project_id": "23e7cca5-1e7d-4a59-a0e0-bee2906d17c0", "conversation_id": "1b3741fe-728c-46f6-9d94-4e54f64ad0b6", "message_id": "aeb68d40-0b96-4bef-8b8b-1666d85d18ac", "role": "user", "content": "这是一个重要的消息，记住目标", "metadata": {}}}
{"timestamp": "2026-06-21T10:59:43.789663", "event": "message_added", "data": {"project_id": "0609b0e8-6d01-4c6a-bb49-5814ad74f5de", "conversation_id": "fb974f2b-9f0b-4f87-9c54-2b15459ea782", "message_id": "803015b6-2af1-4cc7-915f-6a238d42def3", "role": "user", "content": "Hello", "metadata": {}}}
{"timestamp": "2026-06-21T10:59:43.794733", "event": "context_built", "data": {"project": "上下文测试"}}
{"timestamp": "2026-06-21T11:00:17.679817", "event": "message_added", "data": {"project_id": "80d4c5f1-42fe-408c-9562-d1cfaad7dc2a", "conversation_id": "7ce6b9be-3f6e-44e6-8383-a7355c064e7a", "message_id": "9295bd9b-6cfe-438d-a168-8ff1195b2dbc", "role": "user", "content": "Hello, world!", "metadata": {}}}
{"timestamp": "2026-06-21T11:00:17.695393", "event": "message_added", "data": {"project_id": "64aa607c-f6fa-43b9-956c-3f5c6b2ba06d", "conversation_id": "87035112-81a9-4c0f-bbce-c80b12ea8702", "message_id": "a8268ab2-974b-4aba-abc5-9ee0b06df232", "role": "user", "content": "Message 1", "metadata": {}}}
{"timestamp": "2026-06-21T11:00:17.696163", "event": "message_added", "data": {"project_id": "64aa607c-f6fa-43b9-956c-3f5c6b2ba06d", "conversation_id": "87035112-81a9-4c0f-bbce-c80b12ea8702", "message_id": "240b2d1f-82e4-4aef-b807-f696508e0674", "role": "assistant", "content": "Response 1", "metadata": {}}}
{"timestamp": "2026-06-21T11:00:17.716295", "event": "message_added", "data": {"project_id": "db99b97b-3979-4521-8d45-ab99069030a5", "conversation_id": "8421af86-4f6e-4f6f-a327-da1a657bb91d", "message_id": "2ae70236-6b40-40a1-93b5-0d2e2347f25b", "role": "user", "content": "这是一个重要的消息，记住目标", "metadata": {}}}
{"timestamp": "2026-06-21T11:00:17.762887", "event": "message_added", "data": {"project_id": "2baa964b-717b-4a02-9062-734f542c8bf6", "conversation_id": "6cc1e1ac-b9bf-4c23-8f1e-5ebf02d14e01", "message_id": "49d4fd2b-3a61-48d1-9df7-d9f59b4db98b", "role": "user", "content": "Hello", "metadata": {}}}
{"timestamp": "2026-06-21T11:00:17.767552", "event": "context_built", "data": {"project": "上下文测试"}}
{"timestamp": "2026-06-21T11:00:42.091347", "event": "message_added", "data": {"project_id": "3a82180f-24fb-4ca7-aa18-cf0765d2b817", "conversation_id": "f7c19f3d-58dd-4b97-84f2-e5a5665dd28f", "message_id": "2541fc68-a0d6-4637-b22d-e8e76684ebb9", "role": "user", "content": "Hello, world!", "metadata": {}}}
{"timestamp": "2026-06-21T11:00:42.107442", "event": "message_added", "data": {"project_id": "afec1f85-acbd-4e82-aa24-9e254bd193b2", "conversation_id": "eb7501fd-a96d-4134-89bb-ed592f27250e", "message_id": "8d2776c7-3c27-4774-ad3a-6115bc3d620e", "role": "user", "content": "Message 1", "metadata": {}}}
{"timestamp": "2026-06-21T11:00:42.108266", "event": "message_added", "data": {"project_id": "afec1f85-acbd-4e82-aa24-9e254bd193b2", "conversation_id": "eb7501fd-a96d-4134-89bb-ed592f27250e", "message_id": "1fd35c7e-f2f2-473a-8997-f5ace993be3c", "role": "assistant", "content": "Response 1", "metadata": {}}}
{"timestamp": "2026-06-21T11:00:42.128276", "event": "message_added", "data": {"project_id": "c2d79a1b-5ea4-4e79-8204-6cf25725e35b", "conversation_id": "52f2c7e4-51bd-461b-ad01-6215fbb9b765", "message_id": "91915276-c7cc-4f93-84a1-767ba0194ab3", "role": "user", "content": "这是一个重要的消息，记住目标", "metadata": {}}}
{"timestamp": "2026-06-21T11:00:42.178913", "event": "message_added", "data": {"project_id": "748c763b-6ce0-4118-9c38-6fc1a8172e73", "conversation_id": "8e3968a7-3a3f-43d0-87b6-693ca4b190e2", "message_id": "2fb06dd7-0ca8-4628-8fe1-ff6c497e32b7", "role": "user", "content": "Hello", "metadata": {}}}
{"timestamp": "2026-06-21T11:00:42.183978", "event": "context_built", "data": {"project": "上下文测试"}}
{"timestamp": "2026-06-21T11:02:43.047113", "event": "message_added", "data": {"project_id": "87959e9d-eaa6-4dd2-8004-010c8ba78072", "conversation_id": "0b5fad80-9d43-41c3-8e71-6cde3e6dbe4d", "message_id": "04fb96b2-1a82-473c-b6f9-804670377ce3", "role": "user", "content": "Hello, world!", "metadata": {}}}
{"timestamp": "2026-06-21T11:02:43.064497", "event": "message_added", "data": {"project_id": "567fb2d6-a42c-4aef-abf8-b249c3f182cf", "conversation_id": "56925ded-e285-41b2-a80c-b3737495be4f", "message_id": "8b7a8d1a-0a31-4893-9a49-bfd2515144b6", "role": "user", "content": "Message 1", "metadata": {}}}
{"timestamp": "2026-06-21T11:02:43.065707", "event": "message_added", "data": {"project_id": "567fb2d6-a42c-4aef-abf8-b249c3f182cf", "conversation_id": "56925ded-e285-41b2-a80c-b3737495be4f", "message_id": "4d654318-08f6-4bea-9987-ada418087ca2", "role": "assistant", "content": "Response 1", "metadata": {}}}
{"timestamp": "2026-06-21T11:02:43.085679", "event": "message_added", "data": {"project_id": "1f639ab3-2f0c-4ecc-b981-ee39e8c35733", "conversation_id": "25d2bd8f-d054-4454-b3f2-c17769b5c25c", "message_id": "1456c27e-4b57-4b04-b3c7-46dce8d31e05", "role": "user", "content": "这是一个重要的消息，记住目标", "metadata": {}}}
{"timestamp": "2026-06-21T11:02:43.135657", "event": "message_added", "data": {"project_id": "680cf04a-2308-4155-8e35-f83a0846b628", "conversation_id": "a47c939c-a736-484b-801a-3085986cc311", "message_id": "e334252f-38a2-468b-ab8c-3cb193e8886b", "role": "user", "content": "Hello", "metadata": {}}}
{"timestamp": "2026-06-21T11:02:43.140951", "event": "context_built", "data": {"project": "上下文测试"}}
{"timestamp": "2026-06-21T11:03:08.909001", "event": "message_added", "data": {"project_id": "ef81148c-8b20-4d57-b530-04664c138a5c", "conversation_id": "f31e16b5-d282-44ff-9c5b-c9b9316e38c0", "message_id": "97326dec-56f2-47ba-9a2e-6934e71e09be", "role": "user", "content": "Hello, world!", "metadata": {}}}
{"timestamp": "2026-06-21T11:03:08.926716", "event": "message_added", "data": {"project_id": "d9ad3f66-fbff-4d11-8d76-e49cb56059e8", "conversation_id": "b1f0064d-935a-4c26-9b86-8cfaaf558ec6", "message_id": "a2b7b59d-0244-46ec-8ed6-de066e7fbd49", "role": "user", "content": "Message 1", "metadata": {}}}
{"timestamp": "2026-06-21T11:03:08.927350", "event": "message_added", "data": {"project_id": "d9ad3f66-fbff-4d11-8d76-e49cb56059e8", "conversation_id": "b1f0064d-935a-4c26-9b86-8cfaaf558ec6", "message_id": "af884b08-7c1d-40d8-9e86-aeeaa6c394a8", "role": "assistant", "content": "Response 1", "metadata": {}}}
{"timestamp": "2026-06-21T11:03:08.949593", "event": "message_added", "data": {"project_id": "07e71041-b60c-436c-805f-2fa1246f88d6", "conversation_id": "1a04951d-4a67-4521-b3d0-bd44763b2f7e", "message_id": "69b2ab58-fa02-40b7-afda-1e1f3d9a6673", "role": "user", "content": "这是一个重要的消息，记住目标", "metadata": {}}}
{"timestamp": "2026-06-21T11:03:09.005427", "event": "message_added", "data": {"project_id": "7f42615f-c744-44a4-acb4-47ff4420cede", "conversation_id": "176284d1-ed54-48af-a72b-3c65f0a1c256", "message_id": "5f1ac626-4c18-49a7-b699-1503532fdeae", "role": "user", "content": "Hello", "metadata": {}}}
{"timestamp": "2026-06-21T11:03:09.010754", "event": "context_built", "data": {"project": "上下文测试"}}
{"timestamp": "2026-06-21T11:05:51.869050", "event": "message_added", "data": {"project_id": "db8bbbfb-5be4-4a69-bee4-3d47eb8ca006", "conversation_id": "d9d34b50-0f72-4ce5-b518-7d84c0e4621f", "message_id": "4cfd00f3-b445-43bf-bdc2-ae77705e5c44", "role": "user", "content": "Hello, world!", "metadata": {}}}
{"timestamp": "2026-06-21T11:05:51.886116", "event": "message_added", "data": {"project_id": "e1461844-27e1-4526-80b6-71dc4365e7ff", "conversation_id": "212f7572-8d01-4c90-b1fa-3936a5160b01", "message_id": "179b0619-53e1-408a-b457-1a7b311f3f44", "role": "user", "content": "Message 1", "metadata": {}}}
{"timestamp": "2026-06-21T11:05:51.887135", "event": "message_added", "data": {"project_id": "e1461844-27e1-4526-80b6-71dc4365e7ff", "conversation_id": "212f7572-8d01-4c90-b1fa-3936a5160b01", "message_id": "3ca2aab5-72ab-4274-85b6-60418a6984eb", "role": "assistant", "content": "Response 1", "metadata": {}}}
{"timestamp": "2026-06-21T11:05:51.907354", "event": "message_added", "data": {"project_id": "6459f7d3-6e8b-418a-a681-eeabaaeb36eb", "conversation_id": "2507a7f7-7005-42bc-b841-cf74d7b78aa4", "message_id": "9997365d-2884-4394-a826-463085987844", "role": "user", "content": "这是一个重要的消息，记住目标", "metadata": {}}}
{"timestamp": "2026-06-21T11:05:51.957655", "event": "message_added", "data": {"project_id": "1c9477c5-4198-4232-bb45-3cd9086368a5", "conversation_id": "29179561-1ff7-4182-a437-b465892962a6", "message_id": "06858ac1-d241-4ee2-9d7f-c456a522b9bb", "role": "user", "content": "Hello", "metadata": {}}}
{"timestamp": "2026-06-21T11:05:51.962336", "event": "context_built", "data": {"project": "上下文测试"}}
{"timestamp": "2026-06-21T11:36:23.249460", "event": "message_added", "data": {"project_id": "aa0d0ac0-bb92-45d9-af6d-9a6278bb27f4", "conversation_id": "498b0a85-a146-4c7a-bdd0-40d21d8b1068", "message_id": "044334c4-3c01-4694-9456-8b84decacb17", "role": "user", "content": "Hello, world!", "metadata": {}}}
{"timestamp": "2026-06-21T11:36:23.271859", "event": "message_added", "data": {"project_id": "f15c7285-20fe-4cdf-8945-032a4594ae97", "conversation_id": "68a332c0-774f-4af4-ad9a-cf8b7c9c48ef", "message_id": "7dd3b762-8236-4c01-814a-8bcb4b40ad02", "role": "user", "content": "Message 1", "metadata": {}}}
{"timestamp": "2026-06-21T11:36:23.272537", "event": "message_added", "data": {"project_id": "f15c7285-20fe-4cdf-8945-032a4594ae97", "conversation_id": "68a332c0-774f-4af4-ad9a-cf8b7c9c48ef", "message_id": "de749f2e-2065-4c59-9015-6b4d19d47477", "role": "assistant", "content": "Response 1", "metadata": {}}}
{"timestamp": "2026-06-21T11:36:23.320650", "event": "message_added", "data": {"project_id": "4b9f2b2c-f9fe-422b-9f79-7a6865886f50", "conversation_id": "1bced04c-7e42-4c7f-8943-5f9ce3db86b4", "message_id": "14533d6c-fdde-4161-a237-4dd8cedb0f71", "role": "user", "content": "这是一个重要的消息，记住目标", "metadata": {}}}
{"timestamp": "2026-06-21T11:36:23.381390", "event": "message_added", "data": {"project_id": "3da8bdfb-5a15-4a1d-93b9-e0c0f9acd303", "conversation_id": "1ddcf460-d4dd-4622-8426-dec6a157c37c", "message_id": "8dad64fe-d457-49e8-be60-1efd3a7b9b44", "role": "user", "content": "Hello", "metadata": {}}}
{"timestamp": "2026-06-21T11:36:23.388589", "event": "context_built", "data": {"project": "上下文测试"}}
{"timestamp": "2026-06-21T11:43:21.926794", "event": "message_added", "data": {"project_id": "0225c35a-0dcd-4fcf-82d0-250a4b1e86e9", "conversation_id": "a057f6ca-8de8-4ad1-b780-ce83420af256", "message_id": "22358b24-df8b-49ce-84d9-f815f6bea8f4", "role": "user", "content": "Hello, world!", "metadata": {}}}
{"timestamp": "2026-06-21T11:43:21.948195", "event": "message_added", "data": {"project_id": "f823b025-f067-4eb7-a2b6-c92b29b23ec4", "conversation_id": "d7f40001-4ca3-430e-95d2-6a3948f58c6a", "message_id": "1699d4ed-f4ee-4dc7-8ddf-40d5b959c1e7", "role": "user", "content": "Message 1", "metadata": {}}}
{"timestamp": "2026-06-21T11:43:21.948838", "event": "message_added", "data": {"project_id": "f823b025-f067-4eb7-a2b6-c92b29b23ec4", "conversation_id": "d7f40001-4ca3-430e-95d2-6a3948f58c6a", "message_id": "581723e9-fead-4159-93a2-95d9cba3adc5", "role": "assistant", "content": "Response 1", "metadata": {}}}
{"timestamp": "2026-06-21T11:43:21.996678", "event": "message_added", "data": {"project_id": "ecda1845-df5f-42d2-9730-c73880d71948", "conversation_id": "caf1cde6-1790-4261-bdef-aaf20e18668e", "message_id": "391b49f3-aa03-49a1-a322-fd0114ef3180", "role": "user", "content": "这是一个重要的消息，记住目标", "metadata": {}}}
{"timestamp": "2026-06-21T11:43:22.058213", "event": "message_added", "data": {"project_id": "24e200d0-fc4c-4bac-924a-0cc19757f254", "conversation_id": "51013666-4c3f-428a-8b75-b15d684d0292", "message_id": "499cd294-17ae-4e8f-a744-43f59a8ab46b", "role": "user", "content": "Hello", "metadata": {}}}
{"timestamp": "2026-06-21T11:43:22.064040", "event": "context_built", "data": {"project": "上下文测试"}}
{"timestamp": "2026-06-21T11:44:54.674187", "event": "message_added", "data": {"project_id": "cb3f3df2-5b31-4344-8771-695c4d874d70", "conversation_id": "b28bae22-736d-41f2-90c5-b7db84a5ca34", "message_id": "634c066a-d640-479d-9870-62453a9a4575", "role": "user", "content": "Hello, world!", "metadata": {}}}
{"timestamp": "2026-06-21T11:44:54.693792", "event": "message_added", "data": {"project_id": "b6b0b70a-27df-4229-bfb2-c3f91929f808", "conversation_id": "a916c558-9bef-47b5-aa89-a602b1b13bf2", "message_id": "d720c42d-ad74-439e-afb0-191ca14f1f6d", "role": "user", "content": "Message 1", "metadata": {}}}
{"timestamp": "2026-06-21T11:44:54.694699", "event": "message_added", "data": {"project_id": "b6b0b70a-27df-4229-bfb2-c3f91929f808", "conversation_id": "a916c558-9bef-47b5-aa89-a602b1b13bf2", "message_id": "ebd660a1-b7dd-433b-872c-9c319ed31401", "role": "assistant", "content": "Response 1", "metadata": {}}}
{"timestamp": "2026-06-21T11:44:54.719759", "event": "message_added", "data": {"project_id": "4e10229f-d778-4d8d-ab4b-04a384b1cfe1", "conversation_id": "73f006c6-b29c-47b7-9440-b5736d93abe0", "message_id": "bcf04aa5-6a21-435f-b7b5-e83aa5eabe18", "role": "user", "content": "这是一个重要的消息，记住目标", "metadata": {}}}
{"timestamp": "2026-06-21T11:44:54.780530", "event": "message_added", "data": {"project_id": "1f729bc9-3acf-4a95-af90-1fb1c46e0e29", "conversation_id": "f3b6f112-75b4-42ee-a191-76b6fbfba235", "message_id": "41c386d9-6b79-4ced-9bbe-3c64ab548217", "role": "user", "content": "Hello", "metadata": {}}}
{"timestamp": "2026-06-21T11:44:54.787362", "event": "context_built", "data": {"project": "上下文测试"}}
{"timestamp": "2026-06-21T11:45:26.984381", "event": "message_added", "data": {"project_id": "b00feadd-cd11-4659-89d6-b421c7585878", "conversation_id": "0ddae87d-19b4-4d30-87c4-1715a4a2a196", "message_id": "e63d4ade-7f82-4cf9-bce4-4888fa98b0bf", "role": "user", "content": "Hello, world!", "metadata": {}}}
{"timestamp": "2026-06-21T11:45:27.009502", "event": "message_added", "data": {"project_id": "12e55735-8756-43b8-9dd2-f95431a9ecee", "conversation_id": "ac9e42be-3172-4700-92d1-9d702e4b2e88", "message_id": "3523d30b-f9c7-45de-af5a-af8eb116852a", "role": "user", "content": "Message 1", "metadata": {}}}
{"timestamp": "2026-06-21T11:45:27.010478", "event": "message_added", "data": {"project_id": "12e55735-8756-43b8-9dd2-f95431a9ecee", "conversation_id": "ac9e42be-3172-4700-92d1-9d702e4b2e88", "message_id": "a76ea9b7-6bac-4429-b5a6-14a371ac9644", "role": "assistant", "content": "Response 1", "metadata": {}}}
{"timestamp": "2026-06-21T11:45:27.037006", "event": "message_added", "data": {"project_id": "ee155c08-e218-49ea-a3c0-35e1437f46b4", "conversation_id": "b9ac0b3c-e0f5-44e4-9653-69fcbe4a2ad1", "message_id": "34f403f9-15d7-4405-b73b-51ccce82c736", "role": "user", "content": "这是一个重要的消息，记住目标", "metadata": {}}}
{"timestamp": "2026-06-21T11:45:27.100712", "event": "message_added", "data": {"project_id": "d30f569b-5a0a-405c-901f-9a030d4e710b", "conversation_id": "745980c0-400e-4df5-8ec3-d571a69e2f7d", "message_id": "daf32567-1f00-4d7c-a25c-ec9c74995911", "role": "user", "content": "Hello", "metadata": {}}}
{"timestamp": "2026-06-21T11:45:27.107206", "event": "context_built", "data": {"project": "上下文测试"}}
{"timestamp": "2026-06-21T11:45:53.614165", "event": "message_added", "data": {"project_id": "a2e62c5c-3717-4a31-ab4f-10415774bf31", "conversation_id": "c4ecadf8-d694-48d1-9e93-90d7e789817d", "message_id": "97b33ac6-3171-4c3b-8aea-2aac9bcc6ab5", "role": "user", "content": "Hello, world!", "metadata": {}}}
{"timestamp": "2026-06-21T11:45:53.637845", "event": "message_added", "data": {"project_id": "98418d01-2636-4328-9cc1-c72277a3788c", "conversation_id": "a06ab202-1ffd-4760-90fa-17f173463adb", "message_id": "4d0275c3-2b09-41e8-8ed9-cf4c2a01f6d4", "role": "user", "content": "Message 1", "metadata": {}}}
{"timestamp": "2026-06-21T11:45:53.638478", "event": "message_added", "data": {"project_id": "98418d01-2636-4328-9cc1-c72277a3788c", "conversation_id": "a06ab202-1ffd-4760-90fa-17f173463adb", "message_id": "7fbfc121-2c62-416a-b2a0-0fda5bf78e11", "role": "assistant", "content": "Response 1", "metadata": {}}}
{"timestamp": "2026-06-21T11:45:53.668101", "event": "message_added", "data": {"project_id": "023ae890-b54c-4da5-a2d5-c16fdefed7ae", "conversation_id": "b1548beb-c2a0-462e-9a43-0f9f01087970", "message_id": "72f592ef-1cbc-45b2-b8af-df7078a6309c", "role": "user", "content": "这是一个重要的消息，记住目标", "metadata": {}}}
{"timestamp": "2026-06-21T11:45:53.735114", "event": "message_added", "data": {"project_id": "b543ecb6-dc86-45d2-932e-5ebe3f906ac2", "conversation_id": "702d1b5c-d265-45bd-8e47-6d269a457136", "message_id": "2de63214-dfe7-4fe3-a4f7-a005e65a8cbf", "role": "user", "content": "Hello", "metadata": {}}}
{"timestamp": "2026-06-21T11:45:53.742086", "event": "context_built", "data": {"project": "上下文测试"}}
{"timestamp": "2026-06-21T18:34:21.646000", "event": "message_added", "data": {"project_id": "d3fa025a-d18c-440a-a0a2-00dcef7a6102", "conversation_id": "bd736fbf-d410-4c02-978b-38301319810b", "message_id": "204d7e71-2d07-4e3c-a382-f1a2233afc15", "role": "user", "content": "Hello, world!", "metadata": {}}}
{"timestamp": "2026-06-21T18:34:21.668445", "event": "message_added", "data": {"project_id": "fb4506bf-f771-479b-ace4-edbf2f25c994", "conversation_id": "665a2505-3d94-44f1-ad43-50d5d0fd98db", "message_id": "12b82c50-c313-4726-a52b-8e159920b883", "role": "user", "content": "Message 1", "metadata": {}}}
{"timestamp": "2026-06-21T18:34:21.669453", "event": "message_added", "data": {"project_id": "fb4506bf-f771-479b-ace4-edbf2f25c994", "conversation_id": "665a2505-3d94-44f1-ad43-50d5d0fd98db", "message_id": "a7f73867-6452-4823-9284-7240245337b3", "role": "assistant", "content": "Response 1", "metadata": {}}}
{"timestamp": "2026-06-21T18:34:21.739477", "event": "message_added", "data": {"project_id": "75c45a14-1360-44f5-af80-442d9b258793", "conversation_id": "4b67d65c-b519-4339-ad25-6c3f7c0173a8", "message_id": "272cc6fd-f645-4e42-aa2f-2c929ddc6d2a", "role": "user", "content": "这是一个重要的消息，记住目标", "metadata": {}}}
{"timestamp": "2026-06-21T18:34:21.807814", "event": "message_added", "data": {"project_id": "83315025-8b8e-43db-8850-ab6f65d541e9", "conversation_id": "0b91136a-cdee-4706-8505-98e2334be50c", "message_id": "a08bbb33-0821-42d6-994d-ac8727e52164", "role": "user", "content": "Hello", "metadata": {}}}
{"timestamp": "2026-06-21T18:34:21.814793", "event": "context_built", "data": {"project": "上下文测试"}}
{"timestamp": "2026-06-21T18:35:36.927078", "event": "message_added", "data": {"project_id": "1267d1dc-f433-4132-97e5-553ceff9a300", "conversation_id": "ddfea65d-94b2-4e23-9d79-1d74b6124e03", "message_id": "499c7906-a76b-4e59-adc8-7d4d45711447", "role": "user", "content": "Hello, world!", "metadata": {}}}
{"timestamp": "2026-06-21T18:35:36.955784", "event": "message_added", "data": {"project_id": "0355a112-ade2-48c5-8c73-97701173ecdc", "conversation_id": "6ad13d80-769b-4cd6-a733-6fb734da4fb1", "message_id": "b1d57130-134e-41d1-8d27-526a497af10a", "role": "user", "content": "Message 1", "metadata": {}}}
{"timestamp": "2026-06-21T18:35:36.956462", "event": "message_added", "data": {"project_id": "0355a112-ade2-48c5-8c73-97701173ecdc", "conversation_id": "6ad13d80-769b-4cd6-a733-6fb734da4fb1", "message_id": "d26279c9-2660-40a6-82ca-bbcd5e8c31e3", "role": "assistant", "content": "Response 1", "metadata": {}}}
{"timestamp": "2026-06-21T18:35:37.017530", "event": "message_added", "data": {"project_id": "11d02cbf-427a-4168-bd28-8d00ce5fa353", "conversation_id": "4372f3c3-3283-4786-b8a7-164059c0b99b", "message_id": "451372d0-9619-49f2-b37f-5b170e33943c", "role": "user", "content": "这是一个重要的消息，记住目标", "metadata": {}}}
{"timestamp": "2026-06-21T18:35:37.087848", "event": "message_added", "data": {"project_id": "5e41129e-a370-4c49-be64-02c0143e01dd", "conversation_id": "596a77cf-e667-443b-8d3c-1916b7eb692e", "message_id": "54736d79-5484-43b6-bbc3-8f6a48df8fd5", "role": "user", "content": "Hello", "metadata": {}}}
{"timestamp": "2026-06-21T18:35:37.095086", "event": "context_built", "data": {"project": "上下文测试"}}
{"timestamp": "2026-06-21T18:36:04.634989", "event": "message_added", "data": {"project_id": "2bb564ec-4834-4488-a755-b809bc5beef6", "conversation_id": "f81fb04b-5794-4768-91e9-d98e0635e0e2", "message_id": "133c6745-2dea-436c-bdc7-38ff36efbe67", "role": "user", "content": "Hello, world!", "metadata": {}}}
{"timestamp": "2026-06-21T18:36:04.660425", "event": "message_added", "data": {"project_id": "138483cf-c2bd-402e-9a30-a3a22c729e54", "conversation_id": "ad58875a-4e7a-404b-8c40-315f94541142", "message_id": "2b9dc8f0-ebe0-427e-b036-b40d857df3f0", "role": "user", "content": "Message 1", "metadata": {}}}
{"timestamp": "2026-06-21T18:36:04.661448", "event": "message_added", "data": {"project_id": "138483cf-c2bd-402e-9a30-a3a22c729e54", "conversation_id": "ad58875a-4e7a-404b-8c40-315f94541142", "message_id": "72d200d0-2fd4-472f-9656-6878e712c598", "role": "assistant", "content": "Response 1", "metadata": {}}}
{"timestamp": "2026-06-21T18:36:04.694226", "event": "message_added", "data": {"project_id": "15d08ac8-f214-4e69-8830-8996701874fa", "conversation_id": "204384c6-57bc-4891-beb3-efafdfe5ac99", "message_id": "a0fcb864-16bb-41bf-9916-a84c362cf6f3", "role": "user", "content": "这是一个重要的消息，记住目标", "metadata": {}}}
{"timestamp": "2026-06-21T18:36:04.774096", "event": "message_added", "data": {"project_id": "28b70ae3-0101-4ea8-b2f0-36178dafd765", "conversation_id": "5d795dc6-0c59-45a3-9bfb-f2e67bef3c4f", "message_id": "1e7e7bcd-d433-408d-bd80-4de6e95359d7", "role": "user", "content": "Hello", "metadata": {}}}
{"timestamp": "2026-06-21T18:36:04.782282", "event": "context_built", "data": {"project": "上下文测试"}}
{"timestamp": "2026-06-21T18:37:25.252460", "event": "message_added", "data": {"project_id": "4e9212d0-49bd-4b28-820d-92285d750618", "conversation_id": "5d683314-d2ad-4ab5-b39f-0fcfe2940b1c", "message_id": "62e19717-923a-4ee1-a502-351dcb293a9b", "role": "user", "content": "Hello, world!", "metadata": {}}}
{"timestamp": "2026-06-21T18:37:25.277682", "event": "message_added", "data": {"project_id": "cf56238c-bcb4-49b0-a1d7-e2f96a080b22", "conversation_id": "bf0b0915-a925-4237-b83c-8021e94209da", "message_id": "d237483f-fc78-4d68-8e42-a2f359e1a556", "role": "user", "content": "Message 1", "metadata": {}}}
{"timestamp": "2026-06-21T18:37:25.278461", "event": "message_added", "data": {"project_id": "cf56238c-bcb4-49b0-a1d7-e2f96a080b22", "conversation_id": "bf0b0915-a925-4237-b83c-8021e94209da", "message_id": "c7bcc376-424c-4ab1-a516-91c226d03c3c", "role": "assistant", "content": "Response 1", "metadata": {}}}
{"timestamp": "2026-06-21T18:37:25.340516", "event": "message_added", "data": {"project_id": "2b10a799-5e06-492f-8d71-262f5580cdd2", "conversation_id": "c5461962-55c5-4368-9294-ba88e5223e15", "message_id": "ca880d4f-d8ef-4819-a254-6938ce3d3c43", "role": "user", "content": "这是一个重要的消息，记住目标", "metadata": {}}}
{"timestamp": "2026-06-21T18:37:25.424322", "event": "message_added", "data": {"project_id": "3a1d6852-8e4e-4f18-b07a-da9c23f9e350", "conversation_id": "4dbca3cd-8d0e-46b2-b8cc-a695e76b5e9c", "message_id": "23d3c74d-ac32-4785-8b41-a5a2cf138d28", "role": "user", "content": "Hello", "metadata": {}}}
{"timestamp": "2026-06-21T18:37:25.433269", "event": "context_built", "data": {"project": "上下文测试"}}
{"timestamp": "2026-06-21T18:39:00.128900", "event": "message_added", "data": {"project_id": "2f02f076-455b-462e-9e9f-52fbf1c24831", "conversation_id": "edf3baa3-3a6d-414e-acb2-7cc0b8ffef9e", "message_id": "4302597c-640d-4e6f-967a-41592c039e64", "role": "user", "content": "Hello, world!", "metadata": {}}}
{"timestamp": "2026-06-21T18:39:00.153849", "event": "message_added", "data": {"project_id": "3d7c15f8-d25b-48b7-8edd-ceae9c44c7c5", "conversation_id": "4fcacd33-e476-4927-a591-522d857fdc8c", "message_id": "9d4f7a63-5651-4323-b6da-00c322fa8829", "role": "user", "content": "Message 1", "metadata": {}}}
{"timestamp": "2026-06-21T18:39:00.154428", "event": "message_added", "data": {"project_id": "3d7c15f8-d25b-48b7-8edd-ceae9c44c7c5", "conversation_id": "4fcacd33-e476-4927-a591-522d857fdc8c", "message_id": "92821633-0911-4728-901d-0d472b4ced37", "role": "assistant", "content": "Response 1", "metadata": {}}}
{"timestamp": "2026-06-21T18:39:00.184608", "event": "message_added", "data": {"project_id": "91296c21-d0bc-45f1-96c9-82539f005d33", "conversation_id": "31012382-a152-46a5-a83d-9c7303332797", "message_id": "27ee44a4-c774-4183-99f1-db43ffd9ec97", "role": "user", "content": "这是一个重要的消息，记住目标", "metadata": {}}}
{"timestamp": "2026-06-21T18:39:00.290315", "event": "message_added", "data": {"project_id": "000e00c3-cf93-498c-a63c-142c892b8443", "conversation_id": "1ae394ce-f6c1-4c1f-935e-6781a6862fa7", "message_id": "2558e7ae-d1a8-4e3b-b814-7209648c1a78", "role": "user", "content": "Hello", "metadata": {}}}
{"timestamp": "2026-06-21T18:39:00.299179", "event": "context_built", "data": {"project": "上下文测试"}}
{"timestamp": "2026-06-21T18:39:16.937044", "event": "message_added", "data": {"project_id": "17776b57-be39-4e04-95b7-1e3094b66e81", "conversation_id": "948c511e-7bc0-4901-921a-09b0f68580ed", "message_id": "2b0d1e22-8254-49a0-87f4-3b6481fcadc2", "role": "user", "content": "Hello, world!", "metadata": {}}}
{"timestamp": "2026-06-21T18:39:16.963866", "event": "message_added", "data": {"project_id": "f7ae9897-809c-49b5-bc8e-08083e2423d6", "conversation_id": "c7ae0098-38cc-49c1-9f6c-1612f91df3af", "message_id": "524791a3-548c-433a-95a9-93babf2dbbaf", "role": "user", "content": "Message 1", "metadata": {}}}
{"timestamp": "2026-06-21T18:39:16.965384", "event": "message_added", "data": {"project_id": "f7ae9897-809c-49b5-bc8e-08083e2423d6", "conversation_id": "c7ae0098-38cc-49c1-9f6c-1612f91df3af", "message_id": "dcb03c1f-9d0e-4d61-a86d-076c20e3a454", "role": "assistant", "content": "Response 1", "metadata": {}}}
{"timestamp": "2026-06-21T18:39:16.998098", "event": "message_added", "data": {"project_id": "7f932dcc-b84e-4685-8757-f8f8be700380", "conversation_id": "675e85df-41d1-4c18-a912-52132c3be69e", "message_id": "ffff2103-8da0-485c-9ea6-a59199611167", "role": "user", "content": "这是一个重要的消息，记住目标", "metadata": {}}}
{"timestamp": "2026-06-21T18:39:17.107873", "event": "message_added", "data": {"project_id": "b0c4121c-54cd-4f03-a711-9fc353c13416", "conversation_id": "a2d96974-b789-45db-9af0-4a5cc4c22158", "message_id": "81d0633d-731a-4291-a1c7-40429b2809ac", "role": "user", "content": "Hello", "metadata": {}}}
{"timestamp": "2026-06-21T18:39:17.116989", "event": "context_built", "data": {"project": "上下文测试"}}
{"timestamp": "2026-06-21T18:39:49.175357", "event": "message_added", "data": {"project_id": "777bcbb7-5866-4d53-abc0-30e75f4e94ed", "conversation_id": "cd8cffea-7e4d-4592-8878-1a8e9af97e80", "message_id": "a593a1ae-2f59-4f9a-8cbe-d8940af986a1", "role": "user", "content": "Hello, world!", "metadata": {}}}
{"timestamp": "2026-06-21T18:39:49.203796", "event": "message_added", "data": {"project_id": "a900a7ca-6abd-492d-8472-d565f33592ab", "conversation_id": "7bf4a1b6-9c23-4831-a5a9-4f3bee8a5d39", "message_id": "ed1312ba-cee0-4fcd-a7fd-f3e65fd5c3ff", "role": "user", "content": "Message 1", "metadata": {}}}
{"timestamp": "2026-06-21T18:39:49.205288", "event": "message_added", "data": {"project_id": "a900a7ca-6abd-492d-8472-d565f33592ab", "conversation_id": "7bf4a1b6-9c23-4831-a5a9-4f3bee8a5d39", "message_id": "93660a86-8405-495e-b5c4-804d55585c13", "role": "assistant", "content": "Response 1", "metadata": {}}}
{"timestamp": "2026-06-21T18:39:49.238658", "event": "message_added", "data": {"project_id": "51ad615a-2879-4ce9-99d9-1e5c1fc0228b", "conversation_id": "8cab1f89-6069-4208-a203-71caac23b686", "message_id": "ac86e43d-084a-4f48-8613-a77df8dad251", "role": "user", "content": "这是一个重要的消息，记住目标", "metadata": {}}}
{"timestamp": "2026-06-21T18:39:49.355400", "event": "message_added", "data": {"project_id": "493b4a4b-99eb-456e-96d5-8e0ba60baa11", "conversation_id": "40c51f10-8078-4f0c-bf0d-0da84a950056", "message_id": "a3aa29f0-4d48-4381-99c7-2353678a364c", "role": "user", "content": "Hello", "metadata": {}}}
{"timestamp": "2026-06-21T18:39:49.364321", "event": "context_built", "data": {"project": "上下文测试"}}
{"timestamp": "2026-06-21T18:41:40.887491", "event": "message_added", "data": {"project_id": "06e89c9a-e918-4088-9268-eda3b3e17606", "conversation_id": "e88645fc-b625-46b6-849e-a8bd2f45e3f9", "message_id": "0eb0ba7c-3ef0-40a4-bec7-ecfd9a30edb5", "role": "user", "content": "Hello, world!", "metadata": {}}}
{"timestamp": "2026-06-21T18:41:40.919940", "event": "message_added", "data": {"project_id": "1fed1862-dfbb-4dac-94ab-879a0c8ca9cc", "conversation_id": "db407a34-1365-4dff-a842-f3be0e4df2f7", "message_id": "b4ed5a32-4c39-4e1d-974b-6117cebecbca", "role": "user", "content": "Message 1", "metadata": {}}}
{"timestamp": "2026-06-21T18:41:40.921257", "event": "message_added", "data": {"project_id": "1fed1862-dfbb-4dac-94ab-879a0c8ca9cc", "conversation_id": "db407a34-1365-4dff-a842-f3be0e4df2f7", "message_id": "5d3772a1-9c67-4bda-b422-788282a6f8a2", "role": "assistant", "content": "Response 1", "metadata": {}}}
{"timestamp": "2026-06-21T18:41:40.961781", "event": "message_added", "data": {"project_id": "1ff03994-9503-4120-a0a0-4daf66593fdf", "conversation_id": "5ae0de9c-629e-4e25-84ea-c9bf48e1511f", "message_id": "967f3287-aefb-475a-88a0-bd6f3558afe8", "role": "user", "content": "这是一个重要的消息，记住目标", "metadata": {}}}
{"timestamp": "2026-06-21T18:41:41.092433", "event": "message_added", "data": {"project_id": "0adf9be9-287a-49b5-8c34-969b2b51575e", "conversation_id": "9fb272e1-73eb-43c6-88a8-f9e0a6047f7d", "message_id": "29dfcad6-57cc-433d-97df-3c891df6d333", "role": "user", "content": "Hello", "metadata": {}}}
{"timestamp": "2026-06-21T18:41:41.104226", "event": "context_built", "data": {"project": "上下文测试"}}
{"timestamp": "2026-06-21T18:42:51.152781", "event": "message_added", "data": {"project_id": "81f2ac45-9e7d-4c91-90c0-c268ab53415c", "conversation_id": "ef081b11-c565-4df1-83f7-f039215b7f9f", "message_id": "d1ad2daa-6567-46ca-8362-3ef50719d3d7", "role": "user", "content": "Hello, world!", "metadata": {}}}
{"timestamp": "2026-06-21T18:42:51.183184", "event": "message_added", "data": {"project_id": "10f55ee4-0375-4410-b1db-09ec8ed8d6af", "conversation_id": "75327c8c-721d-4efc-b603-58b1d6ffddde", "message_id": "510d4889-46e2-4052-b3b2-a5335672f57a", "role": "user", "content": "Message 1", "metadata": {}}}
{"timestamp": "2026-06-21T18:42:51.183668", "event": "message_added", "data": {"project_id": "10f55ee4-0375-4410-b1db-09ec8ed8d6af", "conversation_id": "75327c8c-721d-4efc-b603-58b1d6ffddde", "message_id": "da1fc359-cbb2-458d-9033-4d14f9e16a98", "role": "assistant", "content": "Response 1", "metadata": {}}}
{"timestamp": "2026-06-21T18:42:51.220146", "event": "message_added", "data": {"project_id": "fa5f2874-e693-4341-8ea8-9024a130a6f8", "conversation_id": "23d47847-869d-42fd-ac7f-60641b979030", "message_id": "8f7fbe46-da19-4077-9a08-a2ab1724d5df", "role": "user", "content": "这是一个重要的消息，记住目标", "metadata": {}}}
{"timestamp": "2026-06-21T18:42:51.316974", "event": "message_added", "data": {"project_id": "3dd4cf2f-ae04-4dd8-9738-6e6c7ec2be9b", "conversation_id": "ffcc559c-edd8-4127-b9fe-c20957340048", "message_id": "753c0827-8b52-4da7-ad06-b21dee09ec21", "role": "user", "content": "Hello", "metadata": {}}}
{"timestamp": "2026-06-21T18:42:51.326900", "event": "context_built", "data": {"project": "上下文测试"}}
{"timestamp": "2026-06-21T18:42:53.296884", "event": "message_added", "data": {"project_id": "645e1941-d702-4c02-bff9-45588bd0ce30", "conversation_id": "0a2ba184-0fa7-4be9-a7a5-5674fe2fcaca", "message_id": "c71e0c40-7a41-477d-abb9-fcabb864ce5e", "role": "user", "content": "Hello, world!", "metadata": {}}}
{"timestamp": "2026-06-21T18:42:53.325696", "event": "message_added", "data": {"project_id": "fe4c5f6d-2f3b-4924-829b-58599fdf78e9", "conversation_id": "0d4088e9-c86a-475c-a918-96207e03e898", "message_id": "39e607c0-29e0-44b5-8767-949cbc6ab963", "role": "user", "content": "Message 1", "metadata": {}}}
{"timestamp": "2026-06-21T18:42:53.326496", "event": "message_added", "data": {"project_id": "fe4c5f6d-2f3b-4924-829b-58599fdf78e9", "conversation_id": "0d4088e9-c86a-475c-a918-96207e03e898", "message_id": "34ed9168-77fa-4cff-abf1-253b862778a0", "role": "assistant", "content": "Response 1", "metadata": {}}}
{"timestamp": "2026-06-21T18:42:53.361719", "event": "message_added", "data": {"project_id": "f91f133e-8bef-4eb4-ad92-d90a9fddaf3e", "conversation_id": "fa1adf6e-9c70-4682-b542-5c5de176dcaf", "message_id": "e7b44711-1441-44d7-9381-72aff80dadbe", "role": "user", "content": "这是一个重要的消息，记住目标", "metadata": {}}}
{"timestamp": "2026-06-21T18:42:53.450080", "event": "message_added", "data": {"project_id": "ce58e4f8-f2cb-4d59-af3d-093eabfbd463", "conversation_id": "3afb5f5e-8b9b-4e4e-80cb-22329c30fc86", "message_id": "c211a268-dcfb-4ea1-84a7-5a3a335570fe", "role": "user", "content": "Hello", "metadata": {}}}
{"timestamp": "2026-06-21T18:42:53.459133", "event": "context_built", "data": {"project": "上下文测试"}}
{"timestamp": "2026-06-21T18:43:24.316535", "event": "message_added", "data": {"project_id": "1b43be5b-1142-42c5-bd7e-f7d4efdfddf9", "conversation_id": "cd9fc152-0384-4c87-8e8b-94b203d7b792", "message_id": "d0b1bb12-8fe5-4ac3-a61a-ed76d6da5ee6", "role": "user", "content": "Hello, world!", "metadata": {}}}
{"timestamp": "2026-06-21T18:43:24.347545", "event": "message_added", "data": {"project_id": "a5d10ab9-f7d5-4e81-8783-33ef7b48220d", "conversation_id": "fa0de6b4-970b-442b-ae57-d72c06c2370a", "message_id": "8e4081b5-8889-4976-b299-ccf3d56e6df8", "role": "user", "content": "Message 1", "metadata": {}}}
{"timestamp": "2026-06-21T18:43:24.348124", "event": "message_added", "data": {"project_id": "a5d10ab9-f7d5-4e81-8783-33ef7b48220d", "conversation_id": "fa0de6b4-970b-442b-ae57-d72c06c2370a", "message_id": "547942ea-3391-48c4-b525-77781c8c10de", "role": "assistant", "content": "Response 1", "metadata": {}}}
{"timestamp": "2026-06-21T18:43:24.384813", "event": "message_added", "data": {"project_id": "c1473f0d-b0ed-446f-954d-52fd76d288b2", "conversation_id": "287b72f1-84c6-49f2-bc57-99c2aabaca99", "message_id": "f0e5ecde-599f-4cc9-ad2e-e89c9b07459c", "role": "user", "content": "这是一个重要的消息，记住目标", "metadata": {}}}
{"timestamp": "2026-06-21T18:43:24.477076", "event": "message_added", "data": {"project_id": "a9689369-ce1a-4a9e-8430-a7ee7e777ec1", "conversation_id": "fe4db4f0-08e6-4447-8a21-68c78550eefe", "message_id": "02196dbd-1b5b-4fd5-83e1-3e4417351a15", "role": "user", "content": "Hello", "metadata": {}}}
{"timestamp": "2026-06-21T18:43:24.486542", "event": "context_built", "data": {"project": "上下文测试"}}
{"timestamp": "2026-06-21T18:43:51.330073", "event": "message_added", "data": {"project_id": "b668fc2c-b16a-4ebd-857e-e565f4bb6089", "conversation_id": "2b557365-cfff-4ae8-ade2-ff6d3025303f", "message_id": "0a6e106f-4ee5-430b-aa20-585f9e4d274b", "role": "user", "content": "Hello, world!", "metadata": {}}}
{"timestamp": "2026-06-21T18:43:51.360246", "event": "message_added", "data": {"project_id": "1c63b128-285b-4f9c-bfcf-67397ee70b85", "conversation_id": "ec615992-ab50-4bdd-8913-b7c4e07fa54d", "message_id": "36398a2d-fe73-48b6-a2d7-52ed95085eaf", "role": "user", "content": "Message 1", "metadata": {}}}
{"timestamp": "2026-06-21T18:43:51.361294", "event": "message_added", "data": {"project_id": "1c63b128-285b-4f9c-bfcf-67397ee70b85", "conversation_id": "ec615992-ab50-4bdd-8913-b7c4e07fa54d", "message_id": "754d3074-e852-49a1-9acb-a43a37105ebe", "role": "assistant", "content": "Response 1", "metadata": {}}}
{"timestamp": "2026-06-21T18:43:51.399419", "event": "message_added", "data": {"project_id": "1086b890-bebd-4d97-880f-187f661cb616", "conversation_id": "cadd30c9-9851-4088-8487-d503fdb6a379", "message_id": "5be5ddda-e453-4c2d-af6b-7b4ccd9e6915", "role": "user", "content": "这是一个重要的消息，记住目标", "metadata": {}}}
{"timestamp": "2026-06-21T18:43:51.493359", "event": "message_added", "data": {"project_id": "6df061e2-a7ed-4329-aae0-564874a01667", "conversation_id": "ef128390-f94a-44e4-be79-f34e949000ac", "message_id": "716e912e-ba48-44b3-adda-604729bcf6c9", "role": "user", "content": "Hello", "metadata": {}}}
{"timestamp": "2026-06-21T18:43:51.503278", "event": "context_built", "data": {"project": "上下文测试"}}
{"timestamp": "2026-06-21T18:44:19.361012", "event": "message_added", "data": {"project_id": "72a6cee5-be7c-47fd-8173-8704e3676da4", "conversation_id": "241a032e-4f1e-42ff-b569-eb2477672bf2", "message_id": "3cd2c37c-f29b-4d9f-b402-e381f296a6a6", "role": "user", "content": "Hello, world!", "metadata": {}}}
{"timestamp": "2026-06-21T18:44:19.395583", "event": "message_added", "data": {"project_id": "af6c5fd2-da51-4b22-ac10-873a554d7d00", "conversation_id": "b343c64d-b68a-45dd-82c8-dcdf1a6cc775", "message_id": "bd766944-7b0d-4437-919e-a795db8c88ca", "role": "user", "content": "Message 1", "metadata": {}}}
{"timestamp": "2026-06-21T18:44:19.396631", "event": "message_added", "data": {"project_id": "af6c5fd2-da51-4b22-ac10-873a554d7d00", "conversation_id": "b343c64d-b68a-45dd-82c8-dcdf1a6cc775", "message_id": "8ab2bd84-f543-4c4b-8b06-9f06a53c7bf7", "role": "assistant", "content": "Response 1", "metadata": {}}}
{"timestamp": "2026-06-21T18:44:19.439472", "event": "message_added", "data": {"project_id": "cdd44486-a558-4e46-9988-8ac450f45ebe", "conversation_id": "1a08f986-0366-49f6-af01-68854cb33195", "message_id": "831c4e31-c41e-4e22-9a63-537291a5718b", "role": "user", "content": "这是一个重要的消息，记住目标", "metadata": {}}}
{"timestamp": "2026-06-21T18:44:19.546051", "event": "message_added", "data": {"project_id": "601ac044-b51d-4f24-94b7-0a2f6b7f91ec", "conversation_id": "c38f3625-4a5a-459f-8cd6-aa609b0c9c55", "message_id": "d8c83b23-b6dc-4696-89cc-8d08e2ebd8ca", "role": "user", "content": "Hello", "metadata": {}}}
{"timestamp": "2026-06-21T18:44:19.558575", "event": "context_built", "data": {"project": "上下文测试"}}
{"timestamp": "2026-06-21T18:44:52.286616", "event": "message_added", "data": {"project_id": "4eb4d0dd-050c-4ea2-ac30-654757c80326", "conversation_id": "4f36fe0b-fb1d-4328-bc70-ea380128f0f9", "message_id": "2a612eb4-431d-409f-a0a4-317e68f352a5", "role": "user", "content": "Hello, world!", "metadata": {}}}
{"timestamp": "2026-06-21T18:44:52.329906", "event": "message_added", "data": {"project_id": "d6b7802a-bba1-4b5e-b35b-d930ba279d3f", "conversation_id": "41a7fd9b-441e-400d-871b-385793e81289", "message_id": "d1465948-6719-491c-9423-4eaaff60d78c", "role": "user", "content": "Message 1", "metadata": {}}}
{"timestamp": "2026-06-21T18:44:52.330541", "event": "message_added", "data": {"project_id": "d6b7802a-bba1-4b5e-b35b-d930ba279d3f", "conversation_id": "41a7fd9b-441e-400d-871b-385793e81289", "message_id": "880210c2-0f42-4640-aaec-c7051814ec12", "role": "assistant", "content": "Response 1", "metadata": {}}}
{"timestamp": "2026-06-21T18:44:52.384035", "event": "message_added", "data": {"project_id": "c943c810-0dff-467f-bf08-781ee2608eab", "conversation_id": "ddce581e-12a6-404e-9f2f-e1aa4f823e2f", "message_id": "302986d4-8a40-4750-901a-47a84c39c2cc", "role": "user", "content": "这是一个重要的消息，记住目标", "metadata": {}}}
{"timestamp": "2026-06-21T18:44:52.504693", "event": "message_added", "data": {"project_id": "38bc2b9a-bec1-4a4e-9e33-52db8c4a54b5", "conversation_id": "29121f36-dd2b-482f-bed7-b8543e3a38e7", "message_id": "31eb72c8-ae82-4910-bf8d-b3bb37ca4abf", "role": "user", "content": "Hello", "metadata": {}}}
{"timestamp": "2026-06-21T18:44:52.517791", "event": "context_built", "data": {"project": "上下文测试"}}
{"timestamp": "2026-06-21T18:45:28.137188", "event": "message_added", "data": {"project_id": "3b3e167a-96b5-4084-aed5-07bae13fac8d", "conversation_id": "1b5128ef-da59-410d-b0b2-2a6699b69641", "message_id": "c7665f39-1305-4eb7-bbbc-7c600fa3b19a", "role": "user", "content": "Hello, world!", "metadata": {}}}
{"timestamp": "2026-06-21T18:45:28.170343", "event": "message_added", "data": {"project_id": "7edb45f1-347d-4e88-b09f-a24fcf8e0fa2", "conversation_id": "35671007-4028-42a0-be6d-d4c9ebb48405", "message_id": "830a7e79-65f0-4eab-8281-fa1b9ed60ff9", "role": "user", "content": "Message 1", "metadata": {}}}
{"timestamp": "2026-06-21T18:45:28.171067", "event": "message_added", "data": {"project_id": "7edb45f1-347d-4e88-b09f-a24fcf8e0fa2", "conversation_id": "35671007-4028-42a0-be6d-d4c9ebb48405", "message_id": "c460214a-3da3-4bfd-95a6-3885216ecffc", "role": "assistant", "content": "Response 1", "metadata": {}}}
{"timestamp": "2026-06-21T18:45:28.212770", "event": "message_added", "data": {"project_id": "fdd325b4-2548-4f7a-88d8-c0f548ad0e8c", "conversation_id": "dca165d9-1df1-4617-bcb8-bd90dcc79fe1", "message_id": "5da45d0f-997f-4646-9c2f-542041614393", "role": "user", "content": "这是一个重要的消息，记住目标", "metadata": {}}}
{"timestamp": "2026-06-21T18:45:28.346162", "event": "message_added", "data": {"project_id": "a1320192-772c-4ff8-b292-fe38575ea923", "conversation_id": "88e42aa3-2877-4f6c-9815-1e660b870bae", "message_id": "399f6545-262f-47ea-9284-8ae28724acc2", "role": "user", "content": "Hello", "metadata": {}}}
{"timestamp": "2026-06-21T18:45:28.357273", "event": "context_built", "data": {"project": "上下文测试"}}
{"timestamp": "2026-06-21T18:45:59.374011", "event": "message_added", "data": {"project_id": "bbf5672c-20e4-4d43-8337-792072ca9d53", "conversation_id": "8cc190e7-9858-4ff3-a713-1d28ad6247cc", "message_id": "b5d1ceaf-a1fe-412c-af94-b6de9814201e", "role": "user", "content": "Hello, world!", "metadata": {}}}
{"timestamp": "2026-06-21T18:45:59.409780", "event": "message_added", "data": {"project_id": "78e5156d-88ea-4d7c-922e-78f81e25c7da", "conversation_id": "150ee98a-cc05-4b2a-92c6-8cd20b4e5b24", "message_id": "d6f06b4d-575c-4386-bc03-a294339becc8", "role": "user", "content": "Message 1", "metadata": {}}}
{"timestamp": "2026-06-21T18:45:59.410277", "event": "message_added", "data": {"project_id": "78e5156d-88ea-4d7c-922e-78f81e25c7da", "conversation_id": "150ee98a-cc05-4b2a-92c6-8cd20b4e5b24", "message_id": "5e8873c6-333a-4d24-8e70-4dcfaffd6563", "role": "assistant", "content": "Response 1", "metadata": {}}}
{"timestamp": "2026-06-21T18:45:59.452354", "event": "message_added", "data": {"project_id": "45577d04-54d8-47d0-8a38-14420830f283", "conversation_id": "5bba3fca-5b4b-4b71-a379-108b6b480b5f", "message_id": "df0a5d44-5d06-431b-8f1b-28231e3ef183", "role": "user", "content": "这是一个重要的消息，记住目标", "metadata": {}}}
{"timestamp": "2026-06-21T18:45:59.596228", "event": "message_added", "data": {"project_id": "6413f486-4592-4e7c-bbf1-b39ee3b217dd", "conversation_id": "a1710e25-9e3d-4bce-9dba-fe2c563ae45d", "message_id": "be4ee265-8ee1-4aa7-8022-cc9d7cd5ab04", "role": "user", "content": "Hello", "metadata": {}}}
{"timestamp": "2026-06-21T18:45:59.608213", "event": "context_built", "data": {"project": "上下文测试"}}
{"timestamp": "2026-06-21T18:46:47.727534", "event": "message_added", "data": {"project_id": "22ea8353-48f6-44b1-b86a-e86cf775fd3f", "conversation_id": "4f6641a9-70d6-41c3-8432-3072cf667a6b", "message_id": "1ccbf1ef-114c-42aa-8c71-0ebdd6b6c411", "role": "user", "content": "Hello, world!", "metadata": {}}}
{"timestamp": "2026-06-21T18:46:47.771308", "event": "message_added", "data": {"project_id": "e4f76fe9-3b8f-4e17-b33e-7e9eae725d0e", "conversation_id": "7a067e50-f468-44ce-ae18-ad4c2264e5e6", "message_id": "fe388f80-017b-4c3d-b5ea-99be7c59863f", "role": "user", "content": "Message 1", "metadata": {}}}
{"timestamp": "2026-06-21T18:46:47.772599", "event": "message_added", "data": {"project_id": "e4f76fe9-3b8f-4e17-b33e-7e9eae725d0e", "conversation_id": "7a067e50-f468-44ce-ae18-ad4c2264e5e6", "message_id": "60333b45-37d9-4e0a-8d5b-39a001685fed", "role": "assistant", "content": "Response 1", "metadata": {}}}
{"timestamp": "2026-06-21T18:46:47.820141", "event": "message_added", "data": {"project_id": "a8fa4a29-8655-4dce-851a-72ccc4e89e2b", "conversation_id": "ae1859a6-7471-437b-8485-4c04f67f9222", "message_id": "63adbafe-1b00-4d5b-bd97-81af1879b90a", "role": "user", "content": "这是一个重要的消息，记住目标", "metadata": {}}}
{"timestamp": "2026-06-21T18:46:47.973703", "event": "message_added", "data": {"project_id": "4eade68c-e5cf-43fb-b22c-e828088db2e0", "conversation_id": "a5f78120-59e6-4fc2-a613-0f7db7c5ce24", "message_id": "ce74a6b8-772f-4f36-b2d2-45ddd9fe8b5b", "role": "user", "content": "Hello", "metadata": {}}}
{"timestamp": "2026-06-21T18:46:47.987097", "event": "context_built", "data": {"project": "上下文测试"}}
{"timestamp": "2026-06-21T18:49:00.102381", "event": "message_added", "data": {"project_id": "d28664cf-aed9-440d-8708-dc900ef8047a", "conversation_id": "67155484-914e-45f4-a198-45750433da49", "message_id": "431a4183-7dac-43d2-ace0-c9e9d7f7459e", "role": "user", "content": "Hello, world!", "metadata": {}}}
{"timestamp": "2026-06-21T18:49:00.149082", "event": "message_added", "data": {"project_id": "8624cf2e-fb6a-4dfa-8861-6991756566e3", "conversation_id": "49b3c99a-77d4-4912-835d-def1bc80fbd8", "message_id": "8c329946-5106-4892-9994-94ed5c5ad863", "role": "user", "content": "Message 1", "metadata": {}}}
{"timestamp": "2026-06-21T18:49:00.150783", "event": "message_added", "data": {"project_id": "8624cf2e-fb6a-4dfa-8861-6991756566e3", "conversation_id": "49b3c99a-77d4-4912-835d-def1bc80fbd8", "message_id": "4a73526a-6c31-4cc2-b87d-a2059d16c786", "role": "assistant", "content": "Response 1", "metadata": {}}}
{"timestamp": "2026-06-21T18:49:00.202657", "event": "message_added", "data": {"project_id": "24eaac92-5f1c-4c50-97ba-d6f096dfd570", "conversation_id": "7b99a6ca-1cd2-4d91-b70a-31c37391e82e", "message_id": "6ce900b0-4dd7-469a-ad31-637c6ae6a1e6", "role": "user", "content": "这是一个重要的消息，记住目标", "metadata": {}}}
{"timestamp": "2026-06-21T18:49:00.352949", "event": "message_added", "data": {"project_id": "7d9ed45d-1587-4d27-8e0f-9724d576477c", "conversation_id": "d5fd98ea-ba2b-4a12-b178-460c11b15fe4", "message_id": "7bd3a292-d0a9-406c-94a0-99afba1baf3d", "role": "user", "content": "Hello", "metadata": {}}}
{"timestamp": "2026-06-21T18:49:00.366766", "event": "context_built", "data": {"project": "上下文测试"}}
{"timestamp": "2026-06-21T18:49:24.880921", "event": "message_added", "data": {"project_id": "3a3bba4e-905d-4214-a636-aad89c5e0c3b", "conversation_id": "11dd3610-b587-4fd3-8dba-be1e921a53ab", "message_id": "a62e2c47-6dd0-4108-a2ba-c7fded94696e", "role": "user", "content": "Hello, world!", "metadata": {}}}
{"timestamp": "2026-06-21T18:49:24.919379", "event": "message_added", "data": {"project_id": "ba87c575-ce84-4553-85b9-e7b29d0d0cf0", "conversation_id": "0eade04f-343c-46e5-a3f0-d48798789199", "message_id": "c4ba782c-14a7-4e7f-a232-4afd2834e5b0", "role": "user", "content": "Message 1", "metadata": {}}}
{"timestamp": "2026-06-21T18:49:24.920466", "event": "message_added", "data": {"project_id": "ba87c575-ce84-4553-85b9-e7b29d0d0cf0", "conversation_id": "0eade04f-343c-46e5-a3f0-d48798789199", "message_id": "584817b5-fc47-4203-a8cb-0addcdff8fcd", "role": "assistant", "content": "Response 1", "metadata": {}}}
{"timestamp": "2026-06-21T18:49:24.967474", "event": "message_added", "data": {"project_id": "918dace0-d77e-45be-b257-52b0a06fb41f", "conversation_id": "2199996c-822a-4773-9b5d-043ad8e28676", "message_id": "be704048-898f-4bba-bb2f-42b83a8d9a6a", "role": "user", "content": "这是一个重要的消息，记住目标", "metadata": {}}}
{"timestamp": "2026-06-21T18:49:25.116530", "event": "message_added", "data": {"project_id": "25b1b23b-5eb3-472e-aa8f-932e390c263e", "conversation_id": "970bef4e-bc3a-44e2-9538-e74d01974915", "message_id": "ab0292f3-3fee-4480-9f7b-44ff6db25e9e", "role": "user", "content": "Hello", "metadata": {}}}
{"timestamp": "2026-06-21T18:49:25.130092", "event": "context_built", "data": {"project": "上下文测试"}}
{"timestamp": "2026-06-21T18:49:32.925670", "event": "message_added", "data": {"project_id": "5e74a305-0a75-4ace-8017-fbe3fcfa42d1", "conversation_id": "e9f833b5-498b-4fef-a2f7-9ae5487aca0a", "message_id": "55757ab3-d241-40ad-922c-f01ffe867ea3", "role": "user", "content": "Hello, world!", "metadata": {}}}
{"timestamp": "2026-06-21T18:49:32.965714", "event": "message_added", "data": {"project_id": "ffd5fe79-229a-497e-abdc-a12856180994", "conversation_id": "d05499b1-7abf-43ae-bdde-d46e7277e3ee", "message_id": "13fbd6ce-045b-4253-8e1d-ccd9ff8a711e", "role": "user", "content": "Message 1", "metadata": {}}}
{"timestamp": "2026-06-21T18:49:32.966238", "event": "message_added", "data": {"project_id": "ffd5fe79-229a-497e-abdc-a12856180994", "conversation_id": "d05499b1-7abf-43ae-bdde-d46e7277e3ee", "message_id": "39d90252-e8ca-4fc0-8486-5c6c8ddba299", "role": "assistant", "content": "Response 1", "metadata": {}}}
{"timestamp": "2026-06-21T18:49:33.015452", "event": "message_added", "data": {"project_id": "34b3fa1d-90c1-49a9-8e54-0ebbaeecc5a9", "conversation_id": "c28f42a0-50ce-4c78-a199-743d83ecfbae", "message_id": "c90f13b1-6ce7-4857-b864-7e476ab1ed66", "role": "user", "content": "这是一个重要的消息，记住目标", "metadata": {}}}
{"timestamp": "2026-06-21T18:49:33.174401", "event": "message_added", "data": {"project_id": "40a953c1-12cd-430d-84fe-1027c8a0747b", "conversation_id": "2f53337e-4eb2-4b15-94d8-33056d4276cd", "message_id": "a77ad89b-8b36-4f55-bffc-8559189af44b", "role": "user", "content": "Hello", "metadata": {}}}
{"timestamp": "2026-06-21T18:49:33.188540", "event": "context_built", "data": {"project": "上下文测试"}}
{"timestamp": "2026-06-21T18:50:08.723355", "event": "message_added", "data": {"project_id": "e4ec1d38-5b5c-42d7-9042-d221824d0af9", "conversation_id": "bf3463d2-f54a-4fab-b952-bf6b795a4286", "message_id": "bd100e2c-68d3-4a70-a85f-5d2ddf2f0d5f", "role": "user", "content": "Hello, world!", "metadata": {}}}
{"timestamp": "2026-06-21T18:50:08.763000", "event": "message_added", "data": {"project_id": "11abfb21-8d90-4c02-b45b-cc797389d817", "conversation_id": "18ce5e2e-1bba-459c-b8da-3504c395d6eb", "message_id": "91a495be-db72-4bd0-b555-81895b238622", "role": "user", "content": "Message 1", "metadata": {}}}
{"timestamp": "2026-06-21T18:50:08.764108", "event": "message_added", "data": {"project_id": "11abfb21-8d90-4c02-b45b-cc797389d817", "conversation_id": "18ce5e2e-1bba-459c-b8da-3504c395d6eb", "message_id": "d19b47db-4a07-48b6-b541-e15265750afc", "role": "assistant", "content": "Response 1", "metadata": {}}}
{"timestamp": "2026-06-21T18:50:08.812809", "event": "message_added", "data": {"project_id": "aa745e93-d9e4-4999-9fbd-2fb1b8c17e6f", "conversation_id": "e9d0880c-4252-4e9a-a98f-b0349fe84276", "message_id": "368fdd4c-ec4e-4980-b591-66ec347bec65", "role": "user", "content": "这是一个重要的消息，记住目标", "metadata": {}}}
{"timestamp": "2026-06-21T18:50:08.972940", "event": "message_added", "data": {"project_id": "f22edc54-ab3e-4df0-82b7-c368ba6049e5", "conversation_id": "1acd2e8b-e7f7-431a-b866-25da586f2665", "message_id": "6b108f7b-c9ca-47e2-9472-e36d394bd05a", "role": "user", "content": "Hello", "metadata": {}}}
{"timestamp": "2026-06-21T18:50:08.987055", "event": "context_built", "data": {"project": "上下文测试"}}
{"timestamp": "2026-06-21T18:50:44.755649", "event": "message_added", "data": {"project_id": "1728f153-fcf9-496b-8e39-fffd39bd6cc1", "conversation_id": "77249661-0b45-4197-afe3-cbd9c9deb89a", "message_id": "dfc4ff58-050e-4e25-8d91-b2ce78ced227", "role": "user", "content": "Hello, world!", "metadata": {}}}
{"timestamp": "2026-06-21T18:50:44.802706", "event": "message_added", "data": {"project_id": "3156d111-f777-4a4e-b01d-65d082bfb73e", "conversation_id": "a61599bd-28ff-4b13-9e96-40eff7391773", "message_id": "5d080bd3-7fcb-4cd6-a115-240d982a6258", "role": "user", "content": "Message 1", "metadata": {}}}
{"timestamp": "2026-06-21T18:50:44.803879", "event": "message_added", "data": {"project_id": "3156d111-f777-4a4e-b01d-65d082bfb73e", "conversation_id": "a61599bd-28ff-4b13-9e96-40eff7391773", "message_id": "ad5fdaff-66a9-4849-be06-faaf52891182", "role": "assistant", "content": "Response 1", "metadata": {}}}
{"timestamp": "2026-06-21T18:50:44.856274", "event": "message_added", "data": {"project_id": "4656d0a0-557f-450c-9acf-a24d10d8a497", "conversation_id": "6ae2a4e6-83b8-4a0a-b630-ec0d758a11c1", "message_id": "fb3d2142-942c-411a-b990-0797dce496c5", "role": "user", "content": "这是一个重要的消息，记住目标", "metadata": {}}}
{"timestamp": "2026-06-21T18:50:45.028899", "event": "message_added", "data": {"project_id": "6ecd0498-3a78-44e5-b971-dfcc0469a8e0", "conversation_id": "e0dea3bc-c02c-43c4-9131-dae3776eedf3", "message_id": "fdda305d-c654-4778-9862-43a64a161d58", "role": "user", "content": "Hello", "metadata": {}}}
{"timestamp": "2026-06-21T18:50:45.043903", "event": "context_built", "data": {"project": "上下文测试"}}
{"timestamp": "2026-06-21T18:51:13.334865", "event": "message_added", "data": {"project_id": "0edefb15-cc13-49bd-88d9-82b7d7e63804", "conversation_id": "115edcbf-c8f5-4004-a7fb-8a94cab4928d", "message_id": "0e8918ee-9e31-45a4-9d65-e1f50dff9045", "role": "user", "content": "Hello, world!", "metadata": {}}}
{"timestamp": "2026-06-21T18:51:13.384452", "event": "message_added", "data": {"project_id": "64be3643-4e97-4db3-9cc1-cd7b4b530f98", "conversation_id": "640ab364-eee4-4bc9-8330-5004cb8a6e60", "message_id": "149e382c-867a-435c-a61b-0ece38d4314e", "role": "user", "content": "Message 1", "metadata": {}}}
{"timestamp": "2026-06-21T18:51:13.384988", "event": "message_added", "data": {"project_id": "64be3643-4e97-4db3-9cc1-cd7b4b530f98", "conversation_id": "640ab364-eee4-4bc9-8330-5004cb8a6e60", "message_id": "6daa8c96-5a0c-431d-8d09-2721c550d177", "role": "assistant", "content": "Response 1", "metadata": {}}}
{"timestamp": "2026-06-21T18:51:13.447067", "event": "message_added", "data": {"project_id": "2b5abe49-f022-4dd3-a48a-f56ab5076458", "conversation_id": "60c807fc-0b4f-402d-b0d5-a98e330fcbf8", "message_id": "f89db29b-ccab-471c-b5c8-f8bccee6274f", "role": "user", "content": "这是一个重要的消息，记住目标", "metadata": {}}}
{"timestamp": "2026-06-21T18:51:13.635595", "event": "message_added", "data": {"project_id": "7dc13aea-2581-4174-b732-7553bb846daa", "conversation_id": "e71206ff-f35b-4332-ab3c-f216c6320dfc", "message_id": "bf388601-ae30-4fa6-94ed-69941d38029a", "role": "user", "content": "Hello", "metadata": {}}}
{"timestamp": "2026-06-21T18:51:13.654772", "event": "context_built", "data": {"project": "上下文测试"}}
{"timestamp": "2026-06-21T18:51:45.563383", "event": "message_added", "data": {"project_id": "b9f7b116-d2a6-4512-a7d3-f1b1ce03982a", "conversation_id": "71c50794-614c-406b-ab79-e9b4832e9fb3", "message_id": "06677874-59fa-4ac1-b617-3481dac92d18", "role": "user", "content": "Hello, world!", "metadata": {}}}
{"timestamp": "2026-06-21T18:51:45.606546", "event": "message_added", "data": {"project_id": "2bac8908-e79c-4649-bfcc-12e427c82264", "conversation_id": "8565bc9c-4037-421e-8934-90bef95a899a", "message_id": "ef1b1ad5-42cf-4298-b910-06dd2810494e", "role": "user", "content": "Message 1", "metadata": {}}}
{"timestamp": "2026-06-21T18:51:45.607295", "event": "message_added", "data": {"project_id": "2bac8908-e79c-4649-bfcc-12e427c82264", "conversation_id": "8565bc9c-4037-421e-8934-90bef95a899a", "message_id": "d96a6170-0155-44ee-b29a-8e4b85ec4a6c", "role": "assistant", "content": "Response 1", "metadata": {}}}
{"timestamp": "2026-06-21T18:51:45.688999", "event": "message_added", "data": {"project_id": "0952f355-2bd5-4696-8191-15b5502e8663", "conversation_id": "09b4f1d5-1d0a-453d-9742-1399038aaff5", "message_id": "d2fe1310-1a72-4fb9-866e-27779e008a21", "role": "user", "content": "这是一个重要的消息，记住目标", "metadata": {}}}
{"timestamp": "2026-06-21T18:51:45.820081", "event": "message_added", "data": {"project_id": "c2afc4ca-3635-418d-83f1-78b09c065999", "conversation_id": "d3380783-468a-4932-826f-2db939cdfffc", "message_id": "4b9f9f45-f1c8-477b-b294-ec4636082b74", "role": "user", "content": "Hello", "metadata": {}}}
{"timestamp": "2026-06-21T18:51:45.835262", "event": "context_built", "data": {"project": "上下文测试"}}
{"timestamp": "2026-06-21T18:52:21.862141", "event": "message_added", "data": {"project_id": "9438df68-4aa5-4db3-a0ae-1fb05998e459", "conversation_id": "ff7475a9-7266-4fa8-9062-5ae70c7482ee", "message_id": "5014cc8c-ae0e-4035-9133-c1a6c067a2b4", "role": "user", "content": "Hello, world!", "metadata": {}}}
{"timestamp": "2026-06-21T18:52:21.911376", "event": "message_added", "data": {"project_id": "9508ef2f-b847-4e75-b2dd-8240bd2d13a1", "conversation_id": "e5f7ad15-c64b-4db3-a9a0-f6a2f135cc5a", "message_id": "7a1e95fd-133d-499c-95df-35a753d24170", "role": "user", "content": "Message 1", "metadata": {}}}
{"timestamp": "2026-06-21T18:52:21.912538", "event": "message_added", "data": {"project_id": "9508ef2f-b847-4e75-b2dd-8240bd2d13a1", "conversation_id": "e5f7ad15-c64b-4db3-a9a0-f6a2f135cc5a", "message_id": "e65dc586-2fa2-4f74-811c-9b66e542c07c", "role": "assistant", "content": "Response 1", "metadata": {}}}
{"timestamp": "2026-06-21T18:52:22.007092", "event": "message_added", "data": {"project_id": "06187f67-6fdd-4650-931f-07d27a865c75", "conversation_id": "ba4ee295-25b4-4e32-bea0-e9466e2a09ec", "message_id": "ae3e1cba-ec8e-4cf2-b973-26b47f56e600", "role": "user", "content": "这是一个重要的消息，记住目标", "metadata": {}}}
{"timestamp": "2026-06-21T18:52:22.176352", "event": "message_added", "data": {"project_id": "05e189a6-cf5b-4120-acc9-f697e2cc1c32", "conversation_id": "eccbc713-4c1b-4473-b7ad-4c20c6147d49", "message_id": "45a7e228-d51a-4e83-b5d5-8b18a607202d", "role": "user", "content": "Hello", "metadata": {}}}
{"timestamp": "2026-06-21T18:52:22.191281", "event": "context_built", "data": {"project": "上下文测试"}}
{"timestamp": "2026-06-21T18:52:51.248417", "event": "message_added", "data": {"project_id": "7dbbef30-9d6e-44c6-9422-e83773cd6793", "conversation_id": "991085f6-4449-4586-b0d2-5f0703bfd7ad", "message_id": "03808534-2ecd-408a-bf40-037c9ff7a8f0", "role": "user", "content": "Hello, world!", "metadata": {}}}
{"timestamp": "2026-06-21T18:52:51.298548", "event": "message_added", "data": {"project_id": "0309aa5f-c5a2-40c3-b8b8-3e6ef556dc58", "conversation_id": "b64fa278-909f-4d59-bb09-9efd2ba33b82", "message_id": "ca7365af-f666-4cdd-a407-86ada4606c77", "role": "user", "content": "Message 1", "metadata": {}}}
{"timestamp": "2026-06-21T18:52:51.299590", "event": "message_added", "data": {"project_id": "0309aa5f-c5a2-40c3-b8b8-3e6ef556dc58", "conversation_id": "b64fa278-909f-4d59-bb09-9efd2ba33b82", "message_id": "48551c3e-7828-4503-a8bd-f32ccf72ab88", "role": "assistant", "content": "Response 1", "metadata": {}}}
{"timestamp": "2026-06-21T18:52:51.385368", "event": "message_added", "data": {"project_id": "f7cb9eb4-29b9-4a2e-ac24-cdd8e0a17c04", "conversation_id": "c5ce2bd0-381c-444e-b07b-d8fde005ef7a", "message_id": "25f83dbc-57d3-4740-8196-26d27d1c6fb8", "role": "user", "content": "这是一个重要的消息，记住目标", "metadata": {}}}
{"timestamp": "2026-06-21T18:52:51.515952", "event": "message_added", "data": {"project_id": "e05b7189-6fc4-44b9-9747-32d273e8cd6d", "conversation_id": "e6e59a67-274d-4500-8b1b-9c8a74489b11", "message_id": "e36d128d-8a3b-4b99-8ae3-e5b194a1b84a", "role": "user", "content": "Hello", "metadata": {}}}
{"timestamp": "2026-06-21T18:52:51.530559", "event": "context_built", "data": {"project": "上下文测试"}}
{"timestamp": "2026-06-21T18:54:12.584277", "event": "message_added", "data": {"project_id": "1ea7da91-0430-490a-8b3a-99ff7fe539f2", "conversation_id": "bac7329d-0a15-47c8-a3e1-ae206db7f1db", "message_id": "7dfdb5a4-0873-4e75-a2c2-99c20d3381ae", "role": "user", "content": "Hello, world!", "metadata": {}}}
{"timestamp": "2026-06-21T18:54:12.628458", "event": "message_added", "data": {"project_id": "d28c3fa6-f63b-4f23-9b0c-7b4911509bf1", "conversation_id": "63f74fa7-b5ac-42d8-b55d-78d5d0ecb9dd", "message_id": "541e429c-e834-43b4-8042-6544da25aaf7", "role": "user", "content": "Message 1", "metadata": {}}}
{"timestamp": "2026-06-21T18:54:12.629106", "event": "message_added", "data": {"project_id": "d28c3fa6-f63b-4f23-9b0c-7b4911509bf1", "conversation_id": "63f74fa7-b5ac-42d8-b55d-78d5d0ecb9dd", "message_id": "42a9bab3-b797-459a-a2d8-03e6766e7d3c", "role": "assistant", "content": "Response 1", "metadata": {}}}
{"timestamp": "2026-06-21T18:54:12.714423", "event": "message_added", "data": {"project_id": "8f72e109-e389-4ce1-b4a5-5f0d9a34f4c8", "conversation_id": "e6edea5c-a80a-4f52-bfcb-542d9655f271", "message_id": "88ca37a9-a04c-4409-a322-0f87eaf80505", "role": "user", "content": "这是一个重要的消息，记住目标", "metadata": {}}}
{"timestamp": "2026-06-21T18:54:12.854139", "event": "message_added", "data": {"project_id": "b4d7c247-5a48-47bf-8ce1-fb001f3caf0f", "conversation_id": "e8148d91-1c53-47c1-9736-13077bbec1d4", "message_id": "aa523d75-06dc-46d6-a957-17e2dc269e3b", "role": "user", "content": "Hello", "metadata": {}}}
{"timestamp": "2026-06-21T18:54:12.869772", "event": "context_built", "data": {"project": "上下文测试"}}
{"timestamp": "2026-06-21T18:54:40.988671", "event": "message_added", "data": {"project_id": "d72836a6-38dd-47d2-94c2-cfa22d3f6131", "conversation_id": "4efacc77-3be0-4a16-bc28-61535914d9b7", "message_id": "350aeaaa-ed43-4620-9eee-ebe7a511214b", "role": "user", "content": "Hello, world!", "metadata": {}}}
{"timestamp": "2026-06-21T18:54:41.031658", "event": "message_added", "data": {"project_id": "11370ef2-c212-43b2-a03c-9a6f09453dd0", "conversation_id": "55e70208-b570-4bab-994c-4c965bd19412", "message_id": "558f719b-da1a-4468-bf8a-cefa1eb59c8a", "role": "user", "content": "Message 1", "metadata": {}}}
{"timestamp": "2026-06-21T18:54:41.032379", "event": "message_added", "data": {"project_id": "11370ef2-c212-43b2-a03c-9a6f09453dd0", "conversation_id": "55e70208-b570-4bab-994c-4c965bd19412", "message_id": "3057e0f9-c50a-4d10-b7b8-fa98670f575f", "role": "assistant", "content": "Response 1", "metadata": {}}}
{"timestamp": "2026-06-21T18:54:41.111738", "event": "message_added", "data": {"project_id": "7a71a8c1-32f2-4372-af1d-200ad8ac28b3", "conversation_id": "e0087855-f468-41dc-a9be-0001410416b9", "message_id": "4e4baaa5-8c5e-4467-8238-1b3c17d8b43b", "role": "user", "content": "这是一个重要的消息，记住目标", "metadata": {}}}
{"timestamp": "2026-06-21T18:54:41.247124", "event": "message_added", "data": {"project_id": "122a87ef-4f0b-47d6-acbf-558f88e80eed", "conversation_id": "0fce772a-8726-4300-acd1-794642e00b53", "message_id": "8f4b69c5-7a53-460e-9319-9fd65ec01467", "role": "user", "content": "Hello", "metadata": {}}}
{"timestamp": "2026-06-21T18:54:41.262431", "event": "context_built", "data": {"project": "上下文测试"}}
{"timestamp": "2026-06-21T18:55:08.864213", "event": "message_added", "data": {"project_id": "d252b087-396f-4b3b-96c0-86086602c0b7", "conversation_id": "8dfbfab8-8080-486d-94b2-ba465a1fbdf4", "message_id": "bb991331-de24-4d8d-959d-425decd75e22", "role": "user", "content": "Hello, world!", "metadata": {}}}
{"timestamp": "2026-06-21T18:55:08.905072", "event": "message_added", "data": {"project_id": "b4b6c86e-8806-4f66-a180-6f9bc71e1c2b", "conversation_id": "709686fc-b1d4-4df2-a368-ca53cf0c919c", "message_id": "6aca4513-0478-4b3e-ac7b-1c35681ad812", "role": "user", "content": "Message 1", "metadata": {}}}
{"timestamp": "2026-06-21T18:55:08.906048", "event": "message_added", "data": {"project_id": "b4b6c86e-8806-4f66-a180-6f9bc71e1c2b", "conversation_id": "709686fc-b1d4-4df2-a368-ca53cf0c919c", "message_id": "4b262504-9f0e-423a-91ac-f2449b770a71", "role": "assistant", "content": "Response 1", "metadata": {}}}
{"timestamp": "2026-06-21T18:55:08.987150", "event": "message_added", "data": {"project_id": "68e27bdc-3272-4632-acf5-31c731ffbee8", "conversation_id": "8e81bfdd-02c0-4a55-bbed-ba8e3ba80b06", "message_id": "3f7cf76d-2b21-4024-a07d-f80b15d68612", "role": "user", "content": "这是一个重要的消息，记住目标", "metadata": {}}}
{"timestamp": "2026-06-21T18:55:09.123335", "event": "message_added", "data": {"project_id": "f4236714-db44-4b4e-8dde-a65fc5b4adeb", "conversation_id": "aea02cac-18b7-4b3f-b2f1-09aebbb86d6c", "message_id": "812675ad-6a49-49a2-b7f2-1c2149eb531f", "role": "user", "content": "Hello", "metadata": {}}}
{"timestamp": "2026-06-21T18:55:09.138215", "event": "context_built", "data": {"project": "上下文测试"}}
{"timestamp": "2026-06-21T19:00:15.387261", "event": "message_added", "data": {"project_id": "333f2447-f6af-4997-8eb7-82114fd30bfb", "conversation_id": "f093759f-b7d3-4109-b1fb-eb5faca44f74", "message_id": "216aa802-6140-4868-83cf-19793b346af1", "role": "user", "content": "Hello, world!", "metadata": {}}}
{"timestamp": "2026-06-21T19:00:15.435629", "event": "message_added", "data": {"project_id": "85c56cda-7b4a-4c0d-b5b2-f73ed66217e5", "conversation_id": "6580a54e-cfe4-46f9-81b7-ac5c1978dc3c", "message_id": "79b1dabd-d6c0-43d1-a458-c93637b90b58", "role": "user", "content": "Message 1", "metadata": {}}}
{"timestamp": "2026-06-21T19:00:15.436550", "event": "message_added", "data": {"project_id": "85c56cda-7b4a-4c0d-b5b2-f73ed66217e5", "conversation_id": "6580a54e-cfe4-46f9-81b7-ac5c1978dc3c", "message_id": "90e66dcb-c5e1-484f-8b10-d229068958d1", "role": "assistant", "content": "Response 1", "metadata": {}}}
{"timestamp": "2026-06-21T19:00:15.524592", "event": "message_added", "data": {"project_id": "7edaf87f-e035-480c-9eb2-826f0396eb6f", "conversation_id": "5d098b4a-3698-433a-9914-5d7e32d883f0", "message_id": "6fafd6e2-0d21-4032-9687-c5de95e0d334", "role": "user", "content": "这是一个重要的消息，记住目标", "metadata": {}}}
{"timestamp": "2026-06-21T19:00:15.682785", "event": "message_added", "data": {"project_id": "c8701e74-bbc2-4e71-8e05-43eb737c46c9", "conversation_id": "9cf380db-f215-4dbc-bdf2-f7054f6ee3bf", "message_id": "4aca9ca7-0da8-4193-a1a0-5ceb0774aa01", "role": "user", "content": "Hello", "metadata": {}}}
{"timestamp": "2026-06-21T19:00:15.700925", "event": "context_built", "data": {"project": "上下文测试"}}
{"timestamp": "2026-06-21T19:01:49.496113", "event": "message_added", "data": {"project_id": "d0a014fc-0bb0-4e41-aed8-b4773d3ed12f", "conversation_id": "d5769c37-2b88-4d09-94ff-40feab24ea51", "message_id": "cd55f4a7-3c6b-47ab-826d-80235ac8480c", "role": "user", "content": "Hello, world!", "metadata": {}}}
{"timestamp": "2026-06-21T19:01:49.540535", "event": "message_added", "data": {"project_id": "703dd8c3-0fd4-4774-a6a1-86417394171c", "conversation_id": "c4b88831-dfb7-4287-8c0f-57a7400383e0", "message_id": "6f9e8af4-fada-45cc-8375-130e995fa9f2", "role": "user", "content": "Message 1", "metadata": {}}}
{"timestamp": "2026-06-21T19:01:49.540989", "event": "message_added", "data": {"project_id": "703dd8c3-0fd4-4774-a6a1-86417394171c", "conversation_id": "c4b88831-dfb7-4287-8c0f-57a7400383e0", "message_id": "a4dd974c-0564-4775-8df7-fc75c07b9173", "role": "assistant", "content": "Response 1", "metadata": {}}}
{"timestamp": "2026-06-21T19:01:49.622800", "event": "message_added", "data": {"project_id": "5008c05b-78b4-46d8-b38c-2ece961b4433", "conversation_id": "dde69ee1-5d49-418b-afbd-340612be89a0", "message_id": "de729181-be51-49a5-82ae-ba8c3c48badb", "role": "user", "content": "这是一个重要的消息，记住目标", "metadata": {}}}
{"timestamp": "2026-06-21T19:01:49.761754", "event": "message_added", "data": {"project_id": "d2ce94b7-69b2-4089-96b2-4bdff31d86b3", "conversation_id": "4039ebb8-bd1e-4ecc-b8f4-8349c299603a", "message_id": "f116cfbf-eef6-4d45-b922-ecc59fdc26ca", "role": "user", "content": "Hello", "metadata": {}}}
{"timestamp": "2026-06-21T19:01:49.777625", "event": "context_built", "data": {"project": "上下文测试"}}
{"timestamp": "2026-06-21T19:02:18.707350", "event": "message_added", "data": {"project_id": "24335f17-75e3-44c5-b856-0775c3109af1", "conversation_id": "d0a5f026-3b9b-459c-99b6-620a9e266e4f", "message_id": "89b94f31-2e89-4a57-a2d6-a82bdc293cc6", "role": "user", "content": "Hello, world!", "metadata": {}}}
{"timestamp": "2026-06-21T19:02:18.755519", "event": "message_added", "data": {"project_id": "46c0dfd9-6814-4ca7-a8da-40f9f2fa139c", "conversation_id": "a34aae6d-220e-4982-aafd-72a9921e92ed", "message_id": "bb764581-0e3b-4181-8126-3f389fca6ac6", "role": "user", "content": "Message 1", "metadata": {}}}
{"timestamp": "2026-06-21T19:02:18.756567", "event": "message_added", "data": {"project_id": "46c0dfd9-6814-4ca7-a8da-40f9f2fa139c", "conversation_id": "a34aae6d-220e-4982-aafd-72a9921e92ed", "message_id": "43b491b8-d007-4a1e-99b8-8b696d6ee785", "role": "assistant", "content": "Response 1", "metadata": {}}}
{"timestamp": "2026-06-21T19:02:18.842990", "event": "message_added", "data": {"project_id": "2c9c4cbf-dbea-47eb-aaa1-47269b7ed79b", "conversation_id": "64fffea7-4816-4afd-b4d1-0e420f41dac1", "message_id": "87add99c-3980-4d14-af96-ee86530ba77f", "role": "user", "content": "这是一个重要的消息，记住目标", "metadata": {}}}
{"timestamp": "2026-06-21T19:02:18.992191", "event": "message_added", "data": {"project_id": "08fb3b19-73e7-496e-8d39-7dc370bb3891", "conversation_id": "5eae3eef-ffc6-497f-abac-a8c0af1ccb0b", "message_id": "9085a398-52f5-413f-8816-7f0df1ce1827", "role": "user", "content": "Hello", "metadata": {}}}
{"timestamp": "2026-06-21T19:02:19.010883", "event": "context_built", "data": {"project": "上下文测试"}}
{"timestamp": "2026-06-21T19:04:32.856734", "event": "message_added", "data": {"project_id": "3434a2d7-fe66-4385-8624-196515a57a31", "conversation_id": "e6a8ae4a-5a8a-4ce0-affc-55964ee73941", "message_id": "a0dfbcbc-3c7d-42bd-a5d0-9793144243c3", "role": "user", "content": "Hello, world!", "metadata": {}}}
{"timestamp": "2026-06-21T19:04:32.908758", "event": "message_added", "data": {"project_id": "7ba15a6c-263f-4d8f-91fd-a18162ce08f7", "conversation_id": "340efbfc-02a5-4daf-80fa-22fb52d5e2ab", "message_id": "f7d1cb4b-9f85-45d6-944c-a06558bcb631", "role": "user", "content": "Message 1", "metadata": {}}}
{"timestamp": "2026-06-21T19:04:32.910151", "event": "message_added", "data": {"project_id": "7ba15a6c-263f-4d8f-91fd-a18162ce08f7", "conversation_id": "340efbfc-02a5-4daf-80fa-22fb52d5e2ab", "message_id": "832911fc-9abb-4006-94e1-b2a1cc4e9db6", "role": "assistant", "content": "Response 1", "metadata": {}}}
{"timestamp": "2026-06-21T19:04:33.009494", "event": "message_added", "data": {"project_id": "016b9466-a2d9-4966-b1d7-67e1426af0a0", "conversation_id": "52df51ff-44fb-4ae1-b866-73704472db69", "message_id": "3e53808a-389a-46c1-8b29-da892a9523de", "role": "user", "content": "这是一个重要的消息，记住目标", "metadata": {}}}
{"timestamp": "2026-06-21T19:04:33.174069", "event": "message_added", "data": {"project_id": "d2c82ca9-1ec0-4e36-b76e-62e8546b0c7e", "conversation_id": "20351060-1a6b-4adc-8388-8cf541fcbcd2", "message_id": "41081ff1-ad29-4e5b-8cbc-87c87e43cf54", "role": "user", "content": "Hello", "metadata": {}}}
{"timestamp": "2026-06-21T19:04:33.192034", "event": "context_built", "data": {"project": "上下文测试"}}
{"timestamp": "2026-06-21T19:06:20.695173", "event": "message_added", "data": {"project_id": "78de34b7-cdf4-43bd-b1f4-b988a48c7938", "conversation_id": "f189fbcb-8cef-4166-ad2c-5880fbaec1b4", "message_id": "2bc07b8d-8d52-4b16-9041-400345c6b998", "role": "user", "content": "Hello, world!", "metadata": {}}}
{"timestamp": "2026-06-21T19:06:20.748378", "event": "message_added", "data": {"project_id": "8260c7bc-d203-4333-8de8-34674247979f", "conversation_id": "2c5cbc72-4998-43ec-ac1f-1938ed6e7937", "message_id": "030dd90b-87b3-4c10-8c73-fed56a53d407", "role": "user", "content": "Message 1", "metadata": {}}}
{"timestamp": "2026-06-21T19:06:20.748967", "event": "message_added", "data": {"project_id": "8260c7bc-d203-4333-8de8-34674247979f", "conversation_id": "2c5cbc72-4998-43ec-ac1f-1938ed6e7937", "message_id": "5c90b9e6-46ef-4748-8fc7-b6ce2cd8eca6", "role": "assistant", "content": "Response 1", "metadata": {}}}
{"timestamp": "2026-06-21T19:06:20.840450", "event": "message_added", "data": {"project_id": "e2b6dc15-6652-4509-97d2-94f44719ef86", "conversation_id": "877b151d-520e-4481-be96-acad0a4b0e89", "message_id": "149e5d38-4f0a-40c8-be15-8d2a86782e55", "role": "user", "content": "这是一个重要的消息，记住目标", "metadata": {}}}
{"timestamp": "2026-06-21T19:06:20.993884", "event": "message_added", "data": {"project_id": "30ece7ea-8ba4-49dc-886b-a075575c23d9", "conversation_id": "0644f732-8a4f-4d0e-a43b-2cded550aa7b", "message_id": "045c8d70-7981-42b5-a05c-9642b9ebb824", "role": "user", "content": "Hello", "metadata": {}}}
{"timestamp": "2026-06-21T19:06:21.010795", "event": "context_built", "data": {"project": "上下文测试"}}
{"timestamp": "2026-06-21T19:08:46.951968", "event": "message_added", "data": {"project_id": "a27f88e1-a1d0-40dc-adbc-f998639eb4f9", "conversation_id": "d87c9405-1d1a-4752-b677-6769cae16c44", "message_id": "844edbda-8541-4069-a5b9-b250f7904aec", "role": "user", "content": "Hello, world!", "metadata": {}}}
{"timestamp": "2026-06-21T19:08:47.043550", "event": "message_added", "data": {"project_id": "486488ea-adf2-4faa-ab2d-a906b47ad706", "conversation_id": "a801d488-10b2-4f41-88e3-a3ddb0750141", "message_id": "f4ac5a8d-06a4-4469-b7b0-ae472df09e80", "role": "user", "content": "Message 1", "metadata": {}}}
{"timestamp": "2026-06-21T19:08:47.044273", "event": "message_added", "data": {"project_id": "486488ea-adf2-4faa-ab2d-a906b47ad706", "conversation_id": "a801d488-10b2-4f41-88e3-a3ddb0750141", "message_id": "8d378e65-2eb6-49e2-8075-b6c558007e42", "role": "assistant", "content": "Response 1", "metadata": {}}}
{"timestamp": "2026-06-21T19:08:47.120412", "event": "message_added", "data": {"project_id": "1508a8d2-6167-4e00-ae94-96331486d6e5", "conversation_id": "566543e9-c1c0-4113-942a-1c2f3ae93b54", "message_id": "a108065e-447f-42d1-8800-f9002639eda8", "role": "user", "content": "这是一个重要的消息，记住目标", "metadata": {}}}
{"timestamp": "2026-06-21T19:08:47.323093", "event": "message_added", "data": {"project_id": "aff4d5f8-1992-4a82-8bb4-c4d6a82b8a2b", "conversation_id": "f85e6dd6-7502-44d6-aee9-5dc2510e03fe", "message_id": "764a2afd-187d-4bf1-9a56-acad838ef5c0", "role": "user", "content": "Hello", "metadata": {}}}
{"timestamp": "2026-06-21T19:08:47.345516", "event": "context_built", "data": {"project": "上下文测试"}}
{"timestamp": "2026-06-21T19:10:16.190118", "event": "message_added", "data": {"project_id": "ea9887e2-1fbf-4f3e-b9e2-3e65d3fdd81a", "conversation_id": "79cfafba-9ea3-42c2-9c02-a6dc2b6611cb", "message_id": "ad6fd761-1e56-450b-81e0-86d1f02cc9d6", "role": "user", "content": "Hello, world!", "metadata": {}}}
{"timestamp": "2026-06-21T19:10:16.277774", "event": "message_added", "data": {"project_id": "a97fb192-7735-4ec5-a2de-4933534e57da", "conversation_id": "ef512512-df54-4062-a331-331868499e81", "message_id": "9b691309-1366-4413-bceb-f3eb75850fb6", "role": "user", "content": "Message 1", "metadata": {}}}
{"timestamp": "2026-06-21T19:10:16.278504", "event": "message_added", "data": {"project_id": "a97fb192-7735-4ec5-a2de-4933534e57da", "conversation_id": "ef512512-df54-4062-a331-331868499e81", "message_id": "eb7c8e23-ae80-47c2-bfd0-750d488d5236", "role": "assistant", "content": "Response 1", "metadata": {}}}
{"timestamp": "2026-06-21T19:10:16.343019", "event": "message_added", "data": {"project_id": "8854ba8e-d46f-4f26-8530-903f30e0ca4f", "conversation_id": "1e82d3dd-44d5-4c02-ac4c-ce98bcd3b06e", "message_id": "ed493d83-848e-4bb9-bdc7-8e70e793d619", "role": "user", "content": "这是一个重要的消息，记住目标", "metadata": {}}}
{"timestamp": "2026-06-21T19:10:16.511572", "event": "message_added", "data": {"project_id": "22c04376-df41-48b9-b747-0db3996b725d", "conversation_id": "ec2a2591-8c83-4e68-b93f-1e48fc67f3f4", "message_id": "1da50a48-6e85-4db2-9642-257666d7e553", "role": "user", "content": "Hello", "metadata": {}}}
{"timestamp": "2026-06-21T19:10:16.531074", "event": "context_built", "data": {"project": "上下文测试"}}
{"timestamp": "2026-06-21T19:15:31.906041", "event": "message_added", "data": {"project_id": "971f9993-d02a-43e6-a184-eccdc810ee60", "conversation_id": "97ca01ae-6dbe-447b-b5c4-7f69dbf279ec", "message_id": "fece487f-cc9f-4474-b07a-1bdb541a61ab", "role": "user", "content": "Hello, world!", "metadata": {}}}
{"timestamp": "2026-06-21T19:15:31.957286", "event": "message_added", "data": {"project_id": "0ab882a5-6f3c-4a40-b2ef-a1f65b8a98e7", "conversation_id": "8bef9842-b3a9-44c5-887b-8dfae5cc6c24", "message_id": "c934671b-75ab-4844-b0af-64de945f4cbc", "role": "user", "content": "Message 1", "metadata": {}}}
{"timestamp": "2026-06-21T19:15:31.957815", "event": "message_added", "data": {"project_id": "0ab882a5-6f3c-4a40-b2ef-a1f65b8a98e7", "conversation_id": "8bef9842-b3a9-44c5-887b-8dfae5cc6c24", "message_id": "89b78e4c-b343-40f9-95fb-3c981bd282c1", "role": "assistant", "content": "Response 1", "metadata": {}}}
{"timestamp": "2026-06-21T19:15:32.021521", "event": "message_added", "data": {"project_id": "76a61ec8-5a89-4e4c-b9ee-3ed085130950", "conversation_id": "3219a57d-14fc-4634-a0ce-b7a0a3168add", "message_id": "84fa2ef1-2a20-4a53-a638-59339751b34e", "role": "user", "content": "这是一个重要的消息，记住目标", "metadata": {}}}
{"timestamp": "2026-06-21T19:15:32.210219", "event": "message_added", "data": {"project_id": "77d8bc90-4cfb-427c-963a-749f5b366ac5", "conversation_id": "ca1a3609-dbe1-4435-9551-753e9390029f", "message_id": "1373d2e0-ee0a-465c-b2cf-74af42ed0bb3", "role": "user", "content": "Hello", "metadata": {}}}
{"timestamp": "2026-06-21T19:15:32.229058", "event": "context_built", "data": {"project": "上下文测试"}}
{"timestamp": "2026-06-21T19:17:05.504727", "event": "message_added", "data": {"project_id": "74207c35-6885-4953-b0d1-fe92f167ffb4", "conversation_id": "ae8d727d-33e9-4224-a986-f50f47e1f26f", "message_id": "02e4df56-7efc-4f4f-83d1-ad196d80fd24", "role": "user", "content": "Hello, world!", "metadata": {}}}
{"timestamp": "2026-06-21T19:17:05.556091", "event": "message_added", "data": {"project_id": "8a09fd50-8b23-4b4c-9c9f-58a788b318b7", "conversation_id": "54e1762a-70b9-40ed-987e-37c9ef102c50", "message_id": "7fc39923-1d46-493d-9025-722397cea8fe", "role": "user", "content": "Message 1", "metadata": {}}}
{"timestamp": "2026-06-21T19:17:05.556687", "event": "message_added", "data": {"project_id": "8a09fd50-8b23-4b4c-9c9f-58a788b318b7", "conversation_id": "54e1762a-70b9-40ed-987e-37c9ef102c50", "message_id": "f7f432b2-41d2-4c7d-8a13-80e6cc1dd206", "role": "assistant", "content": "Response 1", "metadata": {}}}
{"timestamp": "2026-06-21T19:17:05.619430", "event": "message_added", "data": {"project_id": "102d592e-ddc8-4fb3-b1b3-b93bb21eb967", "conversation_id": "f442fb89-cf4b-4a9e-be8f-741e8dd5b838", "message_id": "12756940-656c-451f-b866-ddf58d464303", "role": "user", "content": "这是一个重要的消息，记住目标", "metadata": {}}}
{"timestamp": "2026-06-21T19:17:05.815256", "event": "message_added", "data": {"project_id": "40cf31d3-54ab-4fce-bb7c-9d398e0d72c1", "conversation_id": "e84bdca7-cfee-4cb4-b1ac-9178a40b5ec6", "message_id": "a40474d6-8a80-4f5a-b0d0-048e44dbf52e", "role": "user", "content": "Hello", "metadata": {}}}
{"timestamp": "2026-06-21T19:17:05.834048", "event": "context_built", "data": {"project": "上下文测试"}}
{"timestamp": "2026-06-21T19:17:53.555487", "event": "message_added", "data": {"project_id": "b09202d8-2082-4294-8325-d43a7276b2a8", "conversation_id": "5feaa04e-0a08-449a-82aa-4692dcf64523", "message_id": "f73fb934-a0b8-4c77-b38d-91a5b750b9c2", "role": "user", "content": "Hello, world!", "metadata": {}}}
{"timestamp": "2026-06-21T19:17:53.607698", "event": "message_added", "data": {"project_id": "c016d825-f853-48b8-8033-b5be97e6edd3", "conversation_id": "049e5492-d98f-40ee-ab62-eb40a9a3c63a", "message_id": "dfea890c-f523-45f3-b36e-aab96afa4db8", "role": "user", "content": "Message 1", "metadata": {}}}
{"timestamp": "2026-06-21T19:17:53.608492", "event": "message_added", "data": {"project_id": "c016d825-f853-48b8-8033-b5be97e6edd3", "conversation_id": "049e5492-d98f-40ee-ab62-eb40a9a3c63a", "message_id": "3be6e466-d6f5-452e-8923-acda8afa1ee2", "role": "assistant", "content": "Response 1", "metadata": {}}}
{"timestamp": "2026-06-21T19:17:53.675060", "event": "message_added", "data": {"project_id": "62814f89-3c2d-4300-9c81-17846ab661f9", "conversation_id": "3f6daed9-a4ac-4a22-9e95-431922c78e1c", "message_id": "88188514-3c0b-4146-8823-711aed2af069", "role": "user", "content": "这是一个重要的消息，记住目标", "metadata": {}}}
{"timestamp": "2026-06-21T19:17:53.873707", "event": "message_added", "data": {"project_id": "0ee7c0c7-baff-4ccc-8244-102596ed393d", "conversation_id": "0dc835b5-e037-4d48-b509-c897cdda4ba6", "message_id": "0acb6332-b710-4b6a-b858-eb7f833964fa", "role": "user", "content": "Hello", "metadata": {}}}
{"timestamp": "2026-06-21T19:17:53.893571", "event": "context_built", "data": {"project": "上下文测试"}}
{"timestamp": "2026-06-21T19:18:27.453557", "event": "message_added", "data": {"project_id": "1fb4de29-28b6-4d4f-8885-c858b1e808bc", "conversation_id": "01275b74-e3cd-45d7-8f57-a78b297fe62a", "message_id": "a26b2606-b37c-4fed-8d2d-572d6d7d5eb9", "role": "user", "content": "Hello, world!", "metadata": {}}}
{"timestamp": "2026-06-21T19:18:27.519321", "event": "message_added", "data": {"project_id": "6f7c9784-3cc9-45fe-97ce-de626f0429cc", "conversation_id": "eaba0264-4d71-42f3-9299-c93c1f4e4ce2", "message_id": "68d5fa01-b646-4523-b7dc-e80f953be3b7", "role": "user", "content": "Message 1", "metadata": {}}}
{"timestamp": "2026-06-21T19:18:27.520571", "event": "message_added", "data": {"project_id": "6f7c9784-3cc9-45fe-97ce-de626f0429cc", "conversation_id": "eaba0264-4d71-42f3-9299-c93c1f4e4ce2", "message_id": "42dc3ad2-e45c-4bce-8438-ae1d4770e69f", "role": "assistant", "content": "Response 1", "metadata": {}}}
{"timestamp": "2026-06-21T19:18:27.590958", "event": "message_added", "data": {"project_id": "2d1190d8-ad05-432c-9822-ae57b0cd9644", "conversation_id": "86fdf805-1485-4994-8961-ce4b93b09e8f", "message_id": "7398f7ae-42c8-4eb2-af62-51a1808ca2f0", "role": "user", "content": "这是一个重要的消息，记住目标", "metadata": {}}}
{"timestamp": "2026-06-21T19:18:27.815294", "event": "message_added", "data": {"project_id": "b639a12f-bc86-4dd0-bbd5-eab364e7eba4", "conversation_id": "85f5a9fa-8fa7-4e33-afbc-83ccf04afa43", "message_id": "73b622b3-cf66-4400-bd78-5c825c755402", "role": "user", "content": "Hello", "metadata": {}}}
{"timestamp": "2026-06-21T19:18:27.835943", "event": "context_built", "data": {"project": "上下文测试"}}
{"timestamp": "2026-06-21T19:19:14.835554", "event": "message_added", "data": {"project_id": "c3201e21-e9d3-4204-8228-bbab311dcfae", "conversation_id": "5e1b685c-fe21-4752-9c2b-331c622d523d", "message_id": "e1aa4e25-3970-4f44-9fca-ddfef4ed2982", "role": "user", "content": "Hello, world!", "metadata": {}}}
{"timestamp": "2026-06-21T19:19:14.896236", "event": "message_added", "data": {"project_id": "ff965452-4be6-4614-ac68-efe317f1b2f1", "conversation_id": "04cf1923-609c-4681-986a-624d316880ae", "message_id": "3b07df77-b0e8-4842-8f39-ff9ed7b9d355", "role": "user", "content": "Message 1", "metadata": {}}}
{"timestamp": "2026-06-21T19:19:14.897207", "event": "message_added", "data": {"project_id": "ff965452-4be6-4614-ac68-efe317f1b2f1", "conversation_id": "04cf1923-609c-4681-986a-624d316880ae", "message_id": "a7f180d2-21df-4d10-b30e-ec666c9eb6f1", "role": "assistant", "content": "Response 1", "metadata": {}}}
{"timestamp": "2026-06-21T19:19:14.969752", "event": "message_added", "data": {"project_id": "a77a6600-9336-4ecf-9626-95c2b5be40f9", "conversation_id": "5eb10dc7-975c-4827-b299-4be5ba4ed031", "message_id": "b4ebdcac-b088-42a4-9726-affbf60e2ce6", "role": "user", "content": "这是一个重要的消息，记住目标", "metadata": {}}}
{"timestamp": "2026-06-21T19:19:15.198962", "event": "message_added", "data": {"project_id": "99918814-02e7-4a2d-b747-5424845eab98", "conversation_id": "bc5cc324-f562-4e88-82e0-81927491b267", "message_id": "fe8351fc-f5d2-47de-af4e-e9c22b7dae61", "role": "user", "content": "Hello", "metadata": {}}}
{"timestamp": "2026-06-21T19:19:15.220588", "event": "context_built", "data": {"project": "上下文测试"}}
{"timestamp": "2026-06-21T19:22:32.814092", "event": "message_added", "data": {"project_id": "151da40a-cd7b-46dd-8b17-665f41b3bcc0", "conversation_id": "f4ebf437-73c3-4349-8566-58f7ff11165b", "message_id": "de104e5d-5d42-4e9b-bbef-f89b477a5c4b", "role": "user", "content": "Hello, world!", "metadata": {}}}
{"timestamp": "2026-06-21T19:22:32.912418", "event": "message_added", "data": {"project_id": "ca59462b-42be-4314-95b8-026d623d6211", "conversation_id": "377cb95e-7f52-48e7-8057-f92a813bd83d", "message_id": "2037c047-d2b5-45ef-be9d-1eef5bc7228b", "role": "user", "content": "Message 1", "metadata": {}}}
{"timestamp": "2026-06-21T19:22:32.913368", "event": "message_added", "data": {"project_id": "ca59462b-42be-4314-95b8-026d623d6211", "conversation_id": "377cb95e-7f52-48e7-8057-f92a813bd83d", "message_id": "2f7ad0d4-2e4e-496a-b290-492098fb77cb", "role": "assistant", "content": "Response 1", "metadata": {}}}
{"timestamp": "2026-06-21T19:22:32.991166", "event": "message_added", "data": {"project_id": "57636668-49d4-4b9c-9f80-6b23166542d8", "conversation_id": "6c5deb00-e602-4201-a850-979bb7f1e470", "message_id": "f0112752-f16f-43e6-8927-53f46f82adda", "role": "user", "content": "这是一个重要的消息，记住目标", "metadata": {}}}
{"timestamp": "2026-06-21T19:22:33.185226", "event": "message_added", "data": {"project_id": "72ae5269-f904-46b2-b673-01a69c879d31", "conversation_id": "c9d9e9de-5c8e-4d8f-a764-98c842d67b30", "message_id": "1be61ead-d7e8-4203-82e8-ee9eed0d305a", "role": "user", "content": "Hello", "metadata": {}}}
{"timestamp": "2026-06-21T19:22:33.208491", "event": "context_built", "data": {"project": "上下文测试"}}
{"timestamp": "2026-06-21T19:24:18.762081", "event": "message_added", "data": {"project_id": "f7ad668a-d4b1-43d7-9958-62e72aaca24a", "conversation_id": "4b70b5d5-7a69-4954-a819-96c2cfb7d470", "message_id": "da2a1106-5b0a-4ec6-9e33-34c0d3bdbaff", "role": "user", "content": "Hello, world!", "metadata": {}}}
{"timestamp": "2026-06-21T19:24:18.859078", "event": "message_added", "data": {"project_id": "5a16ca40-bc09-410d-9e84-12ebff1a967c", "conversation_id": "456247fc-17d6-4bfc-82f2-4dc2e76c9c5f", "message_id": "18f6237c-3bdb-4eff-8eaa-b602ad9346d0", "role": "user", "content": "Message 1", "metadata": {}}}
{"timestamp": "2026-06-21T19:24:18.860061", "event": "message_added", "data": {"project_id": "5a16ca40-bc09-410d-9e84-12ebff1a967c", "conversation_id": "456247fc-17d6-4bfc-82f2-4dc2e76c9c5f", "message_id": "c08e0900-8b65-4b5d-b871-de61a146e341", "role": "assistant", "content": "Response 1", "metadata": {}}}
{"timestamp": "2026-06-21T19:24:18.861594", "event": "message_added", "data": {"project_id": "2710c9bd-5933-4339-aa33-4fb1bac18a7d", "conversation_id": "89bc8246-3084-4239-af59-e8dfa141561d", "message_id": "a20ad6b2-0cdc-4793-9edb-6ca8fb4967ae", "role": "user", "content": "Hello, world!", "metadata": {}}}
{"timestamp": "2026-06-21T19:24:18.933036", "event": "message_added", "data": {"project_id": "8bd86727-5c5f-4eeb-a96a-c76bd13a3019", "conversation_id": "7f4eb5f2-eeec-4f80-8e66-904c410efc1c", "message_id": "f421426b-018b-4469-a45f-0c0491663a22", "role": "user", "content": "这是一个重要的消息，记住目标", "metadata": {}}}
{"timestamp": "2026-06-21T19:24:18.959578", "event": "message_added", "data": {"project_id": "25a93fc9-f949-4416-872d-c1b3dd1c1a51", "conversation_id": "bf2d9fcf-3930-43b6-9c8e-13a035285ab1", "message_id": "041b10e3-b06f-450e-8f9c-b8e964120aed", "role": "user", "content": "Message 1", "metadata": {}}}
{"timestamp": "2026-06-21T19:24:18.960295", "event": "message_added", "data": {"project_id": "25a93fc9-f949-4416-872d-c1b3dd1c1a51", "conversation_id": "bf2d9fcf-3930-43b6-9c8e-13a035285ab1", "message_id": "2136bbfc-a977-437d-9b7a-a5c4b008a1cc", "role": "assistant", "content": "Response 1", "metadata": {}}}
{"timestamp": "2026-06-21T19:24:19.033762", "event": "message_added", "data": {"project_id": "d5eee09a-141d-45e1-992d-1eddf2042eff", "conversation_id": "19831f23-1282-4db4-9a69-0ef7168d7a4d", "message_id": "56219d69-5b10-415d-913b-edf6f15e5e1d", "role": "user", "content": "这是一个重要的消息，记住目标", "metadata": {}}}
{"timestamp": "2026-06-21T19:24:19.129039", "event": "message_added", "data": {"project_id": "def80a7a-983e-4753-9f37-5b01455da3a2", "conversation_id": "fd5245fe-157a-4b7c-bb27-2aa2ca09b52d", "message_id": "4dde7cec-c9bd-45c7-a096-f88656b7666c", "role": "user", "content": "Hello", "metadata": {}}}
{"timestamp": "2026-06-21T19:24:19.150134", "event": "context_built", "data": {"project": "上下文测试"}}
{"timestamp": "2026-06-21T19:24:19.224721", "event": "message_added", "data": {"project_id": "4f5e8cca-b56c-4561-b416-342d3231e9e4", "conversation_id": "90ff7627-597e-4214-a9f5-6738e1c94502", "message_id": "93be9aee-c815-49c9-8864-08c45ef3fc83", "role": "user", "content": "Hello", "metadata": {}}}
{"timestamp": "2026-06-21T19:24:19.246351", "event": "context_built", "data": {"project": "上下文测试"}}
{"timestamp": "2026-06-21T19:25:06.345758", "event": "message_added", "data": {"project_id": "86d5ac3e-3a68-4486-9ba1-6a0487fd11ce", "conversation_id": "b3fce081-edb6-4983-89c0-ac550b246c9e", "message_id": "cd7e3db3-93a6-4d3b-9d71-a6fc8e162f81", "role": "user", "content": "Hello, world!", "metadata": {}}}
{"timestamp": "2026-06-21T19:25:06.431072", "event": "message_added", "data": {"project_id": "99f4fb94-077d-421e-88c3-58a30b08d967", "conversation_id": "fa00176f-7784-4ec5-a34a-d2d54a0c6783", "message_id": "8fe3f3b2-2db7-44e9-bbfb-3d04a258b3e6", "role": "user", "content": "Message 1", "metadata": {}}}
{"timestamp": "2026-06-21T19:25:06.432363", "event": "message_added", "data": {"project_id": "99f4fb94-077d-421e-88c3-58a30b08d967", "conversation_id": "fa00176f-7784-4ec5-a34a-d2d54a0c6783", "message_id": "6de69270-1061-45a4-975d-528c9386aa60", "role": "assistant", "content": "Response 1", "metadata": {}}}
{"timestamp": "2026-06-21T19:25:06.499356", "event": "message_added", "data": {"project_id": "2b883da4-3ba2-496b-a492-1b5b2d33910b", "conversation_id": "5950eddd-83b9-4356-b05d-d59575fec9a2", "message_id": "6e08aad3-1c07-44ea-9800-9a13e3089e42", "role": "user", "content": "这是一个重要的消息，记住目标", "metadata": {}}}
{"timestamp": "2026-06-21T19:25:06.667259", "event": "message_added", "data": {"project_id": "2e02e7b8-c7fa-4958-89a5-7019b0a1a037", "conversation_id": "d2952ae6-9c42-4e78-a325-17c017f04224", "message_id": "1d174fab-f647-4ef2-ba06-a077881f04c0", "role": "user", "content": "Hello", "metadata": {}}}
{"timestamp": "2026-06-21T19:25:06.686980", "event": "context_built", "data": {"project": "上下文测试"}}
{"timestamp": "2026-06-21T19:25:11.858124", "event": "message_added", "data": {"project_id": "f4ebca44-f7a0-4ccd-add6-5615da6d518d", "conversation_id": "96af49cf-6b88-4d6d-9b50-a292049861fa", "message_id": "4e1c6c57-64f5-424c-a292-24423a96738f", "role": "user", "content": "Hello, world!", "metadata": {}}}
{"timestamp": "2026-06-21T19:25:11.947486", "event": "message_added", "data": {"project_id": "acd6ba2b-3f05-4dac-9519-0476ac39eb5c", "conversation_id": "4f027635-a07f-4c7c-8f34-c9a7ee72d78c", "message_id": "c37fa732-9327-4ac1-a1ee-1a71fc6387df", "role": "user", "content": "Message 1", "metadata": {}}}
{"timestamp": "2026-06-21T19:25:11.948116", "event": "message_added", "data": {"project_id": "acd6ba2b-3f05-4dac-9519-0476ac39eb5c", "conversation_id": "4f027635-a07f-4c7c-8f34-c9a7ee72d78c", "message_id": "b045f2f3-4882-48eb-a38a-e71b6c21ab74", "role": "assistant", "content": "Response 1", "metadata": {}}}
{"timestamp": "2026-06-21T19:25:12.018957", "event": "message_added", "data": {"project_id": "b072f4c2-7ce4-4a3f-951c-0ba7074c7207", "conversation_id": "7401e83b-825e-4ed5-802d-e4d9638af81c", "message_id": "7f70a597-4393-4189-a55c-9ad8c7825f9b", "role": "user", "content": "这是一个重要的消息，记住目标", "metadata": {}}}
{"timestamp": "2026-06-21T19:25:12.201696", "event": "message_added", "data": {"project_id": "0faf7185-d92a-42a9-8988-217926ffb66d", "conversation_id": "d7366596-67f2-4652-9f70-17957daaac81", "message_id": "d6ee3cc6-6622-4856-9eba-765072f2c71f", "role": "user", "content": "Hello", "metadata": {}}}
{"timestamp": "2026-06-21T19:25:12.222176", "event": "context_built", "data": {"project": "上下文测试"}}
{"timestamp": "2026-06-21T19:42:31.922011", "event": "message_added", "data": {"project_id": "ec213d05-2fd0-4e29-8f07-302125960afa", "conversation_id": "606b5b3f-94db-4559-986e-2116f6adf52b", "message_id": "a613057a-31f0-413a-ac60-a3cd31b176c6", "role": "user", "content": "Hello, world!", "metadata": {}}}
{"timestamp": "2026-06-21T19:42:32.034128", "event": "message_added", "data": {"project_id": "fe10edda-11e2-4e36-a902-3484b9a4e53b", "conversation_id": "c3cb1bd7-5101-4271-b064-6ac92204e13c", "message_id": "d9e65525-6527-4fdf-af9d-e30a2ae1604e", "role": "user", "content": "Message 1", "metadata": {}}}
{"timestamp": "2026-06-21T19:42:32.034805", "event": "message_added", "data": {"project_id": "fe10edda-11e2-4e36-a902-3484b9a4e53b", "conversation_id": "c3cb1bd7-5101-4271-b064-6ac92204e13c", "message_id": "3a486f4a-c092-4d17-9b3c-3688f269bf20", "role": "assistant", "content": "Response 1", "metadata": {}}}
{"timestamp": "2026-06-21T19:42:32.115629", "event": "message_added", "data": {"project_id": "7899b20b-f623-4918-9ecc-8c8b42c22b1a", "conversation_id": "2b713b55-ca0e-4a77-bdb5-f618c491cb2a", "message_id": "dc87dcd4-659f-497b-b8e5-46ab3f8553a5", "role": "user", "content": "这是一个重要的消息，记住目标", "metadata": {}}}
{"timestamp": "2026-06-21T19:42:32.320546", "event": "message_added", "data": {"project_id": "b0dece1f-0921-4f47-beb6-b5e8e0970f7d", "conversation_id": "06b12600-b75d-42d4-9e73-6f14917261a4", "message_id": "0dcc3124-8308-4038-941a-a2db7777b56c", "role": "user", "content": "Hello", "metadata": {}}}
{"timestamp": "2026-06-21T19:42:32.346349", "event": "context_built", "data": {"project": "上下文测试"}}
{"timestamp": "2026-06-21T19:43:34.434225", "event": "message_added", "data": {"project_id": "cb2fa7c5-aa64-4ef9-b7a3-76dc88bd9e1e", "conversation_id": "a180a6a9-eead-4fb7-8266-bb33bef63336", "message_id": "cd2bc2cc-c27a-4673-9e59-f8b3dc2e8422", "role": "user", "content": "Hello, world!", "metadata": {}}}
{"timestamp": "2026-06-21T19:43:34.539770", "event": "message_added", "data": {"project_id": "f379cb77-d918-4012-97a5-4e731ab2fbc7", "conversation_id": "107b26c3-1aff-49d4-9fa0-bfa7697d273c", "message_id": "dfacd6fc-f0c7-4b52-b3b1-665f5b5fd198", "role": "user", "content": "Message 1", "metadata": {}}}
{"timestamp": "2026-06-21T19:43:34.540901", "event": "message_added", "data": {"project_id": "f379cb77-d918-4012-97a5-4e731ab2fbc7", "conversation_id": "107b26c3-1aff-49d4-9fa0-bfa7697d273c", "message_id": "40b56c99-3f3f-4b34-8e0b-9eb0ebc799a5", "role": "assistant", "content": "Response 1", "metadata": {}}}
{"timestamp": "2026-06-21T19:43:34.628637", "event": "message_added", "data": {"project_id": "2fb5c61f-5dc5-4013-9705-8273cc46e7ed", "conversation_id": "5664aeff-325e-44da-8bca-7bca003149f2", "message_id": "23512acf-354a-4dd5-846a-06e6136cb6a7", "role": "user", "content": "这是一个重要的消息，记住目标", "metadata": {}}}
{"timestamp": "2026-06-21T19:43:34.848582", "event": "message_added", "data": {"project_id": "de7a796b-95d1-439c-a1e8-7174e588a82b", "conversation_id": "f11532b0-75a5-47e9-9f5b-d9dd6eab48bc", "message_id": "d318fba0-0032-4e8a-953b-bfbc801663e8", "role": "user", "content": "Hello", "metadata": {}}}
{"timestamp": "2026-06-21T19:43:34.873357", "event": "context_built", "data": {"project": "上下文测试"}}
{"timestamp": "2026-06-21T19:44:48.463703", "event": "message_added", "data": {"project_id": "91c0ee6c-4de4-46e1-a071-7c89e6f61c52", "conversation_id": "db9705ee-d9b3-405a-94ca-d6abd4451626", "message_id": "c65061d3-6f48-4469-ba69-15241d923a8c", "role": "user", "content": "Hello, world!", "metadata": {}}}
{"timestamp": "2026-06-21T19:44:48.571748", "event": "message_added", "data": {"project_id": "9395f5cd-0daf-4f88-b33b-ce28b7531349", "conversation_id": "82724682-53bf-455d-b181-c24db802712d", "message_id": "9ff1e7ae-b627-4132-a712-647599fa1509", "role": "user", "content": "Message 1", "metadata": {}}}
{"timestamp": "2026-06-21T19:44:48.572412", "event": "message_added", "data": {"project_id": "9395f5cd-0daf-4f88-b33b-ce28b7531349", "conversation_id": "82724682-53bf-455d-b181-c24db802712d", "message_id": "4ee138b8-30c2-4314-9884-7eb7e0209818", "role": "assistant", "content": "Response 1", "metadata": {}}}
{"timestamp": "2026-06-21T19:44:48.658675", "event": "message_added", "data": {"project_id": "9557e29d-5e22-43ed-8501-2202ffbb5fd5", "conversation_id": "8c0bda8b-ed91-4f5b-9ec7-f503f16a48f9", "message_id": "ae8e6266-62d9-47e4-9137-dfedc6e83965", "role": "user", "content": "这是一个重要的消息，记住目标", "metadata": {}}}
{"timestamp": "2026-06-21T19:44:48.870593", "event": "message_added", "data": {"project_id": "72ad67a0-dc70-440a-be42-89c66e91c880", "conversation_id": "4ae47f81-96d8-46c9-869a-8d357cd02de9", "message_id": "1a836e0a-f6cd-4f94-b6fe-57a16c66d7c1", "role": "user", "content": "Hello", "metadata": {}}}
{"timestamp": "2026-06-21T19:44:48.899653", "event": "context_built", "data": {"project": "上下文测试"}}
{"timestamp": "2026-06-21T19:46:36.948188", "event": "message_added", "data": {"project_id": "9065f22c-20d8-4a82-9c97-a5fb7ded9c68", "conversation_id": "9fcd87a9-b55f-4b3a-b626-1c833d320acd", "message_id": "0ffa95b8-1d09-4408-a80d-d6ce0fd4c831", "role": "user", "content": "Hello, world!", "metadata": {}}}
{"timestamp": "2026-06-21T19:46:37.058927", "event": "message_added", "data": {"project_id": "922337a4-67bd-4611-904e-6790c74fa956", "conversation_id": "dfd827b5-a0b5-4f08-be39-d0fe870c31a7", "message_id": "44cad2ad-e9c4-4a56-a5da-f76aacb87e53", "role": "user", "content": "Message 1", "metadata": {}}}
{"timestamp": "2026-06-21T19:46:37.059485", "event": "message_added", "data": {"project_id": "922337a4-67bd-4611-904e-6790c74fa956", "conversation_id": "dfd827b5-a0b5-4f08-be39-d0fe870c31a7", "message_id": "7f534656-b54e-4157-9eaf-1962211b9199", "role": "assistant", "content": "Response 1", "metadata": {}}}
{"timestamp": "2026-06-21T19:46:37.144895", "event": "message_added", "data": {"project_id": "6958b435-6404-4c7e-880f-b678b8c2bf07", "conversation_id": "dc186c65-c28f-444c-bdd1-df0d33b4c1b3", "message_id": "250aaa3b-da6a-42c9-8b4d-66692260d9bd", "role": "user", "content": "这是一个重要的消息，记住目标", "metadata": {}}}
{"timestamp": "2026-06-21T19:46:37.365242", "event": "message_added", "data": {"project_id": "a61b7008-7f0c-4780-8f8b-aa0299496ffd", "conversation_id": "96106ef2-206e-4f95-bb4a-a74db51e176c", "message_id": "bc708ab3-e406-43ab-bf5c-3864f3bfc70f", "role": "user", "content": "Hello", "metadata": {}}}
{"timestamp": "2026-06-21T19:46:37.391683", "event": "context_built", "data": {"project": "上下文测试"}}
{"timestamp": "2026-06-21T20:28:00.539579", "event": "message_added", "data": {"project_id": "5aa56767-a7f6-4000-982e-62080fbdb2cb", "conversation_id": "2984410b-2f6c-4816-badf-c788a40412ee", "message_id": "66155bcf-678c-4e8d-a18b-54edfb0d9a4d", "role": "user", "content": "Hello, world!", "metadata": {}}}
{"timestamp": "2026-06-21T20:28:00.639893", "event": "message_added", "data": {"project_id": "c1286f7e-5ce5-483e-a5a4-c5a0bc53e67b", "conversation_id": "6ee83107-9192-49f0-b8a1-b3f34eaa70ed", "message_id": "a5218b7d-e556-4aa1-b4e6-66aefd5e0e95", "role": "user", "content": "Message 1", "metadata": {}}}
{"timestamp": "2026-06-21T20:28:00.641000", "event": "message_added", "data": {"project_id": "c1286f7e-5ce5-483e-a5a4-c5a0bc53e67b", "conversation_id": "6ee83107-9192-49f0-b8a1-b3f34eaa70ed", "message_id": "3777f358-4a68-4144-bb39-9a9cb09dc1c0", "role": "assistant", "content": "Response 1", "metadata": {}}}
{"timestamp": "2026-06-21T20:28:00.758139", "event": "message_added", "data": {"project_id": "893d8d1e-6764-40d8-9431-b7e74772dec5", "conversation_id": "1d596b83-c102-4460-907b-311f4371b5cc", "message_id": "a4095c93-a6d3-4bcd-94e1-b49da6ed2b4c", "role": "user", "content": "这是一个重要的消息，记住目标", "metadata": {}}}
{"timestamp": "2026-06-21T20:28:01.043696", "event": "message_added", "data": {"project_id": "4e30d282-ef29-44cc-ab5b-c9bf88129123", "conversation_id": "12871e3c-c6a6-4056-9348-d321728cf44d", "message_id": "967ddc34-57db-4ee9-a0c4-7f75fd94376d", "role": "user", "content": "Hello", "metadata": {}}}
{"timestamp": "2026-06-21T20:28:01.077994", "event": "context_built", "data": {"project": "上下文测试"}}
{"timestamp": "2026-06-21T20:29:07.304383", "event": "message_added", "data": {"project_id": "ee892b32-83ef-49b3-9c60-aa87b2fff8f4", "conversation_id": "1f77a89b-b43d-4e04-a4b5-f10fe2c6593a", "message_id": "7d0e3d29-7935-491e-b7ed-560d93310c7b", "role": "user", "content": "Hello, world!", "metadata": {}}}
{"timestamp": "2026-06-21T20:29:07.393410", "event": "message_added", "data": {"project_id": "52d2f9e7-5ec8-424c-97af-5a262cd50124", "conversation_id": "b0b19bf2-f762-4e90-b6d7-743c280aeaab", "message_id": "0c687ce2-5b46-4099-9406-58c2ec127a28", "role": "user", "content": "Message 1", "metadata": {}}}
{"timestamp": "2026-06-21T20:29:07.394041", "event": "message_added", "data": {"project_id": "52d2f9e7-5ec8-424c-97af-5a262cd50124", "conversation_id": "b0b19bf2-f762-4e90-b6d7-743c280aeaab", "message_id": "e6b5b58c-5904-4873-91de-a17d1a788973", "role": "assistant", "content": "Response 1", "metadata": {}}}
{"timestamp": "2026-06-21T20:29:07.503284", "event": "message_added", "data": {"project_id": "a37b2cbf-e5a6-4d2c-8c28-9b66c793d51c", "conversation_id": "ebb92e87-fe90-41fa-be90-71223fc38861", "message_id": "f3a29a73-176c-41a4-892c-5121fd319bdd", "role": "user", "content": "这是一个重要的消息，记住目标", "metadata": {}}}
{"timestamp": "2026-06-21T20:29:07.776917", "event": "message_added", "data": {"project_id": "0b12816d-1199-49f4-89c4-ad5c2f9cf303", "conversation_id": "e13e3372-b1eb-44b7-8d21-57c1e6ea8ba5", "message_id": "1f60dfcc-2987-4cc1-9cd1-f7a43c2319a7", "role": "user", "content": "Hello", "metadata": {}}}
{"timestamp": "2026-06-21T20:29:07.808385", "event": "context_built", "data": {"project": "上下文测试"}}
{"timestamp": "2026-06-21T20:30:58.127258", "event": "message_added", "data": {"project_id": "d3af5e1b-bdb3-4d05-aabd-9b29bd019170", "conversation_id": "8e807799-e600-49d5-9432-6f7f21f97dd7", "message_id": "b280ca04-2207-4192-852a-3ad7e876e638", "role": "user", "content": "Hello, world!", "metadata": {}}}
{"timestamp": "2026-06-21T20:30:58.226989", "event": "message_added", "data": {"project_id": "fd5b080c-cb0e-4602-b30b-c8478223a5a5", "conversation_id": "b5ff6671-8168-4cf1-84e9-39e3ef285d34", "message_id": "658b61d0-f5f4-4f54-aa85-c88ceb1818d0", "role": "user", "content": "Message 1", "metadata": {}}}
{"timestamp": "2026-06-21T20:30:58.227903", "event": "message_added", "data": {"project_id": "fd5b080c-cb0e-4602-b30b-c8478223a5a5", "conversation_id": "b5ff6671-8168-4cf1-84e9-39e3ef285d34", "message_id": "14cdac1a-e2c1-40b2-b392-fdc3709f02a7", "role": "assistant", "content": "Response 1", "metadata": {}}}
{"timestamp": "2026-06-21T20:30:58.343259", "event": "message_added", "data": {"project_id": "931ef9a9-837f-49df-9820-840db2e7993a", "conversation_id": "f9b33d13-ac16-4283-a038-b79e642c58a8", "message_id": "e7a09db0-1ecb-4298-acfd-23d10257c919", "role": "user", "content": "这是一个重要的消息，记住目标", "metadata": {}}}
{"timestamp": "2026-06-21T20:30:58.624624", "event": "message_added", "data": {"project_id": "f0530d31-319c-4997-b8ef-ed786e34556c", "conversation_id": "3d831623-6a62-4d20-9f66-c7b1f3f6fd51", "message_id": "d3daa5fd-52a5-4dbb-903f-1af9648ca7ef", "role": "user", "content": "Hello", "metadata": {}}}
{"timestamp": "2026-06-21T20:30:58.654982", "event": "context_built", "data": {"project": "上下文测试"}}
{"timestamp": "2026-06-21T20:32:00.868279", "event": "message_added", "data": {"project_id": "d69bcd2f-70f4-46a9-b339-03f7f1f081cf", "conversation_id": "d54df0b7-c214-485d-844c-e0bc3be37b7e", "message_id": "073feb3b-be2d-4826-9ff0-1c2c72ab1a32", "role": "user", "content": "Hello, world!", "metadata": {}}}
{"timestamp": "2026-06-21T20:32:00.954339", "event": "message_added", "data": {"project_id": "5d2dbd67-8123-48fe-9b28-706f756c57ba", "conversation_id": "8d899f56-b338-48b1-8fa4-17dae1d9dabc", "message_id": "3f5760c6-27bf-4d91-9d1b-d0756515fb6d", "role": "user", "content": "Message 1", "metadata": {}}}
{"timestamp": "2026-06-21T20:32:00.955472", "event": "message_added", "data": {"project_id": "5d2dbd67-8123-48fe-9b28-706f756c57ba", "conversation_id": "8d899f56-b338-48b1-8fa4-17dae1d9dabc", "message_id": "735195ea-93f4-4678-b3e4-6c4e330bc708", "role": "assistant", "content": "Response 1", "metadata": {}}}
{"timestamp": "2026-06-21T20:32:01.064849", "event": "message_added", "data": {"project_id": "10942db3-4067-46f8-89c0-32ba14f4ea3c", "conversation_id": "25ffdebe-7294-4ce7-a6ab-e156cb130d6c", "message_id": "54c98e49-e5e6-48f5-ac4f-d3da2a5df4c5", "role": "user", "content": "这是一个重要的消息，记住目标", "metadata": {}}}
{"timestamp": "2026-06-21T20:32:01.329671", "event": "message_added", "data": {"project_id": "33a9235f-b64b-49f4-84a5-2c6df1f1e9c9", "conversation_id": "4a3a2193-b662-4b51-bacf-3fa34536e11f", "message_id": "f89bf252-42d4-4fd9-b5f6-ae2daa872033", "role": "user", "content": "Hello", "metadata": {}}}
{"timestamp": "2026-06-21T20:32:01.360060", "event": "context_built", "data": {"project": "上下文测试"}}
{"timestamp": "2026-06-21T20:33:03.902022", "event": "message_added", "data": {"project_id": "552a69ff-6304-4433-93bd-415a16cc1da2", "conversation_id": "5c9781d7-25bb-4ee4-94df-c48268b4fa65", "message_id": "121b80aa-1091-4c14-a163-aac6324693a7", "role": "user", "content": "Hello, world!", "metadata": {}}}
{"timestamp": "2026-06-21T20:33:03.990692", "event": "message_added", "data": {"project_id": "01c4ac57-1c32-4248-a146-292a45fb36b4", "conversation_id": "5ac99c95-0f2f-451a-adc0-42a03a137dd3", "message_id": "3a94eddd-51ef-4f3f-923a-d35b467ae519", "role": "user", "content": "Message 1", "metadata": {}}}
{"timestamp": "2026-06-21T20:33:03.991413", "event": "message_added", "data": {"project_id": "01c4ac57-1c32-4248-a146-292a45fb36b4", "conversation_id": "5ac99c95-0f2f-451a-adc0-42a03a137dd3", "message_id": "93d22022-1b77-4302-946d-7146a6ac29ab", "role": "assistant", "content": "Response 1", "metadata": {}}}
{"timestamp": "2026-06-21T20:33:04.100395", "event": "message_added", "data": {"project_id": "0b5e615e-47c2-45eb-be0a-1ad308e13829", "conversation_id": "d0373e80-75f1-4ade-b537-fb1d7996d0f7", "message_id": "ceef0ecd-e1cb-486e-aca9-911930897abd", "role": "user", "content": "这是一个重要的消息，记住目标", "metadata": {}}}
{"timestamp": "2026-06-21T20:33:04.366314", "event": "message_added", "data": {"project_id": "d4962677-9747-4bcb-9288-9360f8d02def", "conversation_id": "0dae405e-2b56-4874-bc0c-fd3b8f26b2ed", "message_id": "db5cb2cb-2ca9-4f09-b5a6-aa5b7343d727", "role": "user", "content": "Hello", "metadata": {}}}
{"timestamp": "2026-06-21T20:33:04.396541", "event": "context_built", "data": {"project": "上下文测试"}}
{"timestamp": "2026-06-21T20:35:11.230761", "event": "message_added", "data": {"project_id": "4f06b742-ecb1-44e5-98b4-801db1acb85d", "conversation_id": "4fa746c5-2898-4374-b145-e4dc28e35647", "message_id": "52345ceb-bae4-40cb-af67-1de5bd2bb4b1", "role": "user", "content": "Hello, world!", "metadata": {}}}
{"timestamp": "2026-06-21T20:35:11.350591", "event": "message_added", "data": {"project_id": "d5f69690-a7a8-4996-ac82-94607d918948", "conversation_id": "c871be54-f443-4ed3-bdba-9ee7e9228cc4", "message_id": "4b7b47b6-6c17-4840-985c-05ecc39135b2", "role": "user", "content": "Message 1", "metadata": {}}}
{"timestamp": "2026-06-21T20:35:11.351410", "event": "message_added", "data": {"project_id": "d5f69690-a7a8-4996-ac82-94607d918948", "conversation_id": "c871be54-f443-4ed3-bdba-9ee7e9228cc4", "message_id": "41e4d1f3-4dd6-4645-ad0d-f0200052b285", "role": "assistant", "content": "Response 1", "metadata": {}}}
{"timestamp": "2026-06-21T20:35:11.464058", "event": "message_added", "data": {"project_id": "c99a0aaa-a76e-4044-8dfd-16852232f240", "conversation_id": "64372fdc-9319-4574-8a66-8d45e90ca302", "message_id": "ba65a91d-1bda-47dd-a3b1-5b08e18b20ab", "role": "user", "content": "这是一个重要的消息，记住目标", "metadata": {}}}
{"timestamp": "2026-06-21T20:35:11.738435", "event": "message_added", "data": {"project_id": "d1c97b61-d1df-4a35-b78b-f0868252c4cd", "conversation_id": "cdf69cf3-4224-423d-81bc-5bd8071f80fb", "message_id": "ae87d072-c9f3-405b-b79d-e2ce3a3e833a", "role": "user", "content": "Hello", "metadata": {}}}
{"timestamp": "2026-06-21T20:35:11.769858", "event": "context_built", "data": {"project": "上下文测试"}}
{"timestamp": "2026-06-21T20:36:20.839459", "event": "message_added", "data": {"project_id": "6fe08e1e-e3b0-422a-9021-2aad135ce056", "conversation_id": "4bd9a3ba-fed7-4d9b-a64f-398645814bbb", "message_id": "3cccf7f5-90c1-4bf0-9ce0-0ca8238a480c", "role": "user", "content": "Hello, world!", "metadata": {}}}
{"timestamp": "2026-06-21T20:36:20.942264", "event": "message_added", "data": {"project_id": "fb434bf9-42fb-46a8-965d-d26ee614de85", "conversation_id": "a072d4cb-1160-46aa-90c0-f64f65b70052", "message_id": "c1662604-dfb7-4630-a0c6-5898cadb6f1a", "role": "user", "content": "Message 1", "metadata": {}}}
{"timestamp": "2026-06-21T20:36:20.943132", "event": "message_added", "data": {"project_id": "fb434bf9-42fb-46a8-965d-d26ee614de85", "conversation_id": "a072d4cb-1160-46aa-90c0-f64f65b70052", "message_id": "13a63ab5-7713-4669-a55f-5cf0d40f12e1", "role": "assistant", "content": "Response 1", "metadata": {}}}
{"timestamp": "2026-06-21T20:36:21.070214", "event": "message_added", "data": {"project_id": "ef5df9ab-8f33-4fe0-87b9-fdedb58eaa15", "conversation_id": "44dff2ac-5cd6-4793-86ca-ae77722ed037", "message_id": "49fecff7-c924-4fe9-bc98-42fd2577566e", "role": "user", "content": "这是一个重要的消息，记住目标", "metadata": {}}}
{"timestamp": "2026-06-21T20:36:21.391073", "event": "message_added", "data": {"project_id": "5b552024-1f19-49af-98b0-a0141b412101", "conversation_id": "a6591f98-e920-4281-8dcf-38d053a0d31f", "message_id": "95ac3e9f-f892-4547-8385-68a833d9ee4f", "role": "user", "content": "Hello", "metadata": {}}}
{"timestamp": "2026-06-21T20:36:21.427503", "event": "context_built", "data": {"project": "上下文测试"}}
{"timestamp": "2026-06-21T20:37:45.487505", "event": "message_added", "data": {"project_id": "984b640f-46eb-45bd-b32e-3ec3244a2061", "conversation_id": "377096b4-db6e-4592-a6fa-30016f6d8789", "message_id": "518da14e-a5cb-42b4-8492-1c206861d346", "role": "user", "content": "Hello, world!", "metadata": {}}}
{"timestamp": "2026-06-21T20:37:45.581516", "event": "message_added", "data": {"project_id": "a636d660-c1a2-40ac-bcd0-b4451abc287d", "conversation_id": "ace094b3-4e58-4f2a-ba51-17c0c08a69c6", "message_id": "5a04ccd9-7ff7-4c84-84a1-6b8764f84ec5", "role": "user", "content": "Message 1", "metadata": {}}}
{"timestamp": "2026-06-21T20:37:45.582271", "event": "message_added", "data": {"project_id": "a636d660-c1a2-40ac-bcd0-b4451abc287d", "conversation_id": "ace094b3-4e58-4f2a-ba51-17c0c08a69c6", "message_id": "9f366aaa-4398-40dc-a2aa-c43ad0426e7b", "role": "assistant", "content": "Response 1", "metadata": {}}}
{"timestamp": "2026-06-21T20:37:45.694865", "event": "message_added", "data": {"project_id": "005f7383-0ff3-4472-a64f-e16e889854b9", "conversation_id": "342fe7e7-99d6-4362-ab5b-19c2c1e4674e", "message_id": "45298155-bda1-44fc-9567-fea49860c172", "role": "user", "content": "这是一个重要的消息，记住目标", "metadata": {}}}
{"timestamp": "2026-06-21T20:37:45.978235", "event": "message_added", "data": {"project_id": "383b4fe2-2b8a-476e-9105-f335c19741bb", "conversation_id": "d0f9c77f-9804-4ddf-9efc-dc901d02c194", "message_id": "6c71001f-3230-4f46-8a31-713e950056ec", "role": "user", "content": "Hello", "metadata": {}}}
{"timestamp": "2026-06-21T20:37:46.012509", "event": "context_built", "data": {"project": "上下文测试"}}
{"timestamp": "2026-06-21T20:39:01.311162", "event": "message_added", "data": {"project_id": "0598b030-ecc5-4865-b935-a6a557a1c397", "conversation_id": "b75876e7-6749-4b6e-9c57-d10b95853d7f", "message_id": "2c4f2d9a-cde7-45f7-8a68-4a2634cda18b", "role": "user", "content": "Hello, world!", "metadata": {}}}
{"timestamp": "2026-06-21T20:39:01.404758", "event": "message_added", "data": {"project_id": "d67c3387-a6ad-4d06-9af5-f01882e5579a", "conversation_id": "5209533a-563e-4860-bc1c-545d4c830c5a", "message_id": "7d7f593e-4511-42e2-9f64-9d24a445c2a0", "role": "user", "content": "Message 1", "metadata": {}}}
{"timestamp": "2026-06-21T20:39:01.405907", "event": "message_added", "data": {"project_id": "d67c3387-a6ad-4d06-9af5-f01882e5579a", "conversation_id": "5209533a-563e-4860-bc1c-545d4c830c5a", "message_id": "89047107-4caf-4174-962f-40c13cb4bb25", "role": "assistant", "content": "Response 1", "metadata": {}}}
{"timestamp": "2026-06-21T20:39:01.530391", "event": "message_added", "data": {"project_id": "84dcc616-d8e9-49c5-9853-2e203f202cbe", "conversation_id": "42b51d67-00c1-493c-bf10-a5769c9955d9", "message_id": "612ee577-be4f-4fd8-a05e-a54c9f57ffd3", "role": "user", "content": "这是一个重要的消息，记住目标", "metadata": {}}}
{"timestamp": "2026-06-21T20:39:01.847116", "event": "message_added", "data": {"project_id": "d7606367-0ef0-4c14-81d0-0af05e1403ed", "conversation_id": "cd4a6af7-0376-4912-bec2-082aba26d2b1", "message_id": "9c44e416-8963-4a5d-9b30-37b07fae02ef", "role": "user", "content": "Hello", "metadata": {}}}
{"timestamp": "2026-06-21T20:39:01.887266", "event": "context_built", "data": {"project": "上下文测试"}}
{"timestamp": "2026-06-21T20:40:04.274268", "event": "message_added", "data": {"project_id": "93cf48a6-6d1b-4cef-b688-50e04c03921b", "conversation_id": "432d6b46-dea4-4791-a7d1-6224a76322b4", "message_id": "d4184eeb-a7a1-43d5-94f7-0c63c5bcc3cd", "role": "user", "content": "Hello, world!", "metadata": {}}}
{"timestamp": "2026-06-21T20:40:04.385280", "event": "message_added", "data": {"project_id": "22539096-74c5-4ff7-9564-35a70fcb3671", "conversation_id": "72b7f8b5-8cf5-43b0-b276-ee60853f22cf", "message_id": "27b50a1b-6b77-4d36-b761-02f4fc43af96", "role": "user", "content": "Message 1", "metadata": {}}}
{"timestamp": "2026-06-21T20:40:04.386284", "event": "message_added", "data": {"project_id": "22539096-74c5-4ff7-9564-35a70fcb3671", "conversation_id": "72b7f8b5-8cf5-43b0-b276-ee60853f22cf", "message_id": "05982e63-163d-4232-b239-e5f3127cb6ac", "role": "assistant", "content": "Response 1", "metadata": {}}}
{"timestamp": "2026-06-21T20:40:04.507530", "event": "message_added", "data": {"project_id": "bb3e05f5-1bde-4979-b272-b0417c23f316", "conversation_id": "bb1e3fce-b4d8-4f67-9d95-e20ac648820c", "message_id": "ff7bc973-191a-427f-b674-0bd4b8aa2db3", "role": "user", "content": "这是一个重要的消息，记住目标", "metadata": {}}}
{"timestamp": "2026-06-21T20:40:04.830043", "event": "message_added", "data": {"project_id": "3fecad32-15ff-4b44-8e34-ea376919b21d", "conversation_id": "810c917a-d141-464c-85d9-031cdcfa2124", "message_id": "b23d5a4b-fc85-4587-94b5-10e2fdd4c505", "role": "user", "content": "Hello", "metadata": {}}}
{"timestamp": "2026-06-21T20:40:04.864368", "event": "context_built", "data": {"project": "上下文测试"}}
{"timestamp": "2026-06-21T20:41:06.500445", "event": "message_added", "data": {"project_id": "bfa02956-a513-4691-b013-0d91fbc0e09d", "conversation_id": "aea88700-4ded-4eba-94fb-1630c657974a", "message_id": "d69dab97-d666-4d98-8ef6-629eaa9a17e7", "role": "user", "content": "Hello, world!", "metadata": {}}}
{"timestamp": "2026-06-21T20:41:06.596489", "event": "message_added", "data": {"project_id": "25152658-329a-4702-948c-d76ee009e67c", "conversation_id": "b821c038-0d16-4c4e-afd4-93d3c4e5af07", "message_id": "422c597b-9f0d-4011-a8f9-287f1c8f9e44", "role": "user", "content": "Message 1", "metadata": {}}}
{"timestamp": "2026-06-21T20:41:06.597030", "event": "message_added", "data": {"project_id": "25152658-329a-4702-948c-d76ee009e67c", "conversation_id": "b821c038-0d16-4c4e-afd4-93d3c4e5af07", "message_id": "1d7ecd3d-88cc-4192-bdef-589090f00d1c", "role": "assistant", "content": "Response 1", "metadata": {}}}
{"timestamp": "2026-06-21T20:41:06.720574", "event": "message_added", "data": {"project_id": "274506a7-4646-431d-a52f-7cfc5556312e", "conversation_id": "338e9736-cac2-46f6-9af0-c604880c1d32", "message_id": "de33a816-34a3-40b9-baaf-f26279bd048d", "role": "user", "content": "这是一个重要的消息，记住目标", "metadata": {}}}
{"timestamp": "2026-06-21T20:41:07.022782", "event": "message_added", "data": {"project_id": "b7d8415a-b870-4bbc-a6ad-89d13c176148", "conversation_id": "17f0f1f3-656e-42f7-a124-45dfcf276d2a", "message_id": "68d50421-223c-4e41-8587-c612100dbb94", "role": "user", "content": "Hello", "metadata": {}}}
{"timestamp": "2026-06-21T20:41:07.060217", "event": "context_built", "data": {"project": "上下文测试"}}
{"timestamp": "2026-06-21T20:42:09.384702", "event": "message_added", "data": {"project_id": "82d55e07-521f-43a6-82ae-1b79ec72ccb8", "conversation_id": "bd8a400d-7744-4cfd-bca2-b34a0dc90335", "message_id": "0826198f-7b5e-4a1f-a7d3-c1fc11c54834", "role": "user", "content": "Hello, world!", "metadata": {}}}
{"timestamp": "2026-06-21T20:42:09.482677", "event": "message_added", "data": {"project_id": "2d4add19-6b78-4abe-83ec-dff7583cb2be", "conversation_id": "09c5a442-d480-416a-a337-05171471c468", "message_id": "d31bbde6-dee6-497e-9000-a7c569a1c947", "role": "user", "content": "Message 1", "metadata": {}}}
{"timestamp": "2026-06-21T20:42:09.483400", "event": "message_added", "data": {"project_id": "2d4add19-6b78-4abe-83ec-dff7583cb2be", "conversation_id": "09c5a442-d480-416a-a337-05171471c468", "message_id": "6b1d4872-2969-4b3e-97dc-ee7a6051d94d", "role": "assistant", "content": "Response 1", "metadata": {}}}
{"timestamp": "2026-06-21T20:42:09.602230", "event": "message_added", "data": {"project_id": "a54e9521-3364-4265-9994-be342f468b6e", "conversation_id": "2d6e4b30-1f0c-44ad-be73-ad59d3dcd863", "message_id": "07bd3090-a430-463b-b501-7879d611b5a0", "role": "user", "content": "这是一个重要的消息，记住目标", "metadata": {}}}
{"timestamp": "2026-06-21T20:42:09.900665", "event": "message_added", "data": {"project_id": "9471bd87-3edc-4d4b-8154-4e4530b340ad", "conversation_id": "99bfdb9f-acc5-4a6e-8164-2f5f71cbdf14", "message_id": "535bb7a6-2159-408d-911b-2fb5b999a41a", "role": "user", "content": "Hello", "metadata": {}}}
{"timestamp": "2026-06-21T20:42:09.934876", "event": "context_built", "data": {"project": "上下文测试"}}
{"timestamp": "2026-06-21T20:43:14.586019", "event": "message_added", "data": {"project_id": "acd5626b-776d-4dae-b2af-a82e518f6b40", "conversation_id": "48b042ff-a420-4d23-a171-72db56fb1a0c", "message_id": "193266dd-e33a-4020-8b83-db97c0ff59cd", "role": "user", "content": "Hello, world!", "metadata": {}}}
{"timestamp": "2026-06-21T20:43:14.677439", "event": "message_added", "data": {"project_id": "6beccac1-055d-4584-8087-18e8a4380302", "conversation_id": "13d36812-2687-4b45-a57b-f92ef224a4f2", "message_id": "f278bc4d-d906-44ea-b746-e04a3688a449", "role": "user", "content": "Message 1", "metadata": {}}}
{"timestamp": "2026-06-21T20:43:14.678347", "event": "message_added", "data": {"project_id": "6beccac1-055d-4584-8087-18e8a4380302", "conversation_id": "13d36812-2687-4b45-a57b-f92ef224a4f2", "message_id": "337f4ce7-d6a9-4601-b33e-68411f3794cc", "role": "assistant", "content": "Response 1", "metadata": {}}}
{"timestamp": "2026-06-21T20:43:14.800093", "event": "message_added", "data": {"project_id": "9a0e0ffc-3ed4-4de0-ad6d-d82b10e7e954", "conversation_id": "c9b52e4f-1788-4ff4-8e57-2999da05c025", "message_id": "ae79b502-598b-42a6-a498-f796a17e0b3d", "role": "user", "content": "这是一个重要的消息，记住目标", "metadata": {}}}
{"timestamp": "2026-06-21T20:43:15.097164", "event": "message_added", "data": {"project_id": "2543923a-2c4c-419e-b606-210eb3d56e54", "conversation_id": "6f095066-c52c-4c3e-89f8-728892a6ae98", "message_id": "a3c4d277-4e0f-4c51-9aff-20dff3d9fa4b", "role": "user", "content": "Hello", "metadata": {}}}
{"timestamp": "2026-06-21T20:43:15.131769", "event": "context_built", "data": {"project": "上下文测试"}}
{"timestamp": "2026-06-21T20:45:28.820227", "event": "message_added", "data": {"project_id": "cdd99eab-4fdc-44de-bbf1-e9bf8ed2704e", "conversation_id": "e004c78e-c68b-4f18-ab60-d5efeeb32b74", "message_id": "09e1cc73-bd47-4d4f-a473-7c9cb2482b08", "role": "user", "content": "Hello, world!", "metadata": {}}}
{"timestamp": "2026-06-21T20:45:28.922304", "event": "message_added", "data": {"project_id": "349ebacd-0621-4204-9bb8-6032800386ce", "conversation_id": "26c106b2-db2a-4c31-84c3-c2aa54285b57", "message_id": "5d466f16-1567-4485-90ff-4fdfcf87c7af", "role": "user", "content": "Message 1", "metadata": {}}}
{"timestamp": "2026-06-21T20:45:28.923215", "event": "message_added", "data": {"project_id": "349ebacd-0621-4204-9bb8-6032800386ce", "conversation_id": "26c106b2-db2a-4c31-84c3-c2aa54285b57", "message_id": "96e3f21a-6e01-417e-a8ed-da269bbe6276", "role": "assistant", "content": "Response 1", "metadata": {}}}
{"timestamp": "2026-06-21T20:45:29.049971", "event": "message_added", "data": {"project_id": "aa153164-7789-488f-9d09-753a0773c06f", "conversation_id": "fbc64e21-c004-44ab-a706-425c96f62bf1", "message_id": "569c7f1f-c3d0-47fd-9d83-b3fb09f823ad", "role": "user", "content": "这是一个重要的消息，记住目标", "metadata": {}}}
{"timestamp": "2026-06-21T20:45:29.363225", "event": "message_added", "data": {"project_id": "8cbd1a2c-712b-4399-9dc5-7ebfb73ddb8a", "conversation_id": "6728846f-0c38-4a75-b2d5-2ba5b31a3ec7", "message_id": "6e3f6e5f-779e-451f-a3fc-0b5177448ef2", "role": "user", "content": "Hello", "metadata": {}}}
{"timestamp": "2026-06-21T20:45:29.400330", "event": "context_built", "data": {"project": "上下文测试"}}
{"timestamp": "2026-06-21T20:47:13.075450", "event": "message_added", "data": {"project_id": "be8e379a-eb51-4f25-bf77-71ece65958b4", "conversation_id": "da156b65-d383-4c61-880b-ef54e43cf2db", "message_id": "f003408b-d02e-4b6c-8536-e00d2b870663", "role": "user", "content": "Hello, world!", "metadata": {}}}
{"timestamp": "2026-06-21T20:47:13.171611", "event": "message_added", "data": {"project_id": "d6f94833-7275-4680-8e19-1f69ada05f4f", "conversation_id": "c924e3bd-ab08-4505-8b7a-c73d8cf3ae4a", "message_id": "d9852f5c-c638-499f-92aa-8b214f498198", "role": "user", "content": "Message 1", "metadata": {}}}
{"timestamp": "2026-06-21T20:47:13.172577", "event": "message_added", "data": {"project_id": "d6f94833-7275-4680-8e19-1f69ada05f4f", "conversation_id": "c924e3bd-ab08-4505-8b7a-c73d8cf3ae4a", "message_id": "28216ecf-c908-4808-8777-0e16668e21aa", "role": "assistant", "content": "Response 1", "metadata": {}}}
{"timestamp": "2026-06-21T20:47:13.287667", "event": "message_added", "data": {"project_id": "6734fab7-20b3-4b25-8743-30df98dffac3", "conversation_id": "735f1003-5b6a-4515-9a16-e3e120922156", "message_id": "53239926-1d9b-4a1b-b88f-b7afe142147f", "role": "user", "content": "这是一个重要的消息，记住目标", "metadata": {}}}
{"timestamp": "2026-06-21T20:47:13.577307", "event": "message_added", "data": {"project_id": "22d6abb7-00b2-44b9-9ae0-fce2cf63a177", "conversation_id": "0e67b3dd-134d-4325-a0c1-60864952984b", "message_id": "2f28187c-d278-46ea-9460-ed0bf0e4dfa2", "role": "user", "content": "Hello", "metadata": {}}}
{"timestamp": "2026-06-21T20:47:13.611168", "event": "context_built", "data": {"project": "上下文测试"}}
{"timestamp": "2026-06-21T20:48:18.052028", "event": "message_added", "data": {"project_id": "bded5a97-6387-4bed-8d81-c2ce3df4a621", "conversation_id": "1f215a48-74d3-4457-b2ea-fc6c2c107bdf", "message_id": "3dc16468-b451-4f70-9444-49803ad93f6d", "role": "user", "content": "Hello, world!", "metadata": {}}}
{"timestamp": "2026-06-21T20:48:18.151754", "event": "message_added", "data": {"project_id": "ea3a37b6-4363-4306-b9f0-ee11ac5f0d3c", "conversation_id": "d1a0310c-43f3-43d2-a4d9-e2073e7c7b23", "message_id": "e9ab2d6c-f408-4d28-9770-09897e52defd", "role": "user", "content": "Message 1", "metadata": {}}}
{"timestamp": "2026-06-21T20:48:18.152362", "event": "message_added", "data": {"project_id": "ea3a37b6-4363-4306-b9f0-ee11ac5f0d3c", "conversation_id": "d1a0310c-43f3-43d2-a4d9-e2073e7c7b23", "message_id": "ceee0f9d-fccb-417a-9ab0-b848b84c04d4", "role": "assistant", "content": "Response 1", "metadata": {}}}
{"timestamp": "2026-06-21T20:48:18.273236", "event": "message_added", "data": {"project_id": "c20a5718-bb90-4e2e-9b46-e1e4687dc0d1", "conversation_id": "9365a2cb-8bf9-43f4-8c8b-a1fb3e0faf43", "message_id": "46daaf3e-1f28-4957-996d-0032efca4865", "role": "user", "content": "这是一个重要的消息，记住目标", "metadata": {}}}
{"timestamp": "2026-06-21T20:48:18.573461", "event": "message_added", "data": {"project_id": "797e2ad1-ee77-44b6-a415-0cde5db8b6fc", "conversation_id": "dd6722b9-7bfb-4b00-a3a7-231990421993", "message_id": "ed9e6593-4a2e-428f-a54d-e73c6d8b3b5a", "role": "user", "content": "Hello", "metadata": {}}}
{"timestamp": "2026-06-21T20:48:18.607899", "event": "context_built", "data": {"project": "上下文测试"}}
{"timestamp": "2026-06-21T20:49:29.613112", "event": "message_added", "data": {"project_id": "1aeccbdc-48ef-462d-887b-d24c16410fc0", "conversation_id": "8a8f3d00-8f2b-457e-a448-54e0c5a5c9b0", "message_id": "2d3c94a0-07a9-4fee-909b-fe1ce596ebaa", "role": "user", "content": "Hello, world!", "metadata": {}}}
{"timestamp": "2026-06-21T20:49:29.722662", "event": "message_added", "data": {"project_id": "80e00ce8-d66b-4695-9c7b-cb38d96b9157", "conversation_id": "787cd4f9-d647-4272-ae24-4d0e4bbd0eb1", "message_id": "e0ec976b-2d92-4fda-a32f-6056c591e239", "role": "user", "content": "Message 1", "metadata": {}}}
{"timestamp": "2026-06-21T20:49:29.723831", "event": "message_added", "data": {"project_id": "80e00ce8-d66b-4695-9c7b-cb38d96b9157", "conversation_id": "787cd4f9-d647-4272-ae24-4d0e4bbd0eb1", "message_id": "4a4c5cea-1a3a-4f5b-a4f6-c72f839335a3", "role": "assistant", "content": "Response 1", "metadata": {}}}
{"timestamp": "2026-06-21T20:49:29.853270", "event": "message_added", "data": {"project_id": "57a8e079-4200-4151-b041-a63545d2bbc7", "conversation_id": "ee1b7dfe-d823-4498-8e60-19f3e39322b1", "message_id": "5c515076-bd13-477c-a5db-2816d7ca4851", "role": "user", "content": "这是一个重要的消息，记住目标", "metadata": {}}}
{"timestamp": "2026-06-21T20:49:30.180686", "event": "message_added", "data": {"project_id": "9443983f-1b3c-4b5f-a440-f2bc44b75078", "conversation_id": "8d096843-be7b-4de5-8e3a-2b1b20793534", "message_id": "ce0e00b6-d857-4055-8708-411716a23d79", "role": "user", "content": "Hello", "metadata": {}}}
{"timestamp": "2026-06-21T20:49:30.220287", "event": "context_built", "data": {"project": "上下文测试"}}
{"timestamp": "2026-06-21T20:52:43.397887", "event": "message_added", "data": {"project_id": "5106ae7e-bce2-4e31-870c-0f77e6326922", "conversation_id": "ef7d8566-f7fe-44cd-a4cd-a130aae077b3", "message_id": "cd525034-b94a-4fc1-85ad-42c32538a1b2", "role": "user", "content": "Hello, world!", "metadata": {}}}
{"timestamp": "2026-06-21T20:52:43.521498", "event": "message_added", "data": {"project_id": "c3610147-4ff9-4596-9d76-4d3bb079098c", "conversation_id": "50d1e0b4-32c8-40b5-830b-cc89cea18d17", "message_id": "c5621ef0-3b8e-470c-b715-ea62d5a4438e", "role": "user", "content": "Message 1", "metadata": {}}}
{"timestamp": "2026-06-21T20:52:43.522523", "event": "message_added", "data": {"project_id": "c3610147-4ff9-4596-9d76-4d3bb079098c", "conversation_id": "50d1e0b4-32c8-40b5-830b-cc89cea18d17", "message_id": "1f36af86-7d4b-447b-83d3-8cb1afe179b3", "role": "assistant", "content": "Response 1", "metadata": {}}}
{"timestamp": "2026-06-21T20:52:43.654136", "event": "message_added", "data": {"project_id": "cfa501fa-cfd3-4228-9437-b15d18c33104", "conversation_id": "7dbed460-7f02-4a1c-81cc-cfb5377d8c37", "message_id": "abc49f1c-5823-4d3a-acfa-bc4c892701a3", "role": "user", "content": "这是一个重要的消息，记住目标", "metadata": {}}}
{"timestamp": "2026-06-21T20:52:43.990528", "event": "message_added", "data": {"project_id": "0e8c2c4c-c206-425b-96d1-615c6add3cef", "conversation_id": "83d6e562-466c-426b-bca2-87aa5ee469fa", "message_id": "909a4ac9-690f-4ed2-8f7b-ccacbd5addbb", "role": "user", "content": "Hello", "metadata": {}}}
{"timestamp": "2026-06-21T20:52:44.028097", "event": "context_built", "data": {"project": "上下文测试"}}
{"timestamp": "2026-06-21T20:55:18.234244", "event": "message_added", "data": {"project_id": "7039dcbf-186c-4d2b-9445-96874eb7331e", "conversation_id": "47dc0eda-49eb-4c95-ae36-76da1e2f1c38", "message_id": "c69bda0f-dd4d-4290-b709-a58ce4eab250", "role": "user", "content": "Hello, world!", "metadata": {}}}
{"timestamp": "2026-06-21T20:55:18.343094", "event": "message_added", "data": {"project_id": "2c4bfdff-9b10-4ca9-a9ed-29a0c87bef7b", "conversation_id": "6b559cac-35c9-4ffe-ace1-4459f58fba1a", "message_id": "115a5f67-52e3-45a3-bd7c-438f8acd9ee7", "role": "user", "content": "Message 1", "metadata": {}}}
{"timestamp": "2026-06-21T20:55:18.344211", "event": "message_added", "data": {"project_id": "2c4bfdff-9b10-4ca9-a9ed-29a0c87bef7b", "conversation_id": "6b559cac-35c9-4ffe-ace1-4459f58fba1a", "message_id": "3b711645-06eb-46b0-8294-20466775d4ef", "role": "assistant", "content": "Response 1", "metadata": {}}}
{"timestamp": "2026-06-21T20:55:18.475741", "event": "message_added", "data": {"project_id": "9c5532bd-0539-4344-b060-958a2be15c0c", "conversation_id": "87ecad35-eeb4-44e2-b873-dbbb1a95c238", "message_id": "1add2976-a826-45b2-8b66-877bfd32602a", "role": "user", "content": "这是一个重要的消息，记住目标", "metadata": {}}}
{"timestamp": "2026-06-21T20:55:18.822058", "event": "message_added", "data": {"project_id": "33c4d817-c96a-4841-9c31-6a496f0e1d18", "conversation_id": "70abe435-8da1-4597-b34d-96c83a83b426", "message_id": "e3230f62-5457-440e-9204-6041411b6ca1", "role": "user", "content": "Hello", "metadata": {}}}
{"timestamp": "2026-06-21T20:55:18.861808", "event": "context_built", "data": {"project": "上下文测试"}}
{"timestamp": "2026-06-21T20:56:41.998265", "event": "message_added", "data": {"project_id": "4aaadb13-bc0d-423d-998f-22a38ba46899", "conversation_id": "3516fc2e-9061-47c7-99b1-064996082217", "message_id": "68a87a51-8cee-4c34-a2fe-6dfa0f8d7616", "role": "user", "content": "Hello, world!", "metadata": {}}}
{"timestamp": "2026-06-21T20:56:42.095900", "event": "message_added", "data": {"project_id": "438bb7cb-eccb-45f2-89a3-97bb233831b6", "conversation_id": "a7d4d8c9-f635-4f6f-ae86-a439aef91097", "message_id": "04da81eb-9b23-43b6-b694-b7d95880044b", "role": "user", "content": "Message 1", "metadata": {}}}
{"timestamp": "2026-06-21T20:56:42.096523", "event": "message_added", "data": {"project_id": "438bb7cb-eccb-45f2-89a3-97bb233831b6", "conversation_id": "a7d4d8c9-f635-4f6f-ae86-a439aef91097", "message_id": "4ed22dcd-e152-4ebd-a716-1bfffe30565c", "role": "assistant", "content": "Response 1", "metadata": {}}}
{"timestamp": "2026-06-21T20:56:42.219168", "event": "message_added", "data": {"project_id": "aba4f453-4f04-48a7-8263-04c7796a358b", "conversation_id": "8d46557c-9371-4733-b524-d37929997eb3", "message_id": "5cea2525-cd07-401a-9a59-bc2b3b05a69a", "role": "user", "content": "这是一个重要的消息，记住目标", "metadata": {}}}
{"timestamp": "2026-06-21T20:56:42.527378", "event": "message_added", "data": {"project_id": "ce4269ef-39dc-4166-93f8-059e0de560cf", "conversation_id": "0be55525-7909-4c6c-8938-58319a31b7e3", "message_id": "b60fd2d3-274f-4d59-8865-cf3f5a51c53a", "role": "user", "content": "Hello", "metadata": {}}}
{"timestamp": "2026-06-21T20:56:42.563613", "event": "context_built", "data": {"project": "上下文测试"}}
