{
  "summary": {
    "Random": {
      "accuracy": 10.550000000000002,
      "cost": 0.5,
      "response_time": 0.04792955753509886
    },
    "Greedy": {
      "accuracy": 14.249999999999998,
      "cost": 0.5,
      "response_time": 0.06519775397100602
    },
    "FreeEnergy": {
      "accuracy": 15.15,
      "cost": 0.1,
      "response_time": 0.31240978900677874
    }
  }
}